-- Adminer 4.6.3 MySQL dump

SET NAMES utf8;
SET time_zone = '+00:00';
SET foreign_key_checks = 0;
SET sql_mode = 'NO_AUTO_VALUE_ON_ZERO';

INSERT INTO `event` (`id`, `name`, `locality`) VALUES
(1,	'Furčiansky maratón',	'Košice'),
(2,	'eXtrém maratón',	'Košice'),
(3,	'Štafetový maratón',	'Košice');

INSERT INTO `result` (`id`, `run_id`, `runner_id`, `place`, `finish_time`, `category`, `team`, `running_number`) VALUES
(1,	1,	1,	1,	'02:46:29',	'C',	'OŠK Blažice',	'0'),
(2,	1,	2,	2,	'02:54:10',	'A',	'Radek KE',	'0'),
(3,	6,	2,	6,	'03:09:58',	'B',	'Radek Košice',	'39'),
(4,	9,	2,	3,	'02:54:10',	'B',	'Radek Košice',	'31'),
(5,	12,	2,	2,	'02:55:40',	'B',	'Radek Košice',	'47'),
(6,	15,	2,	3,	'02:56:18',	'B',	'Ťahanovce obec MČ',	'45'),
(7,	17,	2,	3,	'03:07:58',	'e',	'Ťahanovce obec MČ',	'16'),
(8,	18,	2,	3,	'02:56:50',	'B',	'Ťahanovce Obec',	'25'),
(9,	20,	2,	1,	'02:55:54',	'B',	'Tahanovce obec MC Košice',	'20'),
(10,	21,	2,	1,	'02:50:40',	'B',	'MČ Ťahanovce - obec',	'21'),
(11,	24,	2,	7,	'03:06:41',	'B',	'MČ Ťahanovce',	'1'),
(12,	26,	2,	5,	'03:13:46',	'B',	'MČ-Tahanovce',	'31'),
(13,	27,	2,	7,	'03:14:39',	'B',	'MČ - Ťahanovce',	'39'),
(14,	30,	2,	5,	'03:02:55',	'B',	'MC-Ťahanovce- Tiháň',	'28'),
(15,	39,	2,	16,	'03:38:10',	'C',	'MFK Ťahanovce-obec',	'35'),
(16,	1,	3,	3,	'02:59:17',	'B',	'BK STEEL KE',	'0'),
(17,	4,	3,	5,	'01:25:19',	's',	'Tube City Košice',	'60'),
(18,	6,	3,	4,	'02:55:19',	'B',	'BK Steel Košice',	'44'),
(19,	9,	3,	5,	'02:55:17',	'B',	'EQES Steel Košice',	'35'),
(20,	12,	3,	6,	'03:03:23',	'C',	'BK Steel Košice',	'41'),
(21,	15,	3,	9,	'03:17:19',	'C',	'EQ Steel Košice',	'42'),
(22,	18,	3,	6,	'03:09:07',	'C',	'BK Steel Košice',	'42'),
(23,	21,	3,	12,	'03:14:38',	'C',	'BK Steel Košice',	'49'),
(24,	24,	3,	10,	'03:17:44',	'C',	'Besto Košice',	'41'),
(25,	27,	3,	20,	'03:36:53',	'C',	'BK Steel Košice',	'47'),
(26,	30,	3,	13,	'03:26:00',	'C',	'BK Steel Košice',	'64'),
(27,	33,	3,	18,	'03:28:12',	'C',	'BK Steel Košice',	'53'),
(28,	36,	3,	13,	'03:39:57',	'C',	'BK Steel Košice ',	'24'),
(29,	39,	3,	20,	'03:47:32',	'C',	'BK Steel Košice',	'43'),
(30,	42,	3,	20,	'03:37:13',	'D',	'BK Steel Košice',	'85'),
(31,	45,	3,	23,	'03:57:17',	'D',	'Belle Export-Import Košice',	'19'),
(32,	1,	4,	4,	'03:11:49',	'B',	'Geoma KE',	'0'),
(33,	4,	4,	1,	'01:22:41',	's',	'Geoma Košice',	'65'),
(34,	15,	4,	43,	'00:00:00',	'B',	'Geoma Košice',	'31'),
(35,	19,	4,	7,	'01:31:20',	's',	'GEOMA Košice',	'14A'),
(36,	21,	4,	7,	'03:09:18',	'C',	'Geoma Košice',	'47'),
(37,	27,	4,	2,	'03:04:58',	'C',	'GEOMA ',	'15'),
(38,	1,	5,	5,	'03:16:03',	'C',	'Pošta KE',	'0'),
(39,	3,	5,	5,	'03:17:26',	'C',	'Pošta Košice',	'8'),
(40,	5,	5,	9,	'03:48:24',	'e',	'Pošta Košice',	'0'),
(41,	6,	5,	19,	'03:49:29',	'C',	'Pošta Košice',	'34'),
(42,	8,	5,	10,	'04:14:04',	'e',	'O5 BK Furča',	'56'),
(43,	9,	5,	27,	'03:41:09',	'D',	'O5 BK Furča',	'15'),
(44,	11,	5,	20,	'03:52:36',	'D',	'O5 BK Furča- Košice',	'32'),
(45,	12,	5,	27,	'03:45:54',	'D',	'O5 bežecký klub Furča',	'25'),
(46,	15,	5,	23,	'03:41:37',	'D',	'O5 bežecký klub Furča',	'30'),
(47,	17,	5,	17,	'03:59:52',	'e',	'O5 bežecký klub Furča',	'7'),
(48,	18,	5,	36,	'04:06:42',	'D',	'05 BK Furča',	'35'),
(49,	20,	5,	26,	'03:55:25',	'D',	'O5 BK FURČA Košice',	'32'),
(50,	21,	5,	34,	'04:13:18',	'D',	'05 BK Furča Košice',	'41'),
(51,	23,	5,	24,	'04:37:33',	'D',	'05 BK Furča Košice',	'10'),
(52,	24,	5,	21,	'03:47:31',	'D',	'O5 BK Furča Košice',	'4'),
(53,	27,	5,	33,	'03:58:38',	'D',	'O5 Bk Furča',	'5'),
(54,	29,	5,	19,	'04:24:29',	'D',	'O5 BK Furča Košice',	'17'),
(55,	30,	5,	44,	'04:14:50',	'D',	'O5 BK Furča- Košice',	'24'),
(56,	33,	5,	46,	'04:07:31',	'D',	'O5 BK Furča',	'6'),
(57,	36,	5,	43,	'04:49:49',	'D',	'O5 BK Furča Košice',	'42'),
(58,	1,	6,	6,	'03:17:10',	'A',	'KE',	'0'),
(59,	7,	6,	10,	'01:34:08',	's',	'VA TECH Košice',	'93'),
(60,	10,	6,	10,	'01:38:10',	's',	'Košice',	'67'),
(61,	20,	6,	12,	'03:36:20',	'A',	'FORMA WODZISLAW SLASKI',	'34'),
(62,	22,	6,	8,	'01:49:38',	's',	'Forma Wodzislaw ',	'5A'),
(63,	26,	6,	7,	'03:30:10',	'A',	'Forma wodzislaw sl.',	'33'),
(64,	27,	6,	44,	'04:24:21',	'A',	'O5 BK Furca',	'38'),
(65,	30,	6,	32,	'03:52:34',	'A',	'O5 BK Furča- Košice',	'58'),
(66,	1,	7,	7,	'03:21:06',	'B',	'Jazero KE',	'0'),
(67,	3,	7,	12,	'03:26:27',	'B',	'Jazero Košice',	'16'),
(68,	7,	7,	3,	'01:23:43',	's',	'Košice Jazero',	'92'),
(69,	11,	7,	9,	'03:20:36',	'B',	'Jazero Košice',	'22'),
(70,	1,	8,	8,	'03:24:59',	'B',	'BK STEEL KE',	'0'),
(71,	3,	8,	19,	'03:45:15',	'B',	'BK Steel Košice',	'22'),
(72,	5,	8,	8,	'03:45:17',	'e',	'BK Steel Košice',	'0'),
(73,	6,	8,	42,	'00:00:00',	'C',	'BK Steel Košice',	'30'),
(74,	8,	8,	15,	'04:41:08',	'e',	'USS Košice',	'51'),
(75,	9,	8,	26,	'03:39:31',	'C',	'BK Steel Košice',	'16'),
(76,	12,	8,	16,	'03:29:14',	'C',	'BK Steel Košice',	'27'),
(77,	14,	8,	11,	'04:01:55',	'e',	'BK Steel Košice',	'87'),
(78,	15,	8,	22,	'03:39:27',	'C',	'BK Steel Košice',	'25'),
(79,	18,	8,	38,	'04:09:33',	'C',	'BK Steel Košice',	'27'),
(80,	21,	8,	28,	'03:55:49',	'C',	'BK Steel Košice',	'33'),
(81,	23,	8,	27,	'04:46:25',	'C',	'BK Steel Košice',	'24'),
(82,	27,	8,	43,	'04:20:21',	'C',	'BK Steel KE',	'54'),
(83,	30,	8,	54,	'04:40:22',	'C',	'BK Steel Kosice',	'9'),
(84,	33,	8,	50,	'04:25:00',	'C',	'BK Steel Košice',	'59'),
(85,	1,	9,	9,	'03:25:45',	'C',	'BK STEEL KE',	'0'),
(86,	3,	9,	4,	'03:12:30',	'C',	'BK Steel Košice',	'15'),
(87,	9,	9,	19,	'03:29:17',	'C',	'BK Steel Košice',	'28'),
(88,	11,	9,	13,	'03:34:09',	'C',	'BK Steel Košice',	'25'),
(89,	12,	9,	10,	'03:17:57',	'D',	'BK Steel Košice',	'19'),
(90,	19,	9,	11,	'01:41:22',	's',	'BK Steel Košice',	'17A'),
(91,	21,	9,	14,	'03:23:55',	'D',	'BK Steel Košice',	'53'),
(92,	25,	9,	7,	'01:41:16',	's',	'BK Steel Košice',	'13A'),
(93,	28,	9,	15,	'01:42:45',	's',	'BK Steel Košice',	'20A'),
(94,	31,	9,	7,	'01:41:09',	's',	'BK Steel Košice',	'29A'),
(95,	34,	9,	4,	'01:39:49',	's',	'BK Steel Košice',	'14A'),
(96,	35,	9,	35,	'04:57:57',	'D',	'BK STEEL KOŠICE',	'128'),
(97,	1,	10,	10,	'03:25:45',	'A',	'TIK KE',	'0'),
(98,	3,	10,	13,	'03:26:59',	'A',	'Tik Košice',	'26'),
(99,	5,	10,	2,	'03:22:35',	'e',	'TIK Košice',	'0'),
(100,	7,	10,	9,	'01:40:23',	's',	'TIK Košice',	'87'),
(101,	8,	10,	22,	'00:00:00',	'e',	'TIK Košice',	'66'),
(102,	10,	10,	2,	'01:27:54',	's',	'TIK',	'59'),
(103,	11,	10,	7,	'03:19:26',	'A',	'TIK Košice',	'47'),
(104,	12,	10,	14,	'03:27:35',	'A',	'TIK Košice',	'44'),
(105,	17,	10,	6,	'03:29:10',	'e',	'TIK Košice',	'27'),
(106,	23,	10,	5,	'03:37:25',	'A',	'TIK Košice',	'34'),
(107,	26,	10,	11,	'03:36:02',	'A',	'TIK Košice',	'32'),
(108,	29,	10,	4,	'03:23:48',	'A',	'TIK KOSICE',	'34'),
(109,	32,	10,	4,	'03:23:22',	'A',	'TIK Košice',	'124'),
(110,	35,	10,	11,	'03:34:13',	'A',	'TIK KOSICE',	'140'),
(111,	40,	10,	14,	'01:28:55',	's',	'FREE RUNERS',	'12'),
(112,	42,	10,	4,	'03:03:25',	'B',	'FREE RUNNERS',	'45'),
(113,	44,	10,	5,	'03:20:29',	'B',	'FREE RUNNERS',	'113'),
(114,	45,	10,	6,	'03:09:40',	'B',	'FREE RUNNERS',	'6'),
(115,	1,	11,	11,	'03:26:02',	'B',	'o5 SAMOPLAT KE',	'0'),
(116,	3,	11,	8,	'03:21:27',	'B',	'OAVD Košice',	'11'),
(117,	5,	11,	7,	'03:37:35',	'e',	'OAVD Košice',	'0'),
(118,	6,	11,	14,	'03:28:28',	'B',	'O5 BK Furča - Košice',	'16'),
(119,	8,	11,	13,	'04:20:02',	'e',	'O5 BK Furča',	'63'),
(120,	12,	11,	24,	'03:41:52',	'B',	'O5 bežecký klub Furča',	'7'),
(121,	23,	11,	30,	'04:49:51',	'C',	'05 BK Furča Košice',	'44'),
(122,	24,	11,	30,	'04:05:00',	'C',	'O5 BK Furča Košice',	'44'),
(123,	26,	11,	33,	'04:12:16',	'C',	'O5 BK Furča- Košice',	'44'),
(124,	36,	11,	37,	'04:22:44',	'C',	'O5 BK Furča Košice',	'39'),
(125,	38,	11,	21,	'04:25:41',	'C',	'O5 BK Furča-Košice',	'104'),
(126,	39,	11,	37,	'04:08:08',	'C',	'O5 BK Furča-Košice',	'28'),
(127,	41,	11,	25,	'04:16:43',	'maraton',	'O5 BK Furča-Košice',	'107'),
(128,	42,	11,	45,	'04:11:34',	'C',	'O5 BK Furča - Košice',	'77'),
(129,	44,	11,	31,	'04:22:36',	'C',	'O5 bežecký klub Furča-Košice',	'133'),
(130,	47,	11,	33,	'04:32:18',	'C',	'O5 BK Furča - Košice',	'33'),
(131,	1,	12,	12,	'03:28:47',	'B',	'MeKo KE',	'0'),
(132,	3,	12,	6,	'03:18:10',	'B',	'OAVD Košice',	'7'),
(133,	5,	12,	3,	'03:24:18',	'e',	'OAVD Košice',	'0'),
(134,	6,	12,	8,	'03:16:35',	'B',	'O5 BK Furča - Košice',	'26'),
(135,	8,	12,	4,	'03:38:05',	'e',	'O5 BK Furča',	'57'),
(136,	11,	12,	18,	'03:49:25',	'C',	'O5 BK Furča- Košice',	'42'),
(137,	12,	12,	25,	'03:43:40',	'C',	'O5 bežecký klub Furča',	'3'),
(138,	15,	12,	19,	'03:34:50',	'C',	'O5 bežecký klub Furča',	'3'),
(139,	17,	12,	12,	'03:50:03',	'e',	'O5 bežecký klub Furča',	'3'),
(140,	18,	12,	22,	'03:48:18',	'C',	'05 BK Furča',	'3'),
(141,	20,	12,	17,	'03:44:19',	'C',	'O5 BK FURČA Košice',	'31'),
(142,	23,	12,	17,	'04:24:05',	'C',	'05 BK Furča Košice',	'3'),
(143,	24,	12,	47,	'00:00:00',	'C',	'O5 BK Furča Košice',	'6'),
(144,	26,	12,	29,	'04:07:54',	'C',	'O5 BK Furča- Košice',	'40'),
(145,	27,	12,	26,	'03:47:49',	'C',	'O5 BK Furča',	'3'),
(146,	29,	12,	15,	'04:17:05',	'C',	'O5 BK Furča Košice',	'12'),
(147,	35,	12,	24,	'04:13:47',	'C',	'O5 BK Furča- Košice',	'132'),
(148,	36,	12,	23,	'03:54:36',	'C',	'O5 BK Furča Košice',	'34'),
(149,	38,	12,	12,	'03:59:09',	'C',	'O5 BK Furča-Košice',	'109'),
(150,	39,	12,	38,	'04:08:08',	'D',	'O5 BK Furča-Košice',	'51'),
(151,	41,	12,	26,	'04:22:53',	'maraton',	'O5 BK Furča - Košice',	'120'),
(152,	43,	12,	18,	'01:56:06',	'S',	'O5 BK Furča Košice',	'4A'),
(153,	44,	12,	27,	'04:15:41',	'D',	'O5 BK Furča-Košice',	'145'),
(154,	1,	13,	13,	'03:29:15',	'C',	'BK STEEL KE',	'0'),
(155,	7,	13,	3,	'01:37:18',	's',	'Košice Jazero',	'92'),
(156,	10,	13,	11,	'01:57:08',	's',	'BK Steel Košice',	'68'),
(157,	13,	13,	10,	'01:43:23',	's',	'BK Steel Košice',	'69'),
(158,	1,	14,	14,	'03:32:12',	'B',	'BK STEEL KE',	'0'),
(159,	3,	14,	10,	'03:24:21',	'B',	'BK Steel Košice',	'23'),
(160,	5,	14,	5,	'03:34:33',	'e',	'BK Steel Košice',	'0'),
(161,	6,	14,	12,	'03:27:07',	'B',	'BK Steel Košice',	'33'),
(162,	8,	14,	11,	'04:14:24',	'e',	'BK Steel Košice',	'54'),
(163,	9,	14,	41,	'00:00:00',	'B',	'BK Steel Košice',	'41'),
(164,	13,	14,	19,	'01:48:33',	's',	'BK Steell Košice',	'62'),
(165,	16,	14,	19,	'01:55:39',	's',	'BK Steell Košice',	'18B'),
(166,	19,	14,	7,	'01:44:02',	's',	'BK Steel Košice',	'14B'),
(167,	30,	14,	28,	'03:46:02',	'C',	'BK Steel Košice',	'43'),
(168,	33,	14,	30,	'03:47:26',	'C',	'BK Steel Košice',	'48'),
(169,	36,	14,	25,	'03:55:33',	'C',	'BK Steel Košice',	'36'),
(170,	42,	14,	44,	'04:10:15',	'D',	'BK Steel Košice',	'87'),
(171,	45,	14,	42,	'04:20:39',	'D',	'BK Steel Košice',	'18'),
(172,	1,	15,	15,	'03:34:50',	'A',	'BK STEEL KE',	'0'),
(173,	4,	15,	2,	'01:35:58',	's',	'BK Steel Košice',	'59'),
(174,	10,	15,	15,	'01:43:40',	's',	'BK Steel Košice',	'54'),
(175,	13,	15,	10,	'01:37:20',	's',	'BK Steel Košice',	'69'),
(176,	19,	15,	12,	'01:44:45',	's',	'BK Steel Košice',	'18B'),
(177,	31,	15,	29,	'01:50:25',	's',	'BK Steel Košice',	'30A'),
(178,	1,	16,	16,	'03:38:22',	'A',	'FURČA KE',	'0'),
(179,	32,	16,	8,	'03:36:14',	'B',	'O5 BK Furča- Košice',	'128'),
(180,	37,	16,	10,	'01:45:17',	's',	'O5 BK Furča Košice',	'20A'),
(181,	38,	16,	7,	'03:44:21',	'C',	'O5 BK Furča-Košice',	'132'),
(182,	42,	16,	14,	'03:32:53',	'C',	'O5 BK Furča - Košice',	'72'),
(183,	1,	17,	17,	'03:39:12',	'B',	'SAMOPLAT',	'0'),
(184,	3,	17,	18,	'03:44:17',	'C',	'Samoplat',	'33'),
(185,	6,	17,	16,	'03:36:58',	'C',	'Samoplat ',	'43'),
(186,	9,	17,	32,	'03:55:30',	'C',	'Samoplat Bidovce',	'39'),
(187,	11,	17,	29,	'04:03:36',	'C',	'Samoplat Bidovce',	'39'),
(188,	12,	17,	35,	'04:03:46',	'C',	'O5 bežecký klub Furča',	'43'),
(189,	15,	17,	21,	'03:39:12',	'C',	'O5 bežecký klub Furča',	'2'),
(190,	17,	17,	22,	'04:09:33',	'e',	'O5 bežecký klub Furča',	'8'),
(191,	20,	17,	41,	'04:21:51',	'C',	'O5 BK FURČA Košice',	'24'),
(192,	21,	17,	47,	'04:40:17',	'C',	'O5 BK Furča Košice',	'25'),
(193,	26,	17,	38,	'04:31:29',	'C',	'O5 BK Furča- Košice',	'37'),
(194,	27,	17,	45,	'04:32:44',	'C',	'O5 BK Furča Košice',	'2'),
(195,	30,	17,	51,	'04:26:33',	'C',	'O5 BK Furča- Košice',	'29'),
(196,	33,	17,	44,	'04:04:41',	'D',	'O5 BK Furča',	'37'),
(197,	35,	17,	27,	'04:21:27',	'D',	'05 BK Furča - Košice',	'116'),
(198,	36,	17,	40,	'04:34:39',	'D',	'O5 BK Furča Košice',	'47'),
(199,	38,	17,	28,	'05:03:17',	'D',	'O5 BK Furča-Košice',	'107'),
(200,	39,	17,	45,	'04:30:02',	'D',	'O5 BK Furča-Košice',	'49'),
(201,	41,	17,	34,	'04:57:54',	'maraton',	'O5 BK Furča - Košice',	'121'),
(202,	42,	17,	42,	'04:08:49',	'D',	'O5 BK Furča - Košice',	'88'),
(203,	44,	17,	28,	'04:18:22',	'D',	'o5 BK Furča - Košice',	'147'),
(204,	45,	17,	38,	'04:17:27',	'D',	'o5 BK Furča - Košice',	'16'),
(205,	47,	17,	32,	'04:31:44',	'D',	'O5 BK Furča - Košice',	'48'),
(206,	1,	18,	18,	'03:41:20',	'E',	'BK STEEL KE',	'0'),
(207,	4,	18,	5,	'01:40:08',	's',	'Tube City Košice',	'60'),
(208,	9,	18,	29,	'03:46:02',	'F',	'TubeCity Košice',	'37'),
(209,	11,	18,	22,	'03:54:32',	'F',	'Tube City Košice',	'50'),
(210,	12,	18,	28,	'03:48:52',	'F',	'Tube City Košice',	'40'),
(211,	15,	18,	29,	'04:05:17',	'F',	'TUBE CITY IMS Košice',	'41'),
(212,	18,	18,	41,	'04:15:05',	'F',	'BK Steel Košice',	'41'),
(213,	21,	18,	24,	'03:49:21',	'F',	'Tube City IMS Košice',	'50'),
(214,	24,	18,	26,	'03:55:08',	'F',	'Tube City IMS Košice',	'42'),
(215,	27,	18,	37,	'04:04:24',	'F',	'Tube City IMS Košice',	'46'),
(216,	30,	18,	31,	'03:52:32',	'F',	'Tube City IMS Košice',	'65'),
(217,	33,	18,	35,	'03:52:44',	'F',	'Tube City IMS Košice',	'11'),
(218,	36,	18,	20,	'03:49:27',	'F',	'Tube City IMS Košice ',	'51'),
(219,	39,	18,	22,	'03:51:09',	'F',	'Tube City IMS Košice',	'59'),
(220,	42,	18,	31,	'03:52:23',	'F',	'TMS International Košice, s.r.o.',	'1'),
(221,	44,	18,	20,	'04:02:12',	'G',	'TMS International Košice, s.r.o.',	'158'),
(222,	45,	18,	32,	'04:10:50',	'F',	'TMS International Košice, s.r.o.',	'29'),
(223,	1,	19,	19,	'03:43:33',	'B',	'Jenkovce',	'0'),
(224,	3,	19,	23,	'03:53:58',	'B',	'Jenkovce',	'25'),
(225,	7,	19,	6,	'01:40:26',	's',	'Jenkovce',	'89'),
(226,	10,	19,	22,	'01:50:47',	's',	'Jenkovce',	'69'),
(227,	16,	19,	13,	'01:40:40',	's',	'Jenkovce',	'4A'),
(228,	18,	19,	26,	'03:53:02',	'C',	'Jenkovce',	'20'),
(229,	21,	19,	35,	'04:17:12',	'C',	'Jenkovce',	'15'),
(230,	27,	19,	34,	'03:59:30',	'C',	'Jenkovce',	'19'),
(231,	30,	19,	53,	'04:28:41',	'C',	'OcÚ Jenkovce',	'59'),
(232,	33,	19,	32,	'03:50:50',	'C',	'Jenkovce',	'34'),
(233,	36,	19,	39,	'04:32:45',	'D',	'AC Jenkovce',	'44'),
(234,	40,	19,	31,	'02:02:40',	's',	'Jenkovce',	'36'),
(235,	43,	19,	20,	'01:55:12',	'S',	'Jenkovce',	'13A'),
(236,	2,	20,	1,	'01:36:15',	'A',	'KE',	'0'),
(237,	4,	20,	3,	'01:32:35',	's',	'Košice',	'56'),
(238,	7,	20,	10,	'01:42:30',	's',	'VTJ VÚ 6335 Prešov',	'93'),
(239,	21,	20,	51,	'00:00:00',	'A',	'MK Košice',	'36'),
(240,	23,	20,	39,	'00:00:00',	'A',	'MK Košice',	'23'),
(241,	26,	20,	36,	'04:30:10',	'A',	'MK Košice',	'27'),
(242,	27,	20,	52,	'00:00:00',	'A',	'MK Košice',	'56'),
(243,	2,	21,	2,	'01:40:32',	'A',	'KE',	'0'),
(244,	3,	21,	21,	'03:48:27',	'A',	'Košice',	'31'),
(245,	5,	21,	11,	'03:55:28',	'e',	'O5 bežecký klub Furča',	'0'),
(246,	2,	22,	3,	'01:45:10',	'A',	'FURČA KE',	'0'),
(247,	3,	22,	25,	'03:58:33',	'A',	'05 BK Furča',	'9'),
(248,	8,	22,	6,	'03:53:30',	'e',	'O5 BK Furča',	'55'),
(249,	11,	22,	35,	'04:25:49',	'B',	'O5 BK Furča Košice',	'43'),
(250,	13,	22,	20,	'01:46:31',	's',	'O5 bežecký klub Furča',	'51'),
(251,	21,	22,	26,	'03:51:59',	'B',	'O5 BK Furča Košice',	'9'),
(252,	23,	22,	40,	'00:00:00',	'B',	'05 BK Furča Košice',	'38'),
(253,	24,	22,	34,	'04:09:43',	'B',	'O5 BK Furča Košice',	'10'),
(254,	26,	22,	25,	'04:00:02',	'B',	'O5 BK Furča- Košice',	'3'),
(255,	27,	22,	51,	'00:00:00',	'B',	'O5 BK Furča Košice',	'28'),
(256,	31,	22,	18,	'01:44:28',	's',	'O5 BK Furča- Košice',	'35A'),
(257,	32,	22,	14,	'03:54:49',	'B',	'O5 BK Furča- Košice',	'106'),
(258,	42,	22,	37,	'03:55:22',	'C',	'O5 BK Furča - Košice',	'71'),
(259,	2,	23,	4,	'01:47:15',	'B',	'ROTOR KE',	'0'),
(260,	3,	23,	27,	'03:59:22',	'B',	'Košice',	'5'),
(261,	6,	23,	22,	'03:55:38',	'B',	'BK Katka Košice',	'15'),
(262,	2,	24,	5,	'01:47:50',	'C',	'KE',	'0'),
(263,	4,	24,	11,	'01:43:40',	's',	'Košice',	'51'),
(264,	7,	24,	11,	'01:42:56',	's',	'Košice',	'75'),
(265,	11,	24,	30,	'04:04:11',	'C',	'O5 BK Furča- Košice',	'33'),
(266,	14,	24,	13,	'04:05:38',	'e',	'O5 BK Furča- Košice',	'85'),
(267,	16,	24,	11,	'01:42:30',	's',	'O5 bežecký klub Furča',	'3B'),
(268,	25,	24,	10,	'01:45:43',	's',	'O5 BK Furča Košice',	'21B'),
(269,	31,	24,	15,	'01:46:50',	's',	'O5 BK Furča- Košice',	'08B'),
(270,	32,	24,	20,	'04:02:07',	'D',	'O5 BK Furča- Košice',	'108'),
(271,	33,	24,	38,	'03:53:40',	'D',	'O5 BK Furča',	'40'),
(272,	35,	24,	22,	'04:10:28',	'D',	'05 BK Furča - Košice',	'115'),
(273,	36,	24,	30,	'04:06:06',	'D',	'O5 BK Furča Košice',	'48'),
(274,	2,	25,	6,	'01:48:15',	'D',	'KE',	'0'),
(275,	7,	25,	8,	'01:44:52',	's',	'Metropol Košice',	'83'),
(276,	2,	26,	7,	'01:49:00',	'C',	'KE',	'0'),
(277,	3,	26,	24,	'03:56:24',	'C',	'BK Steel Košice',	'6'),
(278,	6,	26,	31,	'04:22:45',	'C',	'BK Steel Košice',	'25'),
(279,	8,	26,	17,	'04:51:18',	'e',	'BK Steel Košice',	'91'),
(280,	10,	26,	16,	'01:52:07',	's',	'BK Steel Košice',	'58'),
(281,	11,	26,	38,	'04:39:19',	'C',	'BK Steel Košice',	'38'),
(282,	12,	26,	36,	'04:04:11',	'C',	'BK Steel Košice',	'24'),
(283,	14,	26,	23,	'05:00:20',	'e',	'BK Steel Košice',	'72'),
(284,	16,	26,	20,	'02:05:34',	's',	'BK Steel Košice',	'19B'),
(285,	17,	26,	26,	'04:27:15',	'e',	'BK Steel Košice',	'5'),
(286,	18,	26,	37,	'04:08:56',	'D',	'05 BK Furča',	'30'),
(287,	20,	26,	35,	'04:08:24',	'D',	'O5 BK Furča',	'30'),
(288,	21,	26,	41,	'04:28:45',	'D',	'O5 BK Furča Košice',	'11'),
(289,	26,	26,	44,	'05:06:10',	'D',	'O5 BK Furča- Košice',	'48'),
(290,	31,	26,	28,	'02:07:45',	's',	'O5 BK Furča- Košice',	'06B'),
(291,	33,	26,	56,	'04:50:02',	'D',	'O5 BK Furča',	'47'),
(292,	35,	26,	39,	'05:25:45',	'D',	'05 BK Furča - Košice',	'120'),
(293,	43,	26,	21,	'02:18:52',	'S',	'O5 Bežecký klub Furča',	'57B'),
(294,	2,	27,	8,	'01:49:07',	'C',	'KE',	'0'),
(295,	4,	27,	10,	'01:41:50',	's',	'Tepláreň Košice',	'52'),
(296,	13,	27,	27,	'02:01:27',	's',	'Tepláreň Košice',	'60'),
(297,	18,	27,	33,	'04:02:35',	'D',	'Tepláreň Košice',	'49'),
(298,	20,	27,	30,	'04:04:26',	'D',	'Tepláreň Košice',	'28'),
(299,	2,	28,	9,	'01:49:10',	'C',	'KE',	'0'),
(300,	2,	29,	10,	'01:57:00',	'C',	'KE',	'0'),
(301,	3,	29,	31,	'00:00:00',	'C',	'Tlačiarne Košice',	'30'),
(302,	22,	29,	21,	'02:07:22',	's',	'neuvedený',	'15B'),
(303,	2,	30,	11,	'01:58:30',	'A',	'KE',	'0'),
(304,	2,	31,	12,	'02:06:00',	'A',	'KE',	'0'),
(305,	43,	31,	8,	'01:55:37',	'S',	'Freerunners',	'7A'),
(306,	2,	32,	13,	'02:08:12',	'C',	'KE',	'0'),
(307,	13,	32,	26,	'01:57:08',	's',	'Košice',	'65'),
(308,	2,	33,	14,	'02:12:40',	'B',	'Karton KE',	'0'),
(309,	6,	33,	38,	'05:03:12',	'C',	'O5 BK Furča - Košice',	'24'),
(310,	8,	33,	16,	'04:46:29',	'e',	'O5 BK Furča',	'92'),
(311,	11,	33,	37,	'04:34:56',	'C',	'O5 BK Furča- Košice',	'97'),
(312,	12,	33,	43,	'04:22:15',	'C',	'O5 bežecký klub Furča',	'2'),
(313,	14,	33,	24,	'05:05:17',	'e',	'O5 BK Furča- Košice',	'74'),
(314,	15,	33,	28,	'04:04:32',	'C',	'O5 bežecký klub Furča',	'4'),
(315,	17,	33,	24,	'04:23:26',	'e',	'O5 BK Furča- Košice',	'4'),
(316,	18,	33,	44,	'04:23:53',	'C',	'05 BK Furča',	'2'),
(317,	20,	33,	40,	'04:17:27',	'C',	'O5 BK FURČA Košice',	'29'),
(318,	21,	33,	44,	'04:33:53',	'C',	'O5 BK Furča Košice',	'13'),
(319,	23,	33,	32,	'04:52:43',	'C',	'05 BK Furča Košice',	'12'),
(320,	24,	33,	43,	'04:31:19',	'C',	'O5 BK Furča Košice',	'11'),
(321,	26,	33,	41,	'04:42:54',	'C',	'O5 BK Furča- Košice',	'5'),
(322,	28,	33,	20,	'02:10:01',	's',	'O5 BK Furča Košice',	'21A'),
(323,	29,	33,	30,	'05:01:49',	'C',	'O5 BK Furča Košice',	'16'),
(324,	33,	33,	58,	'05:08:41',	'D',	'O5 BK Furča',	'36'),
(325,	35,	33,	34,	'04:57:57',	'D',	'05 BK Furča - Košice',	'124'),
(326,	36,	33,	45,	'04:53:29',	'D',	'O5 BK Furča Košice',	'50'),
(327,	38,	33,	29,	'05:29:59',	'D',	'O5 BK Furča-Košice',	'102'),
(328,	39,	33,	51,	'05:02:26',	'D',	'O5 BK Furča-Košice',	'48'),
(329,	42,	33,	63,	'05:20:15',	'D',	'O5 BK Furča - Košice',	'86'),
(330,	3,	34,	1,	'02:43:24',	'A',	'PBaH',	'20'),
(331,	5,	34,	1,	'03:04:40',	'e',	'PBaH Košice',	'0'),
(332,	6,	34,	3,	'02:53:27',	'A',	'PHaV Košice',	'1'),
(333,	9,	34,	1,	'02:44:42',	'A',	'PBAH Košice',	'9'),
(334,	11,	34,	2,	'02:55:11',	'A',	'PBAH Košice',	'18'),
(335,	12,	34,	5,	'03:03:11',	'A',	'Povodie Bodrogu a Hor.',	'1'),
(336,	15,	34,	4,	'03:01:43',	'A',	'Povodie Hornadu a Bodvy',	'34'),
(337,	18,	34,	1,	'02:53:25',	'A',	'PBaH Košice',	'48'),
(338,	21,	34,	3,	'02:57:39',	'A',	'PBaH Titus Košice',	'44'),
(339,	23,	34,	3,	'03:03:24',	'A',	'PHaB Titus Košice',	'14'),
(340,	24,	34,	2,	'02:48:35',	'B',	'PBaH Titus Košice',	'38'),
(341,	26,	34,	1,	'02:53:31',	'B',	'PHaB Titus Kosice',	'20'),
(342,	29,	34,	3,	'03:08:21',	'B',	'PBaH Titus Kosice',	'23'),
(343,	30,	34,	2,	'02:54:56',	'B',	'PBaH Titus Kosice',	'46'),
(344,	32,	34,	2,	'03:05:38',	'B',	'PBaH Titus Košice',	'110'),
(345,	33,	34,	4,	'02:59:05',	'B',	'PHaB Titus Kosice',	'3'),
(346,	35,	34,	1,	'03:06:29',	'B',	'PBaH',	'103'),
(347,	3,	35,	2,	'02:52:46',	'B',	'MK Košice',	'10'),
(348,	7,	35,	8,	'01:28:11',	's',	'Metropol Košice',	'83'),
(349,	8,	35,	1,	'03:05:18',	'e',	'Metropol Košice',	'52'),
(350,	9,	35,	4,	'02:54:12',	'B',	'Metropol Košice',	'19'),
(351,	11,	35,	3,	'02:55:20',	'B',	'Metropol Košice',	'11'),
(352,	12,	35,	1,	'02:45:51',	'B',	'Metropol Košice',	'18'),
(353,	14,	35,	1,	'02:56:39',	'e',	'Metropol Košice',	'78'),
(354,	17,	35,	1,	'02:53:57',	'e',	'Metropol Košice',	'1'),
(355,	18,	35,	4,	'02:58:41',	'B',	'Metropol Košice',	'36'),
(356,	21,	35,	5,	'03:02:08',	'B',	'Metropol Košice',	'40'),
(357,	23,	35,	4,	'03:09:45',	'B',	'Metropol Košice',	'1'),
(358,	24,	35,	6,	'02:59:38',	'B',	'Metropol',	'48'),
(359,	26,	35,	2,	'02:56:42',	'B',	'Metropol Košice',	'49'),
(360,	3,	36,	3,	'03:09:40',	'B',	'BK Steel Košice',	'32'),
(361,	6,	36,	7,	'03:15:35',	'B',	'BK Steel Košice',	'31'),
(362,	9,	36,	14,	'03:22:02',	'B',	'BK Steel Košice',	'34'),
(363,	12,	36,	11,	'03:18:07',	'B',	'BK Steel Košice',	'99'),
(364,	15,	36,	17,	'03:31:01',	'B',	'BK Steel Košice',	'37'),
(365,	18,	36,	13,	'03:26:07',	'B',	'BK Steel Košice',	'39'),
(366,	21,	36,	21,	'03:41:59',	'B',	'BK Steel Košice',	'27'),
(367,	27,	36,	22,	'03:40:07',	'B',	'BK Steel KOŠICE',	'49'),
(368,	30,	36,	26,	'03:44:34',	'B',	'BK Steel Košice',	'60'),
(369,	33,	36,	26,	'03:41:57',	'C',	'BK Steel Košice',	'26'),
(370,	36,	36,	17,	'03:46:26',	'C',	'BK Steel Košice ',	'31'),
(371,	39,	36,	21,	'03:49:44',	'C',	'BK Steel Košice',	'34'),
(372,	45,	36,	30,	'04:06:32',	'C',	'BK Steel Košice',	'39'),
(373,	3,	37,	7,	'03:19:55',	'C',	'KTK Liptovský Mikuláš',	'13'),
(374,	5,	37,	4,	'03:25:20',	'e',	'KTK Lipt.Mikuláš',	'0'),
(375,	6,	37,	15,	'03:28:28',	'C',	'KTK Lipt.Mikuláš',	'29'),
(376,	8,	37,	5,	'03:50:30',	'e',	'O5 BK Furča',	'68'),
(377,	9,	37,	22,	'03:32:00',	'C',	'O5 BK Furča',	'6'),
(378,	11,	37,	10,	'03:23:16',	'C',	'O5 BK Furča- Košice',	'41'),
(379,	12,	37,	15,	'03:28:16',	'C',	'O5 BK Furča',	'23'),
(380,	14,	37,	7,	'03:29:44',	'e',	'O5 BK Furča- Košice',	'90'),
(381,	15,	37,	10,	'03:18:58',	'C',	'O5 bežecký klub Furča',	'13'),
(382,	17,	37,	9,	'03:36:26',	'e',	'O5 bežecký klub Furča',	'31'),
(383,	18,	37,	12,	'03:24:28',	'C',	'05 BK Furča',	'13'),
(384,	20,	37,	11,	'03:35:49',	'C',	'O5 BK FURČA Košice',	'17'),
(385,	23,	37,	8,	'03:53:52',	'C',	'05 BK Furča Košice',	'25'),
(386,	24,	37,	11,	'03:18:48',	'C',	'O5 BK Furča Košice',	'16'),
(387,	26,	37,	8,	'03:31:37',	'C',	'O5 BK Furča- Košice',	'13'),
(388,	27,	37,	19,	'03:35:40',	'C',	'O5 BK Furča',	'13'),
(389,	30,	37,	24,	'03:43:25',	'D',	'O5 BK Furča- Košice',	'7'),
(390,	32,	37,	12,	'03:49:12',	'D',	'O5 BK Furča- Košice',	'126'),
(391,	33,	37,	22,	'03:38:18',	'D',	'O5 BK Furča',	'7'),
(392,	35,	37,	19,	'03:57:07',	'D',	'O5 BK Furča- Košice',	'108'),
(393,	38,	37,	14,	'04:15:32',	'D',	'O5 BK Furča-Košice',	'133'),
(394,	39,	37,	32,	'04:02:07',	'D',	'O5-BK FURCA KOSICE',	'45'),
(395,	41,	37,	19,	'04:01:37',	'maraton',	'O5 BK Furča - Košice',	'112'),
(396,	42,	37,	29,	'03:50:04',	'D',	'O5 BK FURCA KOSICE',	'82'),
(397,	44,	37,	19,	'04:01:59',	'D',	'O5-BK Furca Kosice',	'144'),
(398,	45,	37,	35,	'04:14:05',	'D',	'O5 BK Furča, Košice',	'17'),
(399,	47,	37,	29,	'04:25:00',	'D',	'O5 BK Furča - Košice',	'46'),
(400,	3,	38,	9,	'03:24:21',	'B',	'BK Steel Košice',	'14'),
(401,	9,	38,	18,	'03:29:17',	'B',	'BK Steel Košice',	'10'),
(402,	13,	38,	19,	'01:44:05',	's',	'BK Geča',	'62'),
(403,	18,	38,	20,	'03:44:08',	'C',	'BK-Geča',	'15'),
(404,	3,	39,	11,	'03:26:12',	'A',	'BK Steel Košice',	'21'),
(405,	18,	39,	14,	'03:27:10',	'B',	'BK Steel Košice',	'1M'),
(406,	3,	40,	14,	'03:34:22',	'C',	'DS Žilina',	'2'),
(407,	5,	40,	10,	'03:53:30',	'e',	'DS Žilina',	'0'),
(408,	6,	40,	20,	'03:53:16',	'C',	'DS Žilina',	'14'),
(409,	8,	40,	14,	'04:21:39',	'e',	'DS Žilina',	'53'),
(410,	9,	40,	33,	'03:55:47',	'C',	'DS Žilina',	'7'),
(411,	11,	40,	31,	'04:12:10',	'C',	'DS Žilina',	'17'),
(412,	12,	40,	22,	'03:40:42',	'D',	'DS Žilina',	'33'),
(413,	14,	40,	15,	'04:08:35',	'e',	'DS Žilina',	'86'),
(414,	15,	40,	36,	'04:19:51',	'D',	'DS Žilina',	'9'),
(415,	17,	40,	30,	'04:51:41',	'e',	'DS Žilina',	'30'),
(416,	18,	40,	46,	'04:38:32',	'D',	'DS Žilina',	'12'),
(417,	20,	40,	37,	'04:16:32',	'D',	'DS Žilina',	'18'),
(418,	21,	40,	36,	'04:17:55',	'D',	'DS Žilina',	'28'),
(419,	23,	40,	14,	'04:16:26',	'D',	'DS Žilina',	'33'),
(420,	24,	40,	18,	'03:42:57',	'D',	'DS Žilina',	'39'),
(421,	27,	40,	32,	'03:57:45',	'D',	'DS Žilina',	'6'),
(422,	29,	40,	29,	'04:51:28',	'D',	'DS Žilina',	'30'),
(423,	30,	40,	27,	'03:45:26',	'D',	'DS Žilina',	'12'),
(424,	33,	40,	19,	'03:31:36',	'D',	'DS Žilina',	'5'),
(425,	35,	40,	18,	'03:55:27',	'D',	'DS Žilina',	'102'),
(426,	36,	40,	16,	'03:43:19',	'D',	'DS Žilina',	'41'),
(427,	38,	40,	22,	'04:31:30',	'D',	'DS Žilina',	'101'),
(428,	39,	40,	50,	'05:01:02',	'D',	'DS Žilina',	'52'),
(429,	41,	40,	33,	'04:48:31',	'maraton',	'DS Žilina',	'126'),
(430,	42,	40,	51,	'04:29:07',	'D',	'DS Žilina',	'81'),
(431,	44,	40,	40,	'04:41:09',	'E',	'DS Žilina',	'151'),
(432,	47,	40,	47,	'06:06:06',	'E',	'DS Žilina',	'51'),
(433,	3,	41,	15,	'03:35:28',	'C',	'BK Steel Košice',	'18'),
(434,	9,	41,	20,	'03:29:17',	'D',	'BK Steel Košice',	'30'),
(435,	12,	41,	19,	'03:30:05',	'D',	'BK Steel Košice',	'20'),
(436,	3,	42,	16,	'03:37:50',	'A',	'BK Steel Košice',	'29'),
(437,	7,	42,	9,	'01:33:00',	's',	'Sopka Seňa',	'87'),
(438,	13,	42,	8,	'01:33:45',	's',	'Sopka Seňa',	'79'),
(439,	3,	43,	17,	'03:38:25',	'A',	'05 BK Furča',	'4'),
(440,	5,	43,	6,	'03:35:45',	'e',	'O5 bežecký klub Furča',	'0'),
(441,	6,	43,	17,	'03:41:30',	'A',	'O5 BK Furča - Košice',	'18'),
(442,	8,	43,	8,	'04:00:12',	'e',	'O5 BK Furča',	'60'),
(443,	9,	43,	16,	'03:28:28',	'A',	'Okenné centrum KE',	'33'),
(444,	11,	43,	16,	'03:47:17',	'A',	'Okenné centrum KE',	'36'),
(445,	12,	43,	17,	'03:29:45',	'A',	'BK Steel Košice',	'4'),
(446,	14,	43,	10,	'04:01:17',	'e',	'BK Steel Košice',	'73'),
(447,	17,	43,	23,	'04:16:56',	'e',	'BK Steel Košice',	'6'),
(448,	18,	43,	17,	'03:40:59',	'A',	'BK Steel Košice',	'28'),
(449,	20,	43,	14,	'03:39:42',	'A',	'O5 BK FURČA Košice',	'44'),
(450,	22,	43,	16,	'01:48:10',	's',	'O5 BK Furča Košice',	'4B'),
(451,	24,	43,	39,	'04:19:01',	'A',	'O5 BK Furča Košice',	'28'),
(452,	29,	43,	28,	'04:49:23',	'A',	'O5 BK Furča Košice',	'8'),
(453,	30,	43,	34,	'03:55:03',	'B',	'05 BK Furča- Košice',	'40'),
(454,	32,	43,	27,	'04:16:22',	'B',	'O5 BK Furča- Košice',	'112'),
(455,	33,	43,	31,	'03:50:41',	'B',	'05 BK Furča',	'9'),
(456,	35,	43,	26,	'04:20:13',	'B',	'05 BK Furča - Košice',	'110'),
(457,	36,	43,	21,	'03:52:08',	'B',	'O5 BK Furča Košice',	'14'),
(458,	38,	43,	18,	'04:22:17',	'B',	'O5 BK Furča-Košice',	'103'),
(459,	39,	43,	19,	'03:46:19',	'B',	'O5 BK Furča-Košice',	'50'),
(460,	41,	43,	21,	'04:07:28',	'maraton',	'O5 BK Furča - Košice',	'127'),
(461,	3,	44,	22,	'03:50:29',	'D',	'SS Uherské Hradište',	'12'),
(462,	8,	44,	18,	'04:55:50',	'e',	'Uherské Hradište',	'67'),
(463,	3,	45,	26,	'03:58:35',	'D',	'Poľnonákup Tatry, Kežmarok',	'28'),
(464,	3,	46,	28,	'04:08:42',	'D',	'Budvar Č. Budejovice',	'3'),
(465,	6,	46,	34,	'04:28:55',	'D',	'Budvar ČB',	'10'),
(466,	3,	47,	29,	'04:23:16',	'C',	'Vesna Košice',	'24'),
(467,	6,	47,	24,	'03:57:10',	'C',	'Prima Vesna',	'41'),
(468,	10,	47,	13,	'01:48:50',	's',	'BK Prima Vesna Košice',	'74'),
(469,	12,	47,	39,	'04:13:27',	'D',	'BK Prima Vesna Košice',	'39'),
(470,	21,	47,	48,	'04:40:17',	'D',	'BK Prima Vesna Košice',	'52'),
(471,	23,	47,	26,	'04:44:41',	'D',	'BK Prima Vesna Košice',	'39'),
(472,	24,	47,	33,	'04:08:55',	'D',	'BK Prima Vesna Košice',	'43'),
(473,	26,	47,	45,	'05:20:10',	'D',	'BK Prima Vesna Košice',	'39'),
(474,	27,	47,	47,	'04:52:25',	'D',	'Bantustan s.r.o. Slovakia',	'50'),
(475,	29,	47,	33,	'05:15:35',	'D',	'BK Prima Vesna',	'37'),
(476,	30,	47,	56,	'04:46:17',	'D',	'BK Prima Vesna Košice',	'37'),
(477,	32,	47,	36,	'05:24:55',	'D',	'MK Košice',	'129'),
(478,	33,	47,	59,	'05:11:45',	'D',	'MK Košice',	'52'),
(479,	35,	47,	40,	'05:46:09',	'D',	'MK Košice',	'125'),
(480,	38,	47,	31,	'06:06:48',	'D',	'MK Kočice',	'136'),
(481,	3,	48,	30,	'04:44:41',	'C',	'MK Seitl Ostrava',	'19'),
(482,	3,	49,	32,	'00:00:00',	'D',	'Košice',	'27'),
(483,	4,	50,	1,	'01:16:42',	's',	'MBO Strážske',	'65'),
(484,	10,	50,	1,	'01:19:30',	's',	'Gelnica',	'76'),
(485,	17,	50,	5,	'03:17:37',	'e',	'MBO Strážske',	'17'),
(486,	19,	50,	2,	'01:32:05',	's',	'MBO OPARM Strážske',	'12A'),
(487,	20,	50,	3,	'03:09:57',	'A',	'MBO Strážske',	'9'),
(488,	21,	50,	4,	'02:58:53',	'A',	'Humenné',	'30'),
(489,	39,	50,	7,	'03:07:52',	'B',	'Generali - VnT',	'21'),
(490,	4,	51,	2,	'01:25:32',	's',	'BK Steel Košice',	'59'),
(491,	9,	51,	21,	'03:29:17',	'A',	'BK Steel Košice',	'36'),
(492,	11,	51,	14,	'03:34:09',	'A',	'BK Steel Košice',	'23'),
(493,	4,	52,	3,	'01:30:05',	's',	'US Steel Košice',	'56'),
(494,	13,	52,	6,	'01:32:02',	's',	'BK Steel Košice',	'81'),
(495,	16,	52,	7,	'01:36:07',	's',	'BK Steel Košice',	'22B'),
(496,	17,	52,	11,	'03:42:59',	'e',	'BK Steel Košice',	'32'),
(497,	28,	52,	10,	'01:40:59',	's',	'BK Steel KOŠICE',	'23B'),
(498,	4,	53,	4,	'01:33:55',	's',	'Košice',	'57'),
(499,	7,	53,	5,	'01:29:55',	's',	'Repák Košice',	'77'),
(500,	9,	53,	24,	'03:37:23',	'B',	'BK Vyšná Myšľa',	'20'),
(501,	13,	53,	4,	'01:31:43',	's',	'BKO Vyšná Myšľa',	'74'),
(502,	15,	53,	42,	'00:00:00',	'B',	'BKO Vyšná Myšľa',	'26'),
(503,	4,	54,	4,	'01:30:30',	's',	'Obuv Angelika Košice',	'57'),
(504,	6,	54,	10,	'03:20:23',	'B',	'Akuna Košice',	'32'),
(505,	9,	54,	10,	'03:12:37',	'B',	'Akuma',	'13'),
(506,	4,	55,	6,	'01:33:49',	's',	'AC Michalovce',	'54'),
(507,	6,	55,	26,	'04:03:58',	'B',	'AC Michalovce',	'42'),
(508,	10,	55,	14,	'01:41:52',	's',	'neuvedený',	'71'),
(509,	13,	55,	17,	'01:32:38',	's',	'AC Michalovce',	'58'),
(510,	16,	55,	12,	'01:55:05',	's',	'AC Michalovce',	'11B'),
(511,	20,	55,	24,	'03:52:08',	'B',	'AC Michalovce',	'22'),
(512,	22,	55,	15,	'01:42:18',	's',	'AC Michalovce',	'21B'),
(513,	26,	55,	19,	'03:55:18',	'B',	'AC Michalovce',	'19'),
(514,	33,	55,	47,	'04:15:10',	'C',	'AC Michalovce',	'24'),
(515,	43,	55,	13,	'01:53:19',	'S',	'AC Michalovce',	'52B'),
(516,	46,	55,	19,	'02:04:51',	'M',	'AC Michalovce',	NULL),
(517,	4,	56,	7,	'01:32:15',	's',	'Košice',	'61'),
(518,	4,	57,	7,	'01:44:25',	's',	'Košice',	'61'),
(519,	10,	57,	16,	'01:46:38',	's',	'BK Steel Košice',	'58'),
(520,	13,	57,	30,	'01:44:20',	's',	'BK Steel Košice',	'72'),
(521,	16,	57,	19,	'01:56:33',	's',	'BK Steel Košice',	'18A'),
(522,	22,	57,	16,	'01:53:15',	's',	'BK Steel Košice',	'4A'),
(523,	25,	57,	13,	'01:45:46',	's',	'O5 BK Furča Košice',	'04A'),
(524,	28,	57,	12,	'01:49:58',	's',	'O5 BK Furča Košice',	'7B'),
(525,	31,	57,	15,	'01:46:35',	's',	'O5 BK Furča- Košice',	'08A'),
(526,	37,	57,	17,	'01:49:13',	's',	'O5 BK Furča Košice',	'10A'),
(527,	46,	57,	17,	'01:59:01',	'M',	'O5 BK Furča Košice',	NULL),
(528,	4,	58,	8,	'01:15:08',	's',	'Obal servis Košice',	'53'),
(529,	13,	58,	1,	'01:17:54',	's',	'TJ Obalservis Košice',	'73'),
(530,	16,	58,	1,	'01:15:10',	's',	'TJ Obalservis Košice',	'17A'),
(531,	28,	58,	3,	'01:23:23',	's',	'TJ Obalservis Košice',	'10A'),
(532,	4,	59,	8,	'02:02:17',	's',	'Košice',	'53'),
(533,	10,	59,	15,	'01:54:10',	's',	'Košice',	'54'),
(534,	13,	59,	21,	'01:51:05',	's',	'KRB Metropol Košice',	'53'),
(535,	16,	59,	17,	'01:58:58',	's',	'Metropol Košice',	'14B'),
(536,	19,	59,	14,	'01:43:00',	's',	'TJ Metropol Košice',	'3B'),
(537,	27,	59,	27,	'03:50:05',	'A',	'O5 BK Furča Košice',	'18'),
(538,	29,	59,	24,	'04:33:28',	'A',	'O5 BK Furča Košice',	'18'),
(539,	30,	59,	33,	'03:53:18',	'A',	'O5 BK Furča- Košice',	'18'),
(540,	4,	60,	9,	'01:42:30',	's',	'BK Steel Košice',	'55'),
(541,	7,	60,	13,	'01:41:43',	's',	'Košice',	'94'),
(542,	4,	61,	9,	'01:39:37',	's',	'Košice',	'55'),
(543,	8,	61,	9,	'04:01:53',	'e',	'Košice',	'61'),
(544,	11,	61,	25,	'03:58:19',	'A',	'Bobor Košice',	'35'),
(545,	13,	61,	28,	'02:03:27',	's',	'Bobor Košice',	'64'),
(546,	14,	61,	9,	'03:54:17',	'e',	'BK Bobor',	'76'),
(547,	16,	61,	5,	'01:33:42',	's',	'AC - BOBOR',	'5B'),
(548,	17,	61,	7,	'03:29:10',	'e',	'BK Bobor',	'2'),
(549,	19,	61,	5,	'01:33:45',	's',	'AC Bobor Košice',	'2A'),
(550,	20,	61,	7,	'03:23:49',	'A',	'AC -Bobor. Košice',	'37'),
(551,	26,	61,	15,	'03:47:14',	'A',	'Bobor AC',	'34'),
(552,	28,	61,	8,	'01:31:37',	's',	'HO Metropol',	'17B'),
(553,	29,	61,	17,	'04:18:01',	'A',	'AC Bobor',	'27'),
(554,	34,	61,	3,	'01:37:30',	's',	'HO Metropol',	'8A'),
(555,	40,	61,	12,	'01:34:14',	's',	'Žeriavy Košice ',	'32'),
(556,	4,	62,	10,	'01:43:40',	's',	'Tepláreň Košice',	'52'),
(557,	7,	62,	11,	'01:43:51',	's',	'Košice',	'75'),
(558,	4,	63,	11,	'01:45:33',	's',	'Obal servis Košice',	'51'),
(559,	4,	64,	12,	'01:57:18',	's',	'BK Steel Košice',	'64'),
(560,	7,	64,	12,	'01:42:55',	's',	'BK Steel košice',	'90'),
(561,	10,	64,	20,	'01:45:20',	's',	'BK Steel Košice',	'72'),
(562,	13,	64,	18,	'01:51:32',	's',	'BK Steel Košice',	'57'),
(563,	16,	64,	18,	'02:03:10',	's',	'BK Steel Košice',	'20A'),
(564,	19,	64,	19,	'01:58:44',	's',	'BK Steel Košice',	'15A'),
(565,	22,	64,	21,	'02:03:13',	's',	'BK Steel Košice',	'15A'),
(566,	25,	64,	17,	'02:01:28',	's',	'BK Steel Košice',	'14B'),
(567,	28,	64,	15,	'02:02:40',	's',	'BK Steel Košice',	'20B'),
(568,	31,	64,	24,	'02:02:48',	's',	'BK Steel Košice',	'27B'),
(569,	34,	64,	15,	'01:59:36',	's',	'Javorina Rudlov',	'20B'),
(570,	37,	64,	22,	'02:09:00',	's',	'Javorina Rudlov',	'34A'),
(571,	40,	64,	29,	'02:12:14',	's',	'BK Spartak Medzev',	'29'),
(572,	43,	64,	16,	'02:16:06',	'S',	'Javorina Rudlov',	'11B'),
(573,	4,	65,	12,	'01:49:02',	's',	'BK Steel Košice',	'64'),
(574,	5,	66,	12,	'03:57:08',	'e',	'BK Steel Košice',	'0'),
(575,	8,	66,	19,	'04:57:20',	'e',	'US Steel Košice',	'62'),
(576,	11,	66,	33,	'04:17:29',	'C',	'VSS Košice',	'19'),
(577,	12,	66,	40,	'04:13:53',	'C',	'BK Steel Košice',	'46'),
(578,	14,	66,	19,	'04:18:50',	'e',	'US Steel Košice',	'77'),
(579,	15,	66,	44,	'00:00:00',	'C',	'BK Steel Košice',	'44'),
(580,	17,	66,	32,	'05:11:05',	'e',	'BK Steel Košice',	'10'),
(581,	18,	66,	50,	'04:57:25',	'C',	'US Steel Sk',	'18'),
(582,	20,	66,	48,	'04:55:08',	'C',	'US Steel Košice',	'36'),
(583,	23,	66,	34,	'05:00:17',	'C',	'Steel Košice',	'17'),
(584,	6,	67,	2,	'02:42:51',	'B',	'MK Seitl Ostrava - CZ',	'2'),
(585,	9,	67,	40,	'00:00:00',	'B',	'SAK Ložiska Karviná',	'8'),
(586,	6,	68,	5,	'03:09:46',	'B',	'KB Trenč. Teplice',	'21'),
(587,	9,	68,	8,	'03:10:25',	'B',	'BK Trenčianske Teplice',	'27'),
(588,	12,	68,	12,	'03:21:30',	'B',	'KB Trenč. Teplice',	'30'),
(589,	6,	69,	11,	'03:22:50',	'C',	'BBS Bratislava',	'13'),
(590,	6,	70,	13,	'03:28:28',	'B',	'3klub Prievidza',	'12'),
(591,	9,	70,	15,	'03:26:37',	'B',	'42195.sk',	'38'),
(592,	11,	70,	21,	'03:52:36',	'B',	'42195.sk',	'14'),
(593,	12,	70,	23,	'03:40:43',	'C',	'42195.sk',	'37'),
(594,	15,	70,	32,	'04:10:37',	'C ',	'42195.sk',	'11'),
(595,	17,	70,	33,	'00:00:00',	'e',	'42195.sk',	'29'),
(596,	6,	71,	18,	'03:44:42',	'B',	'TJ Metropol Košice',	'36'),
(597,	11,	71,	26,	'03:58:29',	'A',	'Metropol Košice',	'13'),
(598,	14,	71,	20,	'04:26:03',	'e',	'Metropol Košice',	'81'),
(599,	15,	71,	25,	'03:52:38',	'B',	'Metropol Košice',	'7'),
(600,	17,	71,	19,	'04:06:15',	'e',	'WGS - Metropol Košice',	'21'),
(601,	18,	71,	27,	'03:53:24',	'B',	'TJ Metropol Košice',	'19'),
(602,	20,	71,	20,	'03:48:05',	'B',	'Wagon Slovakia',	'43'),
(603,	21,	71,	19,	'03:32:16',	'B',	'Metropol, Wagon Slovakia',	'20'),
(604,	23,	71,	20,	'04:28:40',	'B',	'Metropol Košice',	'19'),
(605,	24,	71,	14,	'03:24:24',	'B',	'TJ Metropol',	'19'),
(606,	26,	71,	18,	'03:55:00',	'B',	'TJ Metropol Košice',	'29'),
(607,	29,	71,	37,	'00:00:00',	'B',	'TJ Metropol',	'35'),
(608,	30,	71,	17,	'03:37:51',	'B',	'TJ Metropol Košice',	'13'),
(609,	32,	71,	17,	'03:58:58',	'B',	'TJ Metropol Košice',	'102'),
(610,	33,	71,	14,	'03:24:19',	'B',	'Metropol Košice',	'13'),
(611,	35,	71,	31,	'04:48:05',	'B',	'TJ Metropol',	'107'),
(612,	36,	71,	10,	'03:33:21',	'C',	'TJ Metropol Košice',	'37'),
(613,	38,	71,	23,	'04:36:21',	'C',	'TJ Metropol',	'112'),
(614,	39,	71,	11,	'03:21:35',	'C',	'TJ Metropol',	'41'),
(615,	41,	71,	18,	'04:00:17',	'maraton',	'Metropol',	'128'),
(616,	42,	71,	12,	'03:31:10',	'C',	'O5 BK Furča - Košice',	'70'),
(617,	44,	71,	12,	'03:42:06',	'C',	'O5BK Furča',	'132'),
(618,	45,	71,	14,	'03:36:47',	'C',	'O5bk Furca',	'36'),
(619,	6,	72,	21,	'03:54:20',	'C',	'AVC Praha',	'11'),
(620,	18,	72,	49,	'04:55:48',	'C',	'Rentia Praha',	'7'),
(621,	6,	73,	23,	'03:57:10',	'D',	'SK Přerov - CZ',	'9'),
(622,	9,	73,	36,	'04:13:35',	'D',	'SK Přerov',	'3'),
(623,	12,	73,	42,	'04:16:32',	'D',	'SK Přerov',	'12'),
(624,	6,	74,	25,	'03:59:30',	'C',	'Ostrov - CZ',	'6'),
(625,	9,	74,	39,	'04:43:27',	'C',	'MK Ostrov',	'4'),
(626,	12,	74,	33,	'03:59:44',	'C',	'MK Ostrov',	'10'),
(627,	6,	75,	27,	'04:07:02',	'C',	'MK Tatran Sp.Nová Ves',	'40'),
(628,	9,	75,	34,	'03:57:00',	'C',	'TJ Tatran SNV',	'14'),
(629,	11,	75,	23,	'03:56:43',	'C',	'MK Tatran SNV',	'27'),
(630,	14,	75,	14,	'04:07:34',	'e',	'Spider Team Levice',	'88'),
(631,	18,	75,	35,	'04:02:58',	'D',	'Spiderteam Levice',	'8'),
(632,	20,	75,	32,	'04:06:36',	'D',	'Spider team Levice',	'14'),
(633,	23,	75,	31,	'04:51:43',	'D',	'Spider Team Levice',	'28'),
(634,	30,	75,	64,	'05:18:33',	'D',	'Spider team Levice',	'2'),
(635,	32,	75,	37,	'05:37:07',	'D',	'Spider team Levice',	'144'),
(636,	6,	76,	28,	'04:09:05',	'B',	'Sokol Pravčice - CZ',	'8'),
(637,	6,	77,	29,	'04:12:18',	'A',	'Slimak Bytkov POL',	'3'),
(638,	6,	78,	32,	'04:24:45',	'D',	'Depo Pardubice - CZ',	'38'),
(639,	11,	78,	41,	'04:58:00',	'D',	'MK Pardubice',	'10'),
(640,	6,	79,	35,	'04:34:27',	'D',	'Senior Klub Medzev',	'27'),
(641,	6,	80,	36,	'04:43:35',	'C',	'Joging Dubnica',	'22'),
(642,	9,	80,	38,	'04:37:12',	'C',	'Joging Dusnica',	'25'),
(643,	6,	81,	37,	'04:46:40',	'C',	'Futapest Budapest',	'17'),
(644,	8,	81,	20,	'05:02:12',	'e',	'Futapest Budapest',	'93'),
(645,	12,	81,	47,	'04:50:18',	'C',	'Futapest Club',	'26'),
(646,	6,	82,	39,	'00:00:00',	'A',	'Jessen.lek.fakulta Martin',	'4'),
(647,	18,	82,	32,	'04:01:50',	'A',	'OA IM Liptovský Mikuláš',	'21'),
(648,	21,	82,	27,	'03:52:51',	'A',	'OAIM Lipt. Mikuláš',	'51'),
(649,	6,	83,	40,	'00:00:00',	'A',	'Joging Dubnica',	'20'),
(650,	9,	83,	23,	'03:33:58',	'A',	'Joging Dusnica',	'26'),
(651,	12,	83,	21,	'03:35:02',	'B',	'Jogging klub Dubnica n/V',	'34'),
(652,	15,	83,	18,	'03:31:25',	'B',	'Jogging klub Dubnica n/V',	'38'),
(653,	6,	84,	41,	'00:00:00',	'A',	'MŠK Vranov',	'28'),
(654,	9,	84,	12,	'03:19:03',	'A',	'MŠK Vranov',	'22'),
(655,	6,	85,	43,	'00:00:00',	'C',	'DAD Košice',	'37'),
(656,	9,	85,	28,	'03:46:02',	'C',	'O5 BK Furča',	'29'),
(657,	26,	85,	12,	'03:36:07',	'C',	'O5 BK Furča- Košice',	'11'),
(658,	27,	85,	13,	'03:27:46',	'C',	'O5 BK Furča- Košice',	'20'),
(659,	30,	85,	12,	'03:25:51',	'C',	'O5 BK Furča- Košice',	'47'),
(660,	32,	85,	10,	'03:44:53',	'C',	'O5 BK Furča- Košice',	'117'),
(661,	36,	85,	11,	'03:36:57',	'D',	'O5 BK Furča Košice',	'45'),
(662,	38,	85,	13,	'04:06:15',	'D',	'O5 BK Furča-Košice',	'115'),
(663,	43,	85,	16,	'01:45:35',	'S',	'O5 BK Furča - Košice',	'11A'),
(664,	6,	86,	44,	'00:00:00',	'A',	'Košice',	'46'),
(665,	6,	87,	45,	'00:00:00',	'C',	'HE Kluknava',	'45'),
(666,	12,	87,	45,	'04:34:40',	'D',	'Kluknava',	'8'),
(667,	14,	87,	22,	'04:48:12',	'e',	'Kluknava 120',	'96'),
(668,	17,	87,	28,	'04:37:25',	'e',	'Kluknava',	'19'),
(669,	18,	87,	42,	'04:21:34',	'D',	'Kluknava',	'5'),
(670,	20,	87,	34,	'04:08:00',	'D',	'Kluknava',	'4'),
(671,	21,	87,	43,	'04:30:43',	'D',	'Kluknava',	'1'),
(672,	23,	87,	25,	'04:42:48',	'D',	'Kluknava',	'37'),
(673,	24,	87,	32,	'04:08:30',	'D',	'Kluknava',	'20'),
(674,	26,	87,	22,	'03:57:04',	'D',	'Kluknava',	'38'),
(675,	27,	87,	41,	'04:16:06',	'D',	'Kluknava',	'37'),
(676,	29,	87,	12,	'04:11:18',	'D',	'Kluknava',	'5'),
(677,	30,	87,	63,	'05:07:37',	'D',	'Kluknava',	'6'),
(678,	39,	87,	49,	'04:54:21',	'D',	'Kluknava',	'46'),
(679,	44,	87,	43,	'04:52:05',	'E',	'TJ Kluknava',	'153'),
(680,	45,	87,	53,	'05:07:48',	'E',	'TJ Kluknava',	'49'),
(681,	47,	87,	44,	'05:30:38',	'E',	'TJ Kluknava',	'50'),
(682,	7,	88,	1,	'01:36:38',	's',	'MBO Strážske',	'2'),
(683,	10,	88,	5,	'01:37:15',	's',	'Košice',	''),
(684,	13,	88,	2,	'01:28:08',	's',	'Gelnické lesy Gelnica',	'61'),
(685,	15,	88,	12,	'03:20:40',	'B',	'BK Steel Košice',	'35'),
(686,	19,	88,	3,	'01:31:40',	's',	'BK Steel Košice',	'11A'),
(687,	7,	89,	1,	'01:21:06',	's',	'MBO Strážske',	'2'),
(688,	10,	89,	1,	'01:20:43',	's',	'Gelnica',	'76'),
(689,	13,	89,	2,	'01:19:07',	's',	'Gelnické lesy Gelnica',	'61'),
(690,	7,	90,	2,	'01:32:56',	's',	'Košice',	'82'),
(691,	10,	90,	4,	'01:32:00',	's',	'Grossmann Košice',	'70'),
(692,	7,	91,	2,	'01:27:21',	's',	'DPMK Košice',	'82'),
(693,	8,	91,	3,	'03:35:33',	'e',	'TJ Dynamo DPMK',	'65'),
(694,	10,	91,	4,	'01:28:31',	's',	'Dynamo DPMK Košice',	''),
(695,	11,	91,	12,	'03:30:02',	'B',	'DPMK Košice',	'45'),
(696,	14,	91,	5,	'03:24:45',	'e',	'DPMK Košice',	'82'),
(697,	20,	91,	18,	'03:46:20',	'C',	'DPMK Košice',	'21'),
(698,	26,	91,	37,	'04:31:29',	'C',	'TJ-Dynamo DPMK',	'16'),
(699,	29,	91,	26,	'04:37:18',	'C',	'SK SPartak Medzev',	'2'),
(700,	30,	91,	43,	'04:13:16',	'C',	'BK Medzev',	'54'),
(701,	32,	91,	23,	'04:07:42',	'C',	'BK Spartak Medzev',	'119'),
(702,	34,	91,	10,	'01:48:52',	's',	'neuvedený',	'12B'),
(703,	40,	91,	26,	'02:00:25',	's',	'BK Spartak Medzev',	'3'),
(704,	4,	92,	6,	'01:35:37',	's',	'BK Remetské Hámre',	'54'),
(705,	7,	92,	4,	'01:30:32',	's',	'BK Renetské Hámre',	'88'),
(706,	10,	92,	6,	'01:33:20',	's',	'BK Remetské Hámre',	'66'),
(707,	16,	92,	12,	'01:43:35',	's',	'BK Remetské Hámre',	'11A'),
(708,	19,	92,	13,	'01:40:55',	's',	'BK Remetské Hámre',	'1A'),
(709,	7,	93,	4,	'01:32:35',	's',	'AC Michalovce',	'88'),
(710,	13,	93,	5,	'01:29:30',	's',	'AC Michalovce',	'59'),
(711,	16,	93,	6,	'01:33:45',	's',	'AC Michalovce',	'12A'),
(712,	18,	93,	10,	'03:20:39',	'C',	'AC Michalovce',	'29'),
(713,	35,	93,	14,	'03:37:24',	'C',	'AC Michalovce',	'130'),
(714,	38,	93,	11,	'03:57:41',	'C',	'AC Michalovce',	'128'),
(715,	46,	93,	19,	'01:52:56',	'M',	'AC Michalovce',	NULL),
(716,	7,	94,	5,	'01:33:20',	's',	'Poprad',	'77'),
(717,	19,	94,	6,	'01:34:12',	's',	'Poprad',	'16B'),
(718,	22,	94,	5,	'01:41:21',	's',	'BK Stará Ľubovňa',	'14B'),
(719,	7,	95,	6,	'01:31:04',	's',	'VVS Michalovce',	'89'),
(720,	10,	95,	6,	'01:35:32',	's',	'VVS Michalovce',	''),
(721,	16,	95,	6,	'01:36:10',	's',	'VVS Michalovce',	'12B'),
(722,	18,	95,	24,	'03:49:52',	'B',	'VVS Michalovce',	'31'),
(723,	27,	95,	11,	'03:24:43',	'C',	'VVS Michalovce ',	'32'),
(724,	7,	96,	7,	'01:31:27',	's',	'neuvedený',	'86'),
(725,	8,	96,	2,	'03:33:16',	'e',	'Košice',	'69'),
(726,	9,	96,	25,	'03:37:27',	'A',	'O5 BK Furča',	'24'),
(727,	11,	96,	34,	'04:24:29',	'A',	'O5 BK Furča- Ko',	'48'),
(728,	40,	96,	30,	'02:14:39',	's',	'O5 BK Furča-Košice',	'10'),
(729,	42,	96,	35,	'03:54:05',	'B',	'05 Bežecký Klub Furča',	'50'),
(730,	44,	96,	16,	'03:56:24',	'B',	'O5 Bežecký klub Furča Košice',	'119'),
(731,	45,	96,	26,	'03:58:24',	'B',	'O5 BK Furča Košice',	'3'),
(732,	47,	96,	15,	'04:05:46',	'B',	'ValSport',	'25'),
(733,	7,	97,	7,	'01:40:40',	's',	'neuvedený',	'86'),
(734,	10,	97,	19,	'01:46:50',	's',	'IPA Košice',	'75'),
(735,	11,	97,	39,	'04:39:48',	'A',	'IPA Košice',	'44'),
(736,	13,	97,	21,	'01:46:46',	's',	'IPA Košice',	'53'),
(737,	7,	98,	12,	'01:44:37',	's',	'Metropol Košice',	'90'),
(738,	20,	98,	25,	'03:53:55',	'C',	'HO Metropol Košice',	'8'),
(739,	23,	98,	9,	'03:55:11',	'C',	'HO Metropol Košice',	'35'),
(740,	32,	98,	7,	'03:34:48',	'C',	'HK Metropol Košice',	'113'),
(741,	34,	98,	3,	'01:32:32',	's',	'HO Metropol',	'8B'),
(742,	35,	98,	10,	'03:31:39',	'C',	'Metropol Kosice',	'129'),
(743,	39,	98,	9,	'03:11:14',	'C',	'Metropol Košice',	'39'),
(744,	43,	98,	4,	'01:31:46',	'S',	'Metropol Košice',	'6B'),
(745,	44,	98,	11,	'03:39:41',	'C',	'Metropol Košice',	'131'),
(746,	46,	98,	12,	'01:35:37',	'M',	'Metropol Košice',	NULL),
(747,	47,	98,	8,	'03:50:38',	'C',	'Metropol Košice',	'42'),
(748,	7,	99,	13,	'01:50:13',	's',	'Košice Barca',	'94'),
(749,	7,	100,	14,	'01:47:25',	's',	'MK Košice',	'91'),
(750,	7,	101,	14,	'01:45:26',	's',	'Košice',	'91'),
(751,	9,	101,	37,	'04:15:03',	'C',	'Maraton.klub Košice',	'12'),
(752,	12,	101,	32,	'03:57:13',	'C',	'Maratónsky klub Košice',	'28'),
(753,	16,	101,	14,	'01:46:50',	's',	'MK Košice',	'8A'),
(754,	19,	101,	17,	'01:59:15',	's',	'Tepláreň Košice',	'8B'),
(755,	7,	102,	15,	'01:35:24',	's',	'Polysoft Košice',	'76'),
(756,	9,	102,	7,	'03:08:12',	'C',	'Lanofer s.r.o.',	'40'),
(757,	12,	102,	7,	'03:06:37',	'C',	'Košice',	'45'),
(758,	15,	102,	15,	'03:29:44',	'D',	'Polysoft Košice',	'36'),
(759,	18,	102,	11,	'03:22:12',	'D',	'Polysoft Košice',	'47'),
(760,	21,	102,	16,	'03:28:53',	'D',	'Belle Export-Import',	'48'),
(761,	27,	102,	24,	'03:44:44',	'D',	'Belle Ex - Im KE',	'48'),
(762,	30,	102,	30,	'03:51:41',	'D',	'Belle Export Import Košice',	'63'),
(763,	44,	102,	22,	'04:02:57',	'D',	'BK Spartak Medzev',	'142'),
(764,	7,	103,	15,	'01:57:49',	's',	'MŠK Vranov',	'76'),
(765,	10,	103,	21,	'01:55:12',	's',	'MŠK Vranov',	'55'),
(766,	7,	104,	16,	'01:50:30',	's',	'Alfa a Omega Krompachy',	'84'),
(767,	10,	104,	18,	'01:40:25',	's',	'Alfa Omega Krompachy',	'53'),
(768,	12,	104,	48,	'05:10:05',	'C',	'Alfa-Omega Krompachy',	'13'),
(769,	39,	104,	52,	'05:03:34',	'C',	'Supermarket Klas',	'33'),
(770,	42,	104,	52,	'04:30:36',	'C',	'Supermarket KLAS Košice',	'66'),
(771,	44,	104,	38,	'04:38:49',	'D',	'Supermarket KLAS Košice',	'148'),
(772,	7,	105,	17,	'01:42:56',	's',	'Košice',	'85'),
(773,	7,	106,	17,	'01:58:14',	's',	'neuvedený',	'85'),
(774,	10,	106,	19,	'01:57:37',	's',	'neuvedený',	'75'),
(775,	13,	106,	31,	'02:06:00',	's',	'Stator Košice',	'54'),
(776,	7,	107,	18,	'01:52:28',	's',	'Metropol Košice',	'80'),
(777,	10,	107,	21,	'01:58:53',	's',	'Metropol Košice',	'55'),
(778,	7,	108,	18,	'01:52:28',	's',	'Premiér',	'80'),
(779,	8,	109,	7,	'03:58:37',	'e',	'Akuma Košice',	'58'),
(780,	11,	109,	6,	'03:14:16',	'B',	'Akuna Košice',	'34'),
(781,	12,	109,	3,	'02:56:15',	'B',	'Akuna',	'35'),
(782,	14,	109,	3,	'03:18:39',	'e',	'Akuma Košice',	'84'),
(783,	15,	109,	7,	'03:09:32',	'B',	'Akuna Košice',	'28'),
(784,	17,	109,	4,	'03:07:58',	'e',	'Akuna Košice',	'24'),
(785,	18,	109,	5,	'03:01:32',	'B',	'AKUNA',	'24'),
(786,	20,	109,	6,	'03:12:46',	'B',	'Akuna Košice',	'42'),
(787,	21,	109,	2,	'02:51:20',	'B',	'Akuna Košice',	'31'),
(788,	30,	109,	4,	'02:58:34',	'C',	'TJ Obal servis Košice',	'44'),
(789,	33,	109,	27,	'03:44:28',	'C',	'Obal servis Košice',	'8'),
(790,	39,	109,	10,	'03:15:23',	'C',	'TJ Obal Servis Košice',	'26'),
(791,	42,	109,	10,	'03:23:17',	'C',	'Tj Obal Servis Košice',	'62'),
(792,	45,	109,	5,	'03:03:35',	'C',	'TJ Obal servis Košice',	'32'),
(793,	8,	110,	12,	'04:20:02',	'e',	'Brandýs n/Labem',	'59'),
(794,	11,	110,	15,	'03:44:57',	'B',	'Brandís n/Labem',	'15'),
(795,	12,	110,	20,	'03:32:01',	'B',	'Brandýs nad Labem',	'11'),
(796,	15,	110,	24,	'03:49:48',	'C',	'Branýs nad Labem',	'12'),
(797,	18,	110,	21,	'03:44:29',	'B',	'Brandýs Nad Labem',	'10'),
(798,	20,	110,	19,	'03:47:34',	'B',	'neuvedený',	'45'),
(799,	23,	110,	22,	'04:32:21',	'B',	'Brandýs nad Labem',	'31'),
(800,	26,	110,	17,	'03:54:54',	'C',	'Brandýs nad Labem',	'35'),
(801,	38,	110,	20,	'04:23:10',	'C',	'-',	'123'),
(802,	8,	111,	21,	'00:00:00',	'e',	'Šaca',	'64'),
(803,	9,	112,	2,	'02:48:12',	'A',	'Mokroluh',	'23'),
(804,	14,	112,	2,	'03:09:49',	'e',	'Mokroluh',	'95'),
(805,	18,	112,	2,	'02:55:12',	'A',	'ULTRA TEAM',	'44'),
(806,	23,	112,	1,	'02:53:51',	'A',	'Partizán Bardejov',	'22'),
(807,	24,	112,	4,	'02:59:10',	'A',	'Partizán Bardejov',	'24'),
(808,	29,	112,	1,	'03:02:26',	'A',	'Partizán Bardejov',	'24'),
(809,	44,	112,	21,	'04:02:25',	'B',	'EVIN TEAM.SK',	'112'),
(810,	9,	113,	6,	'02:56:10',	'B',	'BK Steel Košice',	'18'),
(811,	11,	113,	4,	'02:59:50',	'B',	'BK Steel Košice',	'26'),
(812,	12,	113,	4,	'02:57:36',	'B',	'BK Steel Košice',	'16'),
(813,	16,	113,	4,	'01:25:15',	's',	'BK Steel Košice',	'15A'),
(814,	9,	114,	11,	'03:16:40',	'B',	'Stez - Sp.Nova Ves',	'32'),
(815,	15,	114,	8,	'03:14:38',	'C',	'STEZ-Spišská Nová Ves',	'18'),
(816,	9,	115,	17,	'03:28:35',	'C',	'MBK Veľké Kapušany',	'21'),
(817,	13,	115,	5,	'01:34:19',	's',	'MBK Veľké Kapušany',	'59'),
(818,	15,	115,	13,	'03:20:58',	'C',	'MBK-V.Kapušany',	'40'),
(819,	18,	115,	18,	'03:41:10',	'C',	'MBK V.Kapušany',	'32'),
(820,	22,	115,	8,	'01:34:07',	's',	'BK-Kapušany',	'5B'),
(821,	30,	115,	21,	'03:39:16',	'C',	'MBK Velke Kapusany',	'11'),
(822,	9,	116,	30,	'03:49:32',	'C',	'PRP Velky Krtiš',	'5'),
(823,	9,	117,	31,	'03:50:33',	'F',	'AK Tlmače',	'11'),
(824,	12,	117,	29,	'03:50:59',	'F',	'AK Tlmače',	'31'),
(825,	17,	117,	14,	'03:53:25',	'e',	'AK Tlmače',	'22'),
(826,	20,	117,	23,	'03:50:59',	'F',	'AK Tlmače',	'19'),
(827,	21,	117,	25,	'03:50:03',	'F',	'AK Tlmače',	'26'),
(828,	23,	117,	13,	'04:11:36',	'F',	'AK Tlmače',	'8'),
(829,	24,	117,	46,	'04:37:54',	'F',	'AK Tlmače',	'12'),
(830,	29,	117,	13,	'04:11:25',	'F',	'AK Tlmače',	'20'),
(831,	38,	117,	19,	'04:22:47',	'F',	'AK Tlmače',	'139'),
(832,	39,	117,	35,	'04:04:18',	'F',	'AK Tlmače',	'57'),
(833,	41,	117,	24,	'04:14:21',	'maraton',	'AK Tlmače',	'111'),
(834,	42,	117,	46,	'04:11:34',	'F',	'AK Tlmače',	'2'),
(835,	44,	117,	30,	'04:18:59',	'G',	'AK Tlmače',	'159'),
(836,	45,	117,	36,	'04:16:42',	'F',	'AK Tlmače',	'28'),
(837,	47,	117,	28,	'04:22:16',	'G',	'AK Tlmače',	'16'),
(838,	10,	118,	3,	'01:28:22',	's',	'AT Košice',	'57'),
(839,	10,	119,	3,	'01:28:26',	's',	'BK Steel Košice',	'57'),
(840,	10,	120,	5,	'01:30:57',	's',	'neuvedený',	'78'),
(841,	10,	121,	7,	'01:34:10',	's',	'DPMK Košice',	'73'),
(842,	13,	121,	4,	'01:31:52',	's',	'BKO Vyšná Myšľa',	'74'),
(843,	15,	121,	11,	'03:19:22',	'B',	'DPMK Košice',	'27'),
(844,	18,	121,	8,	'03:14:23',	'C',	'Dynamo DPMK Košice',	'43'),
(845,	21,	121,	13,	'03:17:24',	'C',	'DPMK Košice',	'18'),
(846,	23,	121,	6,	'03:42:29',	'C',	'Dynamok DPMK Košice',	'15'),
(847,	36,	121,	8,	'03:20:03',	'C',	'BKO Vyšna Myšla',	'26'),
(848,	44,	121,	13,	'03:42:02',	'C',	'BKOVyšna Myšla',	'134'),
(849,	10,	122,	7,	'01:34:58',	's',	'DPMK Košice',	''),
(850,	15,	122,	16,	'03:30:19',	'B',	'DYNAMO DPMK Košice',	'33'),
(851,	17,	122,	10,	'03:39:15',	'e',	'DYNAMO DPMK Košice',	'26'),
(852,	21,	122,	15,	'03:27:46',	'B',	'DPMK Košice',	'19'),
(853,	10,	123,	8,	'01:39:50',	's',	'Košice',	'60'),
(854,	10,	124,	8,	'01:35:19',	's',	'Košice',	''),
(855,	10,	125,	9,	'01:43:40',	's',	'BK Steel Košice',	'64'),
(856,	13,	125,	7,	'01:37:20',	's',	'BK Steel Košice',	'70'),
(857,	16,	125,	4,	'01:33:37',	's',	'BK Steel Košice',	'15B'),
(858,	10,	126,	9,	'01:34:35',	's',	'Bernolákovo',	'64'),
(859,	13,	126,	7,	'01:29:17',	's',	'Bernolákovo',	'70'),
(860,	46,	126,	3,	'01:30:12',	'X',	'Bernolákovo',	NULL),
(861,	10,	127,	10,	'01:43:53',	's',	'Košice',	'67'),
(862,	10,	128,	11,	'01:32:09',	's',	'BK Steel Košice',	'68'),
(863,	13,	128,	24,	'01:36:53',	's',	'BK Steel Košice',	'78'),
(864,	10,	129,	12,	'01:38:30',	's',	'Fox Team KB Prešov',	'63'),
(865,	13,	129,	14,	'01:36:12',	's',	'FOX team Prešov',	'77'),
(866,	19,	129,	20,	'01:51:15',	's',	'FOX KB Prešov',	'10A'),
(867,	10,	130,	12,	'01:53:00',	's',	'Fox Team KB Prešov',	'63'),
(868,	13,	130,	15,	'01:50:00',	's',	'FOX team Prešov',	'76'),
(869,	10,	131,	14,	'01:54:58',	's',	'neuvedený',	'71'),
(870,	12,	131,	30,	'03:51:30',	'B',	'Košice',	'38'),
(871,	21,	131,	20,	'03:39:35',	'B',	'T-com Košice',	'24'),
(872,	24,	131,	16,	'03:36:34',	'B',	'BK Spartak Medzev',	'26'),
(873,	30,	131,	35,	'03:55:41',	'C',	'BK Spartak Medzev',	'62'),
(874,	10,	132,	17,	'01:44:30',	's',	'KTK Lipt.Mikuláš',	'52'),
(875,	10,	133,	17,	'01:54:32',	's',	'KTK Lipt.Mikuláš',	'52'),
(876,	7,	134,	16,	'01:49:23',	's',	'Metropol Košice',	'84'),
(877,	10,	134,	18,	'02:01:55',	's',	'Metropol Košice',	'53'),
(878,	10,	135,	20,	'02:02:06',	's',	'BK Steel Košice',	'72'),
(879,	12,	135,	44,	'04:22:22',	'D',	'BK Steel Košice',	'21'),
(880,	10,	136,	22,	'02:04:08',	's',	'Porostov',	'69'),
(881,	16,	136,	13,	'01:58:47',	's',	'Jenkovce',	'4B'),
(882,	10,	137,	23,	'01:56:15',	's',	'Košice',	'77'),
(883,	10,	138,	23,	'02:02:55',	's',	'Košice',	'77'),
(884,	10,	139,	24,	'02:11:05',	's',	'AC Michalovce',	'65'),
(885,	10,	140,	24,	'02:23:43',	's',	'AC Michalovce',	'65'),
(886,	19,	140,	24,	'02:17:45',	's',	'AC Michalovce',	'19A'),
(887,	22,	140,	23,	'02:28:42',	's',	'AC Michalovce',	'20B'),
(888,	11,	141,	5,	'03:03:03',	'A',	'Lipt.Mikuláš ',	'16'),
(889,	11,	142,	8,	'03:20:12',	'A',	'MK Tatran SNV',	'28'),
(890,	20,	142,	4,	'03:10:16',	'A',	'BK Cyklosun Plus Sp. N. Ves',	'39'),
(891,	32,	142,	18,	'03:59:15',	'B',	'BK Cyklosun Plus Sp. Nová Ves',	'115'),
(892,	35,	142,	23,	'04:10:55',	'B',	'MK Tatran Spišská Nová Ves',	'134'),
(893,	11,	143,	11,	'03:28:19',	'A',	'Mlada Vořice',	'71'),
(894,	15,	143,	5,	'03:04:34',	'A',	'Mladá Vožice',	'14'),
(895,	11,	144,	17,	'03:48:32',	'A',	'Košice',	'31'),
(896,	14,	144,	8,	'03:50:51',	'e',	'Košice',	'83'),
(897,	17,	144,	20,	'04:06:59',	'e',	'Košice',	'15'),
(898,	20,	144,	16,	'03:43:40',	'A',	'Košice',	'10'),
(899,	26,	144,	16,	'03:51:55',	'B',	'Sparta',	'6'),
(900,	32,	144,	16,	'03:55:46',	'B',	'Spartans',	'118'),
(901,	35,	144,	15,	'03:48:49',	'B',	'Sparta',	'135'),
(902,	41,	144,	10,	'03:49:14',	'maraton',	'Spartans',	'130'),
(903,	47,	144,	18,	'04:06:27',	'B',	'Sparta',	'30'),
(904,	11,	145,	19,	'03:49:26',	'A',	'CoNET SERVIS SNV',	'29'),
(905,	12,	145,	38,	'04:13:27',	'A',	'Enervit',	'6'),
(906,	11,	146,	27,	'03:58:31',	'B',	'Lokomotíva Košice',	'20'),
(907,	12,	146,	18,	'03:29:53',	'B',	'Valaliky',	'98'),
(908,	30,	146,	29,	'03:46:23',	'B',	'Conditi club Valaliky',	'4'),
(909,	32,	146,	13,	'03:52:55',	'B',	'Condition club Valaliky',	'143'),
(910,	36,	146,	29,	'04:03:46',	'B',	'Condition club Valaliky',	'7'),
(911,	45,	146,	24,	'03:57:53',	'C',	'Condition club Valaliky',	'35'),
(912,	11,	147,	28,	'03:59:10',	'F',	'MK TATRAN SNV',	'30'),
(913,	13,	147,	23,	'01:51:15',	's',	'Mk Sp.Noná Ves',	'56'),
(914,	14,	147,	16,	'04:09:22',	'e',	'BK Cyklosun plus N.H.',	'94'),
(915,	15,	147,	30,	'04:05:17',	'F',	'BK Cyklosun Plus',	'29'),
(916,	17,	147,	13,	'03:51:43',	'e',	'BK Cyklosun Plus',	'20'),
(917,	18,	147,	30,	'03:55:23',	'F',	'BK CYKLOSUN SNV',	'37'),
(918,	20,	147,	29,	'04:01:51',	'F',	'BK Cyklosun plus SNV',	'19č'),
(919,	23,	147,	18,	'04:24:28',	'F',	'SNV',	'27'),
(920,	24,	147,	36,	'04:13:07',	'F',	'raptory',	'47'),
(921,	26,	147,	24,	'03:58:29',	'F',	'Raptory',	'46'),
(922,	29,	147,	23,	'04:33:27',	'F',	'MK Tatran Sp.N. Ves',	'25'),
(923,	32,	147,	24,	'04:11:03',	'F',	'SNV Košiarny briežok',	'114'),
(924,	33,	147,	41,	'03:56:52',	'F',	'Slovenský raj',	'15'),
(925,	11,	148,	32,	'04:16:44',	'A',	'Pitsburgh',	'12'),
(926,	11,	149,	36,	'04:32:05',	'F',	'Smolotely',	'75'),
(927,	11,	150,	40,	'04:44:11',	'C',	'TEKRO ',	'37'),
(928,	13,	150,	20,	'01:49:12',	's',	'O5 bežecký klub Furča',	'51'),
(929,	14,	150,	21,	'04:27:12',	'e',	'TEKRO ',	'91'),
(930,	15,	150,	33,	'04:14:30',	'C',	'O5 bežecký klub Furča',	'46'),
(931,	17,	150,	25,	'04:25:45',	'e',	'O5 bežecký klub Furča',	'33'),
(932,	18,	150,	31,	'03:56:57',	'C',	'05 BK Furča',	'4'),
(933,	20,	150,	43,	'04:22:56',	'C',	'O5 BK FURČA Košice',	'27'),
(934,	21,	150,	31,	'04:04:10',	'C',	'O5 BK Furča- Košice',	'12'),
(935,	23,	150,	29,	'04:47:10',	'C',	'05 BK Furča Košice',	'30'),
(936,	24,	150,	31,	'04:06:29',	'D',	'O5 BK Furča- Košice',	'60'),
(937,	11,	151,	42,	'00:00:00',	'B',	'GETRAG - KECHNEC',	'24'),
(938,	11,	152,	43,	'00:00:00',	'B',	'PREŠOV',	'46'),
(939,	12,	152,	37,	'04:11:47',	'B',	'Prešov',	'48'),
(940,	15,	152,	38,	'04:26:28',	'B',	'Prešov',	'32'),
(941,	17,	152,	29,	'04:44:40',	'e',	'Prešov',	'14'),
(942,	18,	152,	48,	'04:54:40',	'B',	'Prešov',	'46'),
(943,	20,	152,	45,	'04:25:15',	'B',	'OBS Prešov',	'41'),
(944,	21,	152,	32,	'04:09:07',	'B',	'OBS Prešov',	'38'),
(945,	24,	152,	41,	'04:23:50',	'B',	'OBS Prešov',	'32'),
(946,	26,	152,	28,	'04:05:51',	'B',	'OBS Prešov',	'22'),
(947,	27,	152,	49,	'05:03:52',	'B',	'OBS Prešov',	'33'),
(948,	29,	152,	35,	'05:51:49',	'B',	'OBS Prešov',	'36'),
(949,	30,	152,	45,	'04:15:19',	'B',	'OBS Prešov',	'51'),
(950,	33,	152,	55,	'04:45:50',	'C',	'OBS Prešov',	'18'),
(951,	35,	152,	38,	'05:18:48',	'C',	'OBS Prešov',	'123'),
(952,	36,	152,	50,	'05:11:56',	'C',	'OBS Prešov',	'27'),
(953,	42,	152,	62,	'05:07:16',	'C',	'OBS Prešov',	'67'),
(954,	45,	152,	54,	'05:13:33',	'C',	'Prešov',	'44'),
(955,	47,	152,	50,	'00:00:00',	'C',	'Prešov',	'36'),
(956,	11,	153,	44,	'00:00:00',	'B',	'Vietnam',	'49'),
(957,	12,	154,	8,	'03:16:22',	'A',	'SCMT',	'36'),
(958,	21,	154,	9,	'03:10:36',	'A',	'Sri Chinmoy Marathon Team',	'6'),
(959,	24,	154,	9,	'03:16:33',	'A',	'SRI CHINMOY MT',	'30'),
(960,	12,	155,	9,	'03:16:33',	'A',	'MK Tatran Sp.N.Ves',	'15'),
(961,	20,	155,	5,	'03:11:43',	'B',	'MK Tatran Spišská Nová Ves',	'40'),
(962,	30,	155,	11,	'03:25:47',	'C',	'MK Tatran Sp. Nová Ves',	'50'),
(963,	6,	156,	9,	'03:18:37',	'C',	'AO Svit',	'7'),
(964,	9,	156,	13,	'03:20:58',	'C',	'TJ Svit',	'2'),
(965,	12,	156,	13,	'03:26:04',	'C',	'Chemosvit Svit',	'5'),
(966,	14,	156,	4,	'03:23:32',	'e',	'AK Svit',	'92'),
(967,	15,	156,	14,	'03:23:52',	'C',	'AC Svit',	'16'),
(968,	18,	156,	9,	'03:16:09',	'C',	'AO Svit',	'40'),
(969,	24,	156,	12,	'03:20:11',	'D',	'Chemosvit Svit',	'31'),
(970,	26,	156,	9,	'03:32:01',	'D',	'Chemosvit Svit',	'50'),
(971,	27,	156,	12,	'03:25:52',	'D',	'Chemosvit Svit',	'51'),
(972,	30,	156,	66,	'00:00:00',	'D',	'AO Chemosvit Svit',	'57'),
(973,	12,	157,	26,	'03:44:37',	'C',	'Košice',	'50'),
(974,	15,	157,	27,	'04:01:07',	'C',	'Košice',	'19'),
(975,	12,	158,	31,	'03:53:28',	'D',	'BS ĽG Zvolen',	'32'),
(976,	20,	158,	42,	'04:22:36',	'D',	'BSĽG Zvolen',	'7'),
(977,	23,	158,	38,	'06:09:52',	'D',	'BSĽG Zvolen',	'36'),
(978,	12,	159,	46,	'04:45:25',	'A',	'BCL Otrokovice',	'9'),
(979,	14,	159,	25,	'05:06:31',	'e',	'BCL Otrokovice',	'80'),
(980,	15,	159,	39,	'04:37:08',	'A',	'BCL Otrokovice',	'5'),
(981,	17,	159,	31,	'04:59:51',	'e',	'BCL Otrokovice',	'18'),
(982,	20,	159,	47,	'04:50:31',	'A',	'BCL Otrokovice',	'2'),
(983,	21,	159,	49,	'05:03:46',	'A',	'BCL Otrokovice',	'3'),
(984,	23,	159,	33,	'04:59:22',	'A',	'BCL Otrokovice',	'2'),
(985,	24,	159,	42,	'04:31:18',	'A',	'Vážany u Uherského Hradiště',	'34'),
(986,	26,	159,	35,	'04:22:07',	'A',	'MK Seitl Ostrava',	'8'),
(987,	29,	159,	31,	'05:08:21',	'A',	'Maraton Klub Seitl Ostrava',	'15'),
(988,	30,	159,	62,	'04:53:19',	'A',	'Maraton Klub Seitl Ostrava',	'42'),
(989,	41,	159,	36,	'05:12:35',	'maraton',	'MK Seitl Ostrava',	'116'),
(990,	42,	159,	61,	'04:57:59',	'A',	'Maraton Klub Seitl Ostrava',	'23'),
(991,	44,	159,	46,	'05:13:45',	'A',	'MK Seitl Ostrava',	'109'),
(992,	45,	159,	55,	'05:31:58',	'A',	'Maraton Klub Seitl Ostrava',	'59'),
(993,	47,	159,	46,	'05:55:25',	'A',	'MK Seitl Ostrava',	'10'),
(994,	12,	160,	49,	'00:00:00',	'A',	'BŠK Bardejov',	'14'),
(995,	12,	161,	50,	'00:00:00',	'A',	'OAIM',	'49'),
(996,	22,	161,	15,	'01:58:48',	's',	'DAIM Košice',	'21A'),
(997,	13,	162,	1,	'01:21:22',	's',	'TJ Obalservis Košice',	'73'),
(998,	16,	162,	2,	'01:18:49',	's',	'TJ Obalservis Košice',	'9B'),
(999,	22,	162,	3,	'01:15:03',	's',	'JM Demolex Bardejov',	'13B'),
(1000,	45,	162,	1,	'02:35:27',	'A',	'Obalservis Kosice - MagnetiMarelli',	'51'),
(1001,	13,	163,	3,	'01:24:22',	's',	'KB Slovan Trenč. Teplice',	'66'),
(1002,	13,	164,	3,	'01:24:08',	's',	'Trenčín',	'66'),
(1003,	13,	165,	6,	'01:33:29',	's',	'Carmeuse Slovakia',	'81'),
(1004,	37,	165,	14,	'01:39:18',	's',	'Carmeuse Slovakia',	'14B'),
(1005,	13,	166,	8,	'01:33:31',	's',	'Sopka Seňa',	'79'),
(1006,	27,	166,	30,	'03:57:25',	'D',	'SOPKA Seňa',	'44'),
(1007,	33,	166,	40,	'03:56:12',	'D',	'Sopka Sena',	'62'),
(1008,	13,	167,	9,	'01:43:48',	's',	'Kežmarok',	'52'),
(1009,	13,	168,	9,	'01:36:00',	's',	'Rožňava',	'52'),
(1010,	15,	168,	26,	'03:59:06',	'A',	'Rožňava',	'6'),
(1011,	18,	168,	23,	'03:49:25',	'A',	'Rožňava',	'45'),
(1012,	21,	168,	17,	'03:31:19',	'A',	'Drnava',	'23'),
(1013,	26,	168,	6,	'03:26:25',	'A',	'Drnava',	'15'),
(1014,	27,	168,	8,	'03:15:35',	'A',	'Drnava',	'41'),
(1015,	29,	168,	5,	'03:27:36',	'A',	'Drnava',	'22'),
(1016,	36,	168,	6,	'03:14:15',	'B',	'Drnava',	'6'),
(1017,	42,	168,	16,	'03:34:03',	'B',	'Drnava',	'47'),
(1018,	45,	168,	17,	'03:44:24',	'B',	'Drnava',	'14'),
(1019,	13,	169,	11,	'01:40:28',	's',	'SCMT',	'67'),
(1020,	13,	170,	11,	'01:40:21',	's',	'SCMT',	'67'),
(1021,	13,	171,	12,	'01:39:50',	's',	'Poprad',	'75'),
(1022,	13,	172,	13,	'01:37:10',	's',	'INK USA',	'71'),
(1023,	13,	173,	13,	'01:46:40',	's',	'INKA Bohdanovce',	'71'),
(1024,	16,	173,	16,	'01:52:50',	's',	'Inka Bohdanovce',	'16B'),
(1025,	13,	174,	14,	'01:49:26',	's',	'FOX team Prešov',	'77'),
(1026,	13,	175,	15,	'01:36:12',	's',	'FOX team Prešov',	'76'),
(1027,	13,	176,	16,	'01:45:06',	's',	'BK Steel Košice',	'63'),
(1028,	16,	176,	18,	'01:47:13',	's',	'BK Steel Košice',	'20B'),
(1029,	19,	176,	11,	'01:44:45',	's',	'BK Steel Košice',	'17B'),
(1030,	13,	177,	16,	'01:43:56',	's',	'Sopka Seňa',	'63'),
(1031,	13,	178,	17,	'01:57:10',	's',	'Michalovce',	'58'),
(1032,	19,	178,	22,	'01:54:53',	's',	'Michalovce',	'20B'),
(1033,	22,	178,	20,	'02:11:44',	's',	'Michalovce',	'19B'),
(1034,	28,	178,	17,	'02:13:14',	's',	'Hatalov',	'12B'),
(1035,	31,	178,	22,	'02:02:42',	's',	'Michalovce',	'28A'),
(1036,	34,	178,	9,	'01:57:06',	's',	'neuvedený',	'4B'),
(1037,	36,	178,	47,	'05:02:08',	'C',	'Michalovce',	'58'),
(1038,	39,	178,	46,	'04:30:50',	'F',	'AC Michalovce',	'60'),
(1039,	42,	178,	55,	'04:43:50',	'C',	'AC Michalovce',	'74'),
(1040,	13,	179,	18,	'01:38:36',	's',	'Kama Prešov',	'57'),
(1041,	13,	180,	22,	'01:55:18',	's',	'Družstevník Budimír',	'82'),
(1042,	19,	180,	16,	'01:49:41',	's',	'ŠK Čižatice',	'23B'),
(1043,	13,	181,	22,	'01:44:05',	's',	'Družstevník Budimír',	'82'),
(1044,	16,	181,	8,	'01:44:03',	's',	'ŠK Budimír',	'13B'),
(1045,	19,	181,	16,	'01:44:55',	's',	'ŠKB Budimír',	'23A'),
(1046,	13,	182,	23,	'01:49:48',	's',	'Mk Sp.Noná Ves',	'56'),
(1047,	14,	182,	18,	'04:17:23',	'e',	'BK Cyklosun plus N.H.',	'93'),
(1048,	17,	182,	21,	'04:08:59',	'e',	'Mk Sp.Noná Ves',	'11'),
(1049,	20,	182,	36,	'04:10:33',	'F',	'Cyklosun Novoveská Huta',	'1č'),
(1050,	32,	182,	22,	'04:02:39',	'F',	'Spišská Nová Ves',	'122'),
(1051,	35,	182,	21,	'04:07:26',	'F',	'Spišská Nová Ves',	'113'),
(1052,	47,	182,	34,	'04:35:33',	'G',	'ŠKP Spišská Nová Ves',	'15'),
(1053,	13,	183,	24,	'02:04:33',	's',	'Košice',	'78'),
(1054,	13,	184,	25,	'02:05:05',	's',	'MBK Veľké Kapušany',	'68'),
(1055,	13,	185,	25,	'01:38:04',	's',	'ŠKB Budimír',	'68'),
(1056,	16,	185,	7,	'01:34:21',	's',	'ŠKB Budimír',	'22A'),
(1057,	19,	185,	17,	'01:36:50',	's',	'ŠKB Budimír',	'8A'),
(1058,	25,	185,	7,	'01:34:58',	's',	'ŠKB Budimír',	'13B'),
(1059,	31,	185,	11,	'01:41:25',	's',	'ŠKB Budimír',	'24A'),
(1060,	46,	185,	18,	'01:55:07',	'M',	'-',	NULL),
(1061,	10,	186,	13,	'01:47:08',	's',	'3-Klub Michalovce',	'74'),
(1062,	13,	186,	26,	'01:49:12',	's',	'TRi clu MI',	'65'),
(1063,	13,	187,	27,	'01:45:06',	's',	'O5 bežecký klub Furča',	'60'),
(1064,	16,	187,	11,	'01:53:25',	's',	'O5 bežecký klub Furča',	'3A'),
(1065,	18,	187,	34,	'04:02:35',	'C',	'05 BK Furča',	'50'),
(1066,	13,	188,	28,	'01:46:29',	's',	'Šaca',	'64'),
(1067,	16,	188,	10,	'01:47:40',	's',	'Maratónsky klub',	'6B'),
(1068,	19,	188,	15,	'01:48:43',	's',	'Šaca',	'4A'),
(1069,	28,	188,	8,	'01:53:40',	's',	'Košice-Šaca',	'17A'),
(1070,	13,	189,	29,	'02:03:27',	's',	'Bobor Košice',	'80'),
(1071,	13,	190,	29,	'01:52:05',	's',	'Košice',	'80'),
(1072,	19,	190,	19,	'01:46:26',	's',	'Košice',	'15B'),
(1073,	25,	190,	11,	'01:50:56',	's',	'O5 BK Furča Košice',	'03A'),
(1074,	31,	190,	9,	'01:48:59',	's',	'O5 BK Furča- Košice',	'05B'),
(1075,	37,	190,	17,	'01:50:40',	's',	'O5 BK Furča Košice',	'10B'),
(1076,	43,	190,	5,	'01:47:07',	'S',	'O5 Bežecký klub Furča',	'5B'),
(1077,	13,	191,	30,	'02:15:28',	's',	'Košice',	'72'),
(1078,	13,	192,	31,	'01:54:04',	's',	'Stator Košice',	'54'),
(1079,	37,	192,	18,	'01:57:03',	's',	'behnaboso.sk',	'4B'),
(1080,	42,	192,	53,	'04:36:34',	'A',	'-',	'27'),
(1081,	13,	193,	32,	'02:05:47',	's',	'Košice',	'55'),
(1082,	13,	194,	32,	'02:13:36',	's',	'Dara A Julka\'s',	'55'),
(1083,	14,	195,	6,	'03:24:51',	'e',	'PENATI',	'75'),
(1084,	17,	195,	8,	'03:33:01',	'e',	'PENATI',	'9'),
(1085,	20,	195,	9,	'03:27:54',	'B',	'PENATI Bratislava',	'3'),
(1086,	14,	196,	12,	'04:04:29',	'e',	'AK Svit',	'89'),
(1087,	26,	196,	21,	'03:55:44',	'F',	'AO Svit',	'14'),
(1088,	30,	196,	40,	'04:08:02',	'F',	'AO Svit',	'3'),
(1089,	32,	196,	19,	'03:59:16',	'F',	'AO Svit',	'105'),
(1090,	14,	197,	17,	'04:11:21',	'e',	'Metropol Košice',	'79'),
(1091,	15,	198,	2,	'02:54:36',	'B',	'Gelnica',	'43'),
(1092,	39,	198,	4,	'03:03:03',	'C',	'ŠK Budimír',	'37'),
(1093,	15,	199,	6,	'03:06:25',	'A',	'Jogging klub Dubnica n/V',	'39'),
(1094,	15,	200,	20,	'03:39:00',	'B',	'KHB Radegast',	'8'),
(1095,	15,	201,	31,	'04:07:32',	'B',	'Forma W.S.',	'20'),
(1096,	17,	201,	27,	'04:32:38',	'e',	'Forma W.S.',	'12'),
(1097,	20,	201,	33,	'04:07:52',	'B',	'FORMA Wodzislaw Slaski',	'11'),
(1098,	21,	201,	46,	'04:39:05',	'B',	'JAMES',	'39'),
(1099,	23,	201,	37,	'05:36:18',	'A',	'Forma Wodzislaw Slaski',	'6'),
(1100,	26,	201,	43,	'04:44:40',	'B',	'JAMES ',	'23'),
(1101,	29,	201,	34,	'05:31:18',	'B',	'JAMES',	'11'),
(1102,	30,	201,	58,	'04:48:28',	'C',	'MARAS team',	'25'),
(1103,	32,	201,	32,	'04:32:16',	'C',	'MARAS team',	'145'),
(1104,	33,	201,	51,	'04:35:39',	'C',	'MARAS team',	'35'),
(1105,	35,	201,	36,	'05:05:24',	'C',	'MARAS team',	'122'),
(1106,	36,	201,	46,	'04:57:17',	'C',	'MARAS team',	'32'),
(1107,	15,	202,	34,	'04:14:39',	'C',	'HGM Žilina',	'10'),
(1108,	15,	203,	37,	'04:25:19',	'A',	'Tušická Nová Ves',	'23'),
(1109,	15,	204,	40,	'04:37:23',	'B',	'WKB Meta Lubliniec',	'22'),
(1110,	15,	205,	45,	'00:00:00',	'F',	'WKB Meta Lubliniec',	'21'),
(1111,	10,	206,	2,	'01:16:30',	's',	'Energetik TU Košice',	'59'),
(1112,	16,	206,	1,	'01:20:02',	's',	'TJ Obalservis Košice',	'17B'),
(1113,	16,	207,	2,	'01:24:55',	's',	'TJ Obalservis Košice',	'9A'),
(1114,	16,	208,	3,	'01:21:16',	's',	'MBK Veľké Kapušany',	'10A'),
(1115,	16,	209,	3,	'01:25:51',	's',	'OŠK Vinné',	'10B'),
(1116,	16,	210,	5,	'01:28:55',	's',	'Košice',	'5A'),
(1117,	19,	210,	5,	'01:37:27',	's',	'05 BK Furča',	'2B'),
(1118,	22,	210,	2,	'01:23:50',	's',	'05 BK Furča Košice',	'11B'),
(1119,	23,	210,	12,	'04:09:47',	'A',	'05 BK Furča Košice',	'29'),
(1120,	25,	210,	1,	'01:22:32',	's',	'O5 BK Furča Košice',	'02A'),
(1121,	26,	210,	4,	'03:05:40',	'A',	'O5 BK Furča- Košice',	'2'),
(1122,	28,	210,	1,	'01:21:21',	's',	'O5 BK Furča Košice',	'2A'),
(1123,	31,	210,	2,	'01:20:54',	's',	'O5 BK Furča- Košice',	'01B'),
(1124,	34,	210,	1,	'01:20:37',	's',	'O5 BK Furča Košice',	'1A'),
(1125,	35,	210,	3,	'03:12:29',	'A',	'05 BK Furča - Košice',	'137'),
(1126,	37,	210,	9,	'01:24:03',	's',	'O5 BK Furča Košice',	'1B'),
(1127,	38,	210,	2,	'03:10:41',	'A',	'O5 BK Furča-Košice',	'121'),
(1128,	40,	210,	1,	'01:19:46',	's',	'O5 Bežecký klub Furča',	'25'),
(1129,	41,	210,	4,	'03:19:19',	'maraton',	'O5 BK Furča - Košice',	'103'),
(1130,	42,	210,	7,	'03:12:27',	'A',	'O5 BK Furča - Košice',	'33'),
(1131,	44,	210,	2,	'03:13:17',	'A',	'O5 Bežecký klub Furča',	'102'),
(1132,	46,	210,	1,	'01:23:10',	'M',	'O5 Bežecký klub Furča',	NULL),
(1133,	47,	210,	2,	'03:14:31',	'A',	'O5 BK Furča - Košice',	'13'),
(1134,	16,	211,	8,	'01:38:49',	's',	'KST Spišská Nová Ves',	'13A'),
(1135,	38,	211,	8,	'03:47:27',	'D',	'MK Tatran Spišská Nová Ves',	'127'),
(1136,	16,	212,	9,	'01:54:13',	's',	'Košice',	'21A'),
(1137,	19,	212,	13,	'01:48:04',	's',	'Košice',	'1B'),
(1138,	21,	212,	37,	'04:18:15',	'B',	'neregistrovaný',	'2'),
(1139,	25,	212,	10,	'01:37:33',	's',	'Košice',	'21A'),
(1140,	27,	212,	14,	'03:30:50',	'C',	'Košice',	'45'),
(1141,	29,	212,	11,	'04:00:35',	'C',	'Košice',	'32'),
(1142,	16,	213,	9,	'01:38:25',	's',	'Košice',	'21B'),
(1143,	17,	213,	15,	'03:57:32',	'e',	'Košice',	'23'),
(1144,	16,	214,	14,	'01:53:13',	's',	'MK Košice',	'8B'),
(1145,	22,	214,	14,	'01:54:04',	's',	'Maratónsky Klub Košice',	'6B'),
(1146,	25,	214,	5,	'01:41:40',	's',	'Maratónsky Klub Košice',	'16A'),
(1147,	46,	214,	13,	'01:52:08',	'M',	'Maratónsky klub Košice',	NULL),
(1148,	16,	215,	15,	'01:20:58',	's',	'BK Šaca',	'7A'),
(1149,	22,	215,	2,	'01:20:12',	's',	'BK Šaca',	'11A'),
(1150,	25,	215,	1,	'01:26:06',	's',	'BK Šaca',	'02B'),
(1151,	30,	215,	67,	'00:00:00',	'C',	'BK Šaca',	'66'),
(1152,	16,	216,	15,	'02:20:42',	's',	'BK Steel Košice',	'7B'),
(1153,	19,	216,	24,	'02:17:05',	's',	'BK Steel Košice',	'19B'),
(1154,	22,	216,	23,	'02:05:11',	's',	'BK Steel Košice',	'20A'),
(1155,	25,	216,	20,	'01:55:08',	's',	'BK Steel Košice',	'20A'),
(1156,	16,	217,	16,	'01:50:32',	's',	'BK Steel Košice',	'16A'),
(1157,	16,	218,	17,	'01:48:35',	's',	'Metropol Košice',	'14A'),
(1158,	19,	218,	14,	'01:46:56',	's',	'TJ Metropol Košice',	'3A'),
(1159,	22,	218,	13,	'01:43:06',	's',	'Metropol Košice',	'22A'),
(1160,	25,	218,	9,	'01:41:35',	's',	'Metropol Košice',	'17A'),
(1161,	28,	218,	13,	'01:40:30',	's',	'metropol KOSICE',	'16A'),
(1162,	16,	219,	20,	'01:58:58',	's',	'O5 bežecký klub Furča',	'19A'),
(1163,	16,	220,	21,	'02:21:30',	's',	'Marha83',	'2A'),
(1164,	16,	221,	21,	'01:57:04',	's',	'Marha83',	'2B'),
(1165,	17,	222,	18,	'04:03:27',	'e',	'Golden Royal Košice',	'25'),
(1166,	18,	222,	16,	'03:32:24',	'A',	'GRE NAT Košice',	'26'),
(1167,	20,	222,	21,	'03:48:46',	'A',	'Shell Košice',	'12'),
(1168,	22,	222,	4,	'01:30:02',	's',	'GRENAT Košice',	'18A'),
(1169,	25,	222,	2,	'01:30:29',	's',	'ALL4RUN Košice',	'05B'),
(1170,	28,	222,	6,	'01:43:24',	's',	'ALL4RUN Košice',	'25A'),
(1171,	37,	222,	3,	'01:34:28',	's',	'All4Run Košice',	'5A'),
(1172,	38,	222,	4,	'03:15:33',	'B',	'ALL4RUN Košice',	'134'),
(1173,	18,	223,	7,	'03:12:24',	'A',	'KST Margecany',	'38'),
(1174,	21,	223,	6,	'03:06:17',	'A',	'KST Margecany',	'43'),
(1175,	24,	223,	5,	'02:59:21',	'A',	'KST Margecany',	'25'),
(1176,	27,	223,	4,	'03:05:52',	'A',	'All4run Košice',	'42'),
(1177,	30,	223,	6,	'03:03:29',	'A',	'All4Run Margecany',	'41'),
(1178,	33,	223,	1,	'02:50:25',	'A',	'All4Run Margecany',	'25'),
(1179,	36,	223,	1,	'02:53:27',	'A',	'All4Run Margecany',	'1'),
(1180,	39,	223,	2,	'02:51:21',	'B',	'All4Run Margecany',	'1'),
(1181,	42,	223,	1,	'02:52:50',	'B',	'All4Run Margecany',	'41'),
(1182,	45,	223,	2,	'02:56:47',	'B',	'All4Run Margecany',	'1'),
(1183,	18,	224,	15,	'03:29:52',	'C',	'OŠK-Budkovce',	'34'),
(1184,	28,	224,	9,	'01:31:10',	's',	'OcU Budkovce',	'15A'),
(1185,	18,	225,	19,	'03:42:16',	'C',	'Liga 100 Praha',	'16'),
(1186,	18,	226,	25,	'03:50:32',	'C',	'Performance Art Sport Ke',	'22'),
(1187,	18,	227,	28,	'03:54:47',	'B',	'BSĽG Zvolen',	'6'),
(1188,	24,	227,	17,	'03:42:19',	'B',	'BSĽG Zvolen',	'7'),
(1189,	18,	228,	43,	'04:21:57',	'A',	'Železničná polícia Košice',	'9'),
(1190,	20,	228,	39,	'04:17:06',	'A',	'Železničná polícia Košice',	'5'),
(1191,	21,	228,	39,	'04:24:52',	'A',	'Železničná polícia KE',	'4'),
(1192,	23,	228,	28,	'04:46:43',	'A',	'Železničná polícia Košice',	'16'),
(1193,	24,	228,	44,	'04:32:07',	'A',	'Prezidium Policajného Zboru',	'8'),
(1194,	26,	228,	42,	'04:44:15',	'A',	'POLICAJNÝ ZBOR SK',	'12'),
(1195,	27,	228,	46,	'04:44:44',	'A',	'Policajný Zbor SR',	'11'),
(1196,	29,	228,	32,	'05:09:19',	'A',	'Policajný Zbor SR',	'7'),
(1197,	30,	228,	61,	'04:52:47',	'A',	'PZ',	'39'),
(1198,	32,	228,	35,	'05:13:40',	'A',	'MARAS team',	'141'),
(1199,	33,	228,	57,	'04:55:20',	'B',	'maras team',	'39'),
(1200,	35,	228,	37,	'05:09:51',	'B',	'maras team',	'121'),
(1201,	36,	228,	48,	'05:04:36',	'B',	'Maras - TEAM',	'10'),
(1202,	18,	229,	45,	'04:36:50',	'B',	'Bez klubu',	'14'),
(1203,	21,	229,	45,	'04:34:19',	'B',	'neuvedený',	'5'),
(1204,	23,	229,	16,	'04:23:21',	'B',	'Gelnica',	'13'),
(1205,	18,	230,	47,	'04:48:17',	'B',	'nieszrzeszony',	'11'),
(1206,	18,	231,	51,	'05:14:27',	'D',	'SABZO Praha',	'23'),
(1207,	18,	232,	52,	'00:00:00',	'A',	'LB Slančík',	'2M'),
(1208,	18,	233,	53,	'00:00:00',	'A',	'Supernova',	'3M'),
(1209,	21,	233,	50,	'00:00:00',	'A',	'Supernova',	'35'),
(1210,	19,	234,	1,	'01:16:32',	's',	'BK Šaca',	'7A'),
(1211,	25,	234,	12,	'01:36:39',	's',	'BK Šaca',	'10A'),
(1212,	27,	234,	5,	'03:08:25',	'A',	'BK Saca',	'30'),
(1213,	19,	235,	1,	'01:19:33',	's',	'ŠK Bánske',	'7B'),
(1214,	22,	235,	1,	'01:18:20',	's',	'ŠK Banské',	'8B'),
(1215,	19,	236,	2,	'01:17:56',	's',	'MBO OPARM Strážske',	'12B'),
(1216,	22,	236,	1,	'01:16:35',	's',	'MBO Strážske',	'8A'),
(1217,	24,	236,	1,	'02:47:45',	'B',	'MBO Strážske',	'37'),
(1218,	36,	236,	3,	'03:01:16',	'B',	'MBO Strážske',	'2'),
(1219,	19,	237,	3,	'01:23:06',	's',	'BKO Vyšná Myšľa',	'11B'),
(1220,	31,	237,	1,	'01:17:52',	's',	'Obal Servis Košice',	'25B'),
(1221,	19,	238,	4,	'01:27:31',	's',	'BK Steel Košice',	'22A'),
(1222,	37,	238,	2,	'01:27:04',	's',	'all4run',	'2A'),
(1223,	19,	239,	4,	'01:41:44',	's',	'BK Steel Košice',	'22B'),
(1224,	19,	240,	6,	'01:37:27',	's',	'MŠK TDM Klub Krompachy',	'16A'),
(1225,	19,	241,	8,	'01:51:28',	's',	'ART Optika',	'24A'),
(1226,	19,	242,	8,	'01:24:50',	's',	'ART Optika',	'24B'),
(1227,	28,	242,	24,	'01:25:38',	's',	'Art Optika Košice',	'24A'),
(1228,	31,	242,	3,	'01:25:16',	's',	'ART Optika Kosice',	'03B'),
(1229,	19,	243,	9,	'01:37:35',	's',	'BK Steel Košice',	'6A'),
(1230,	19,	244,	9,	'01:39:05',	's',	'BK Steel Košice',	'6B'),
(1231,	25,	244,	5,	'01:27:32',	's',	'BK Steel Košice',	'16B'),
(1232,	28,	244,	2,	'01:24:40',	's',	'Bk Steel Košice',	'13B'),
(1233,	33,	244,	5,	'03:05:09',	'A',	'BK Steel Košice',	'57'),
(1234,	37,	244,	8,	'01:25:50',	's',	'BK Steel Košice',	'3B'),
(1235,	40,	244,	2,	'01:22:30',	's',	'BK Steel Košice',	'11'),
(1236,	43,	244,	3,	'01:24:25',	'S',	'BK Steel Košice',	'51B'),
(1237,	44,	244,	8,	'03:27:28',	'A',	'BK Steel Košice',	'103'),
(1238,	46,	244,	2,	'01:28:57',	'M',	'BK Steel Košice',	NULL),
(1239,	19,	245,	10,	'01:38:35',	's',	'MBO OPARM Strážske',	'13A'),
(1240,	19,	246,	10,	'01:38:51',	's',	'MBO OPARM Strážske',	'13B'),
(1241,	22,	246,	3,	'01:33:32',	's',	'MBO Strážske',	'13A'),
(1242,	19,	247,	12,	'01:41:22',	's',	'BK Steel Košice',	'18A'),
(1243,	22,	247,	7,	'01:41:51',	's',	'BK Steel Košice',	'23B'),
(1244,	46,	247,	3,	'01:34:36',	'X',	'BK Steel Košice',	NULL),
(1245,	16,	248,	10,	'01:47:18',	's',	'Malé Ozorovce',	'6A'),
(1246,	19,	248,	15,	'01:43:18',	's',	'Malé Ozorovce',	'4B'),
(1247,	25,	248,	15,	'01:40:00',	's',	'Malé Ozorovce',	'18A'),
(1248,	19,	249,	18,	'01:49:52',	's',	'Košice',	'5A'),
(1249,	19,	250,	18,	'01:49:36',	's',	'Košice',	'5B'),
(1250,	21,	250,	52,	'00:00:00',	'B',	'neuvedený',	'45'),
(1251,	34,	250,	5,	'01:35:24',	's',	'BK PESA Kosice',	'11A'),
(1252,	35,	250,	13,	'03:37:09',	'C',	'Bk pesa Kosice',	'131'),
(1253,	46,	250,	16,	'01:40:39',	'X',	'BK Pesa Kosice',	NULL),
(1254,	19,	251,	20,	'01:56:06',	's',	'FOX KB Prešov',	'10B'),
(1255,	19,	252,	21,	'01:46:55',	's',	'SRO Košice',	'9A'),
(1256,	19,	253,	21,	'02:01:33',	's',	'Košice',	'9B'),
(1257,	20,	253,	31,	'04:05:04',	'A',	'-',	'26'),
(1258,	19,	254,	22,	'02:00:02',	's',	'Lesy Slovenskej republiky',	'20A'),
(1259,	19,	255,	23,	'02:02:15',	's',	'Pohrebníctvo AVE Košice',	'21A'),
(1260,	22,	255,	19,	'01:53:12',	's',	'URAM-Kamenosochárstvo',	'2A'),
(1261,	19,	256,	23,	'02:01:17',	's',	'Pohrebníctvo AVE Košice',	'21B'),
(1262,	25,	256,	15,	'02:04:00',	's',	'Enduro KLNB Kavečany',	'18B'),
(1263,	28,	256,	20,	'02:04:14',	's',	'Kavečany',	'21B'),
(1264,	20,	257,	2,	'03:09:36',	'A',	'TJ Start Náchod',	'16'),
(1265,	21,	257,	8,	'03:09:56',	'A',	'TJ START Náchod',	'42'),
(1266,	20,	258,	8,	'03:27:10',	'A',	'Košice',	'25'),
(1267,	42,	258,	11,	'03:28:58',	'B',	'O5 BK Furča - Košice',	'53'),
(1268,	44,	258,	7,	'03:25:03',	'B',	'Cesty Košice',	'117'),
(1269,	45,	258,	11,	'03:21:34',	'B',	'Ires Košice',	'9'),
(1270,	6,	259,	1,	'02:40:14',	'B',	'ENCS Hungary',	'35'),
(1271,	9,	259,	9,	'03:11:33',	'B',	'Brooks',	'1'),
(1272,	11,	259,	1,	'02:51:18',	'B',	'EUSC',	'21'),
(1273,	15,	259,	1,	'02:50:52',	'B',	'Belle Ex.Imp.Košice',	'15'),
(1274,	17,	259,	2,	'03:07:02',	'e',	'HELL Energy Encs',	'13'),
(1275,	18,	259,	40,	'04:14:10',	'B',	'Košice',	'1'),
(1276,	20,	259,	10,	'03:33:28',	'B',	'Encs',	'1'),
(1277,	21,	259,	11,	'03:11:45',	'B',	'Encs.Unix',	'32'),
(1278,	23,	259,	2,	'03:03:07',	'B',	'Encs Unix',	'4'),
(1279,	24,	259,	3,	'02:53:49',	'B',	'Encs Hungary',	'21'),
(1280,	29,	259,	2,	'03:07:36',	'B',	'Encs',	'1'),
(1281,	30,	259,	3,	'02:57:35',	'B',	'Madarsko',	'35'),
(1282,	32,	259,	1,	'03:01:21',	'B',	'Encs',	'101'),
(1283,	33,	259,	2,	'02:55:08',	'C',	'Forró',	'2'),
(1284,	35,	259,	4,	'03:16:35',	'C',	'FORRÓENCS',	'101'),
(1285,	36,	259,	2,	'02:56:59',	'C',	'BOLDOGKŐ VÁRA',	'23'),
(1286,	38,	259,	1,	'03:07:07',	'C',	'Boldogkovara',	'114'),
(1287,	39,	259,	5,	'03:06:42',	'C',	'FORRÓ',	'11'),
(1288,	41,	259,	3,	'03:08:47',	'maraton',	'FORRÓ - FANCSAL',	'101'),
(1289,	42,	259,	9,	'03:18:58',	'C',	'FORRÓ FANCSAL',	'61'),
(1290,	45,	259,	3,	'02:59:18',	'C',	'HEGYALJA 2050',	'31'),
(1291,	47,	259,	3,	'03:18:38',	'C',	'Hegyalja 2050',	'37'),
(1292,	20,	260,	13,	'03:38:33',	'B',	'Joging Trnava',	'33'),
(1293,	36,	260,	31,	'04:06:21',	'C',	'BK Malženice',	'25'),
(1294,	38,	260,	17,	'04:20:59',	'C',	'BK Malženice',	'105'),
(1295,	41,	260,	37,	'05:15:59',	'maraton',	'Ada Waste s.r.o.',	'104'),
(1296,	42,	260,	57,	'04:48:44',	'C',	'Ada Waste s.r.o.',	'63'),
(1297,	44,	260,	35,	'04:33:50',	'C',	'Ada Waste s.r.o',	'141'),
(1298,	45,	260,	52,	'05:04:41',	'C',	'Ada waste sro',	'42'),
(1299,	47,	260,	42,	'05:08:24',	'C',	'Ada Waste s.r.o',	'34'),
(1300,	20,	261,	15,	'03:43:07',	'A',	'neuvedený',	'35'),
(1301,	22,	261,	18,	'01:42:29',	's',	'Košice',	'7B'),
(1302,	20,	262,	27,	'03:56:49',	'C',	'US Steel.Sk',	'6'),
(1303,	20,	263,	28,	'03:59:03',	'D',	'MK Tatran Sp. Nová Ves',	'38'),
(1304,	23,	263,	19,	'04:24:29',	'D',	'MK Tatran Spišská NV',	'9'),
(1305,	24,	263,	29,	'04:04:11',	'D',	'MK Tatran Sp. Nová Ves',	'23'),
(1306,	26,	263,	32,	'04:10:28',	'D',	'MK Tatran Sp. Nová Ves',	'25'),
(1307,	27,	263,	38,	'04:04:51',	'D',	'MK Tatran Sp. Nová Ves',	'26'),
(1308,	29,	263,	22,	'04:30:45',	'D',	'MK Tatran Sp. Nová Ves',	'28'),
(1309,	30,	263,	50,	'04:25:17',	'D',	'MK Tatran Sp. Nová Ves',	'32'),
(1310,	32,	263,	33,	'04:43:42',	'D',	'MK Tatran Sp.Nová Ves',	'142'),
(1311,	33,	263,	49,	'04:17:49',	'D',	'MK Tatran Spišská Nová Ves',	'50'),
(1312,	35,	263,	30,	'04:43:16',	'D',	'MK Tatran Sp. Nová Ves',	'118'),
(1313,	36,	263,	38,	'04:25:57',	'D',	'MK Tatran Spišská Nová Ves',	'46'),
(1314,	38,	263,	25,	'04:46:07',	'D',	'MK Tatran Spišská Nová Ves',	'129'),
(1315,	39,	263,	44,	'04:24:43',	'D',	'MK Tatran Sp.Nová Ves',	'53'),
(1316,	41,	263,	32,	'04:43:06',	'maraton',	'MK Tatran Sp.Nová Ves',	'106'),
(1317,	44,	263,	36,	'04:35:42',	'E',	'MK Tatran Sp.N.Ves',	'152'),
(1318,	47,	263,	40,	'04:52:52',	'E',	'MK Tatran Sp.Nová Ves',	'52'),
(1319,	20,	264,	38,	'04:16:52',	'A',	'Bardejov',	'23'),
(1320,	20,	265,	44,	'04:24:15',	'C',	'Prešov',	'15'),
(1321,	21,	265,	42,	'04:29:35',	'C',	'Prešov',	'29'),
(1322,	23,	265,	23,	'04:32:58',	'C',	'Prešov',	'18'),
(1323,	24,	265,	28,	'04:03:00',	'C',	'Prešov',	'18'),
(1324,	26,	265,	23,	'03:58:29',	'C',	'Prešov',	'7'),
(1325,	27,	265,	40,	'04:12:43',	'C',	'Prešov',	'34'),
(1326,	30,	265,	39,	'04:07:23',	'C',	'OBS Prešov',	'31'),
(1327,	20,	266,	46,	'04:33:19',	'A',	'MK ZEBRÁK',	'50'),
(1328,	21,	266,	33,	'04:09:59',	'A',	'MK Kladno',	'8'),
(1329,	23,	266,	35,	'05:01:50',	'A',	'MK Kladno',	'32'),
(1330,	26,	266,	34,	'04:18:51',	'A',	'MK Kladno',	'36'),
(1331,	35,	266,	29,	'04:39:08',	'A',	'MK Kladno',	'141'),
(1332,	38,	266,	16,	'04:20:53',	'A',	'MK Kladno',	'138'),
(1333,	41,	266,	27,	'04:27:06',	'maraton',	'MK Kladno',	'115'),
(1334,	44,	266,	41,	'04:43:56',	'B',	'MK Kladno',	'124'),
(1335,	45,	266,	51,	'05:03:53',	'A',	'MK Kladno',	'55'),
(1336,	20,	267,	49,	'00:00:00',	'A',	'Košice - Furča',	'46'),
(1337,	21,	268,	10,	'03:11:00',	'C',	'OBS Prešov',	'34'),
(1338,	21,	269,	18,	'03:32:08',	'A',	'neregistrovaný',	'7'),
(1339,	23,	269,	7,	'03:48:22',	'A',	'BKP',	'20'),
(1340,	26,	269,	10,	'03:35:12',	'A',	'O5 BK Furča- Košice',	'4'),
(1341,	31,	269,	9,	'01:32:25',	's',	'O5 BK Furča- Košice',	'05A'),
(1342,	33,	269,	61,	'00:00:00',	'A',	'O5 BK Furča',	'32'),
(1343,	21,	270,	23,	'03:44:10',	'D',	'Poprad - Stráže',	'37'),
(1344,	23,	270,	11,	'04:03:01',	'D',	'Poprad - Stráže',	'21'),
(1345,	24,	270,	22,	'03:48:21',	'D',	'Poprad - Stráže',	'36'),
(1346,	27,	270,	28,	'03:53:29',	'D',	'Poprad - Stráže',	'52'),
(1347,	30,	270,	37,	'03:58:52',	'D',	'Poprad - Stráže',	'67'),
(1348,	1,	271,	20,	'03:54:20',	'E',	'ROTOR KE',	'0'),
(1349,	3,	271,	20,	'03:48:12',	'E',	'05 BK Furča',	'17'),
(1350,	6,	271,	30,	'04:21:10',	'F',	'O5 BK Furča - Košice',	'19'),
(1351,	9,	271,	35,	'04:05:10',	'F',	'O5 BK Furča',	'17'),
(1352,	11,	271,	24,	'03:57:10',	'F',	'O5 BK Furča- Košice',	'40'),
(1353,	12,	271,	34,	'03:59:55',	'F',	'O5 bežecký klub Furča',	'17'),
(1354,	15,	271,	41,	'04:40:46',	'F',	'O5 bežecký klub Furča',	'17'),
(1355,	18,	271,	29,	'03:55:08',	'F',	'05 BK Furča',	'17'),
(1356,	20,	271,	22,	'03:50:16',	'F',	'O5 BK FURČA Košice',	'17č'),
(1357,	21,	271,	29,	'03:59:24',	'F',	'O5 BK Furča Košice',	'17'),
(1358,	24,	271,	27,	'03:58:41',	'F',	'O5 BK Furča Košice',	'13'),
(1359,	27,	271,	39,	'04:09:52',	'F',	'O5 BK Furča',	'7'),
(1360,	30,	271,	36,	'03:58:31',	'F',	'O5 BK Furča- Košice',	'19'),
(1361,	32,	271,	21,	'04:02:23',	'F',	'O5 BK Furča- Košice',	'125'),
(1362,	33,	271,	42,	'03:57:51',	'F',	'O5 BK Furča',	'17'),
(1363,	36,	271,	27,	'03:59:22',	'F',	'O5 BK Furča Košice',	'56'),
(1364,	41,	271,	15,	'03:56:00',	'maraton',	'O5 BK Furča - Košice',	'110'),
(1365,	21,	272,	38,	'04:20:55',	'A',	'Reštaurácia Rubín - Krásna',	'16'),
(1366,	23,	272,	15,	'04:16:46',	'A',	'Reštaurácia Rubín KE - Krásna',	'7'),
(1367,	27,	272,	31,	'03:57:35',	'B',	'Reštaurácia Rubín, KE-Krásna',	'40'),
(1368,	30,	272,	52,	'04:27:50',	'B',	'Reštaurácia RUBÍN Ke-Krásna',	'27'),
(1369,	32,	272,	29,	'04:18:48',	'B',	'Reštaurácia RUBÍN KE- Krásna',	'109'),
(1370,	33,	272,	39,	'03:54:28',	'B',	'Reštaurácia RUBÍN Košice - Krásna',	'45'),
(1371,	38,	272,	24,	'04:36:59',	'B',	'Rešt.Rubín Košice-Krásna',	'135'),
(1372,	39,	272,	43,	'04:22:13',	'B',	'ReštauráciaRUBÍN Košice-Krásna',	'58'),
(1373,	41,	272,	31,	'04:41:12',	'maraton',	'Rešt. RUBÍN Košice - Krásna',	'133'),
(1374,	42,	272,	49,	'04:23:14',	'B',	'Reštaurácia RUBÍN Košice - Krásna',	'52'),
(1375,	44,	272,	33,	'04:26:27',	'B',	'Reštaurácia RUBÍN Košice - Krásna',	'123'),
(1376,	21,	273,	40,	'04:25:15',	'C',	'ME Martin',	'10'),
(1377,	27,	273,	36,	'04:02:52',	'D',	'Bs Tatran Turany',	'12'),
(1378,	29,	273,	27,	'04:44:49',	'D',	'Tatran Turany',	'9'),
(1379,	35,	273,	28,	'04:22:29',	'D',	'BS Tatran Turany',	'127'),
(1380,	38,	273,	27,	'04:59:19',	'D',	'bs Tatran Turany',	'125'),
(1381,	42,	273,	54,	'04:42:03',	'D',	'BS Tatran Turany',	'89'),
(1382,	44,	273,	44,	'04:58:36',	'D',	'bsTatran Turany',	'146'),
(1383,	22,	274,	4,	'01:30:17',	's',	'Stročín',	'18B'),
(1384,	25,	274,	2,	'01:25:58',	's',	'ALL4RUN Košice',	'05A'),
(1385,	28,	274,	6,	'01:25:38',	's',	'ALL4RUN Stročín',	'25B'),
(1386,	37,	274,	2,	'01:26:35',	's',	'all4run',	'2B'),
(1387,	22,	275,	5,	'01:31:00',	's',	'MŠK TDM klub Krompachy',	'14A'),
(1388,	22,	276,	6,	'01:44:52',	's',	'05 BK Furča Košice',	'9B'),
(1389,	24,	276,	19,	'03:43:33',	'A',	'O5 BK Furča Košice',	'14'),
(1390,	26,	276,	20,	'03:55:37',	'A',	'O5 BK Furča- Košice',	'21'),
(1391,	27,	276,	16,	'03:33:12',	'A',	'O5 BK Furča Košice',	'4'),
(1392,	29,	276,	7,	'03:49:11',	'A',	'O5 BK Furča Košice',	'14'),
(1393,	30,	276,	22,	'03:40:32',	'A',	'O5 BK Furča- Košice',	'36'),
(1394,	32,	276,	11,	'03:47:17',	'A',	'O5 BK Furča- Košice',	'103'),
(1395,	34,	276,	4,	'01:38:41',	's',	'O5 BEŽECKÝ KLUB FURČA',	'14B'),
(1396,	39,	276,	14,	'03:31:03',	'A',	'O5 BK Furča-Košice',	'3'),
(1397,	22,	277,	7,	'01:40:58',	's',	'BK Spišský Hrhov',	'23A'),
(1398,	31,	277,	7,	'01:28:29',	's',	'BK Spišský Hrhov',	'29B'),
(1399,	22,	278,	9,	'01:45:38',	's',	'Ružino Košice',	'10A'),
(1400,	25,	278,	6,	'01:39:44',	's',	'Maratónsky Klub Košice',	'19B'),
(1401,	31,	278,	5,	'01:33:28',	's',	'OZ BUNKRE',	'15A'),
(1402,	22,	279,	9,	'01:39:14',	's',	'Ružino Košice',	'10B'),
(1403,	25,	279,	6,	'01:32:22',	's',	'Maratónsky Klub Košice',	'19A'),
(1404,	31,	279,	5,	'01:30:03',	's',	'Maratónsky klub Košice',	'15B'),
(1405,	22,	280,	10,	'01:50:03',	's',	'ŠK Vyšná Šebastová',	'12A'),
(1406,	28,	280,	10,	'01:47:53',	's',	'Prešov',	'23A'),
(1407,	40,	280,	8,	'01:45:13',	's',	'Pomôž chudobným',	'35'),
(1408,	22,	281,	10,	'01:37:04',	's',	'ŠK Vyšná Šebastová',	'12B'),
(1409,	22,	282,	11,	'01:28:29',	's',	'BK Steel Košice',	'3A'),
(1410,	22,	283,	11,	'01:59:17',	's',	'Košice - KVP',	'3B'),
(1411,	22,	284,	12,	'01:43:02',	's',	'Sopka Seňa',	'17A'),
(1412,	25,	284,	13,	'01:46:10',	's',	'SOPKA Seňa',	'04B'),
(1413,	22,	285,	12,	'01:46:26',	's',	'Sečovce',	'17B'),
(1414,	31,	285,	18,	'01:53:06',	's',	'Sečovce',	'35B'),
(1415,	22,	286,	13,	'01:47:08',	's',	'CMTC Trebišov',	'22B'),
(1416,	25,	286,	16,	'01:48:48',	's',	'Fun Runners Trebišov',	'07A'),
(1417,	22,	287,	14,	'01:42:16',	's',	'Maratónsky Klub Košice',	'6A'),
(1418,	45,	287,	44,	'04:26:12',	'C',	'Gorlicka Grupa Biegowa',	'37'),
(1419,	13,	288,	12,	'01:41:55',	's',	'Kežmarok',	'75'),
(1420,	22,	288,	17,	'01:25:01',	's',	'Kežmarok',	'16A'),
(1421,	25,	288,	18,	'01:30:47',	's',	'Kežmarok',	'11A'),
(1422,	22,	289,	17,	'02:19:43',	's',	'Kežmarok',	'16B'),
(1423,	22,	290,	18,	'02:03:01',	's',	'Košice   ',	'7A'),
(1424,	22,	291,	19,	'01:57:34',	's',	'URAM-Kamenosochárstvo',	'2B'),
(1425,	31,	291,	1,	'01:19:06',	's',	'ATU Košice',	'25A'),
(1426,	22,	292,	20,	'01:52:05',	's',	'Hatalov',	'19A'),
(1427,	28,	292,	17,	'01:47:01',	's',	'Hatalov',	'12A'),
(1428,	31,	292,	22,	'01:42:45',	's',	'Hatalov',	'28B'),
(1429,	34,	292,	9,	'01:40:55',	's',	'AC Michalovcce',	'4A'),
(1430,	36,	292,	36,	'04:16:23',	'C',	'AC Michalovce',	'35'),
(1431,	39,	292,	29,	'03:57:02',	'C',	'AC Michalovce',	'30'),
(1432,	42,	292,	36,	'03:54:59',	'C',	'AC Michalovce',	'73'),
(1433,	45,	292,	45,	'04:29:18',	'C',	'AC-Michalovce',	'41'),
(1434,	47,	292,	35,	'04:40:16',	'C',	'AC Michalovce',	'38'),
(1435,	22,	293,	22,	'02:10:43',	's',	'neuvedený',	'24A'),
(1436,	22,	294,	22,	'02:08:08',	's',	'Metropol Košice',	'24B'),
(1437,	28,	294,	13,	'01:58:55',	's',	'Metropol KOSICE',	'16B'),
(1438,	31,	294,	27,	'02:03:53',	's',	'Metropol Košice',	'07A'),
(1439,	22,	295,	24,	'00:00:00',	's',	'URAM-Kamenosochárstvo',	'1A'),
(1440,	22,	296,	24,	'00:00:00',	's',	'URAM-Kamenosochárstvo',	'1B'),
(1441,	23,	297,	10,	'03:58:05',	'B',	'AŠKP Žilina',	'26'),
(1442,	24,	297,	25,	'03:54:58',	'B',	'AŠKP Žilina',	'40'),
(1443,	26,	297,	14,	'03:43:41',	'B',	'AŠKP Žilina',	'47'),
(1444,	29,	297,	8,	'03:57:22',	'B',	'ŠKP Žilina',	'31'),
(1445,	30,	297,	16,	'03:35:38',	'B',	'SKP Žilina',	'14'),
(1446,	33,	297,	24,	'03:38:51',	'C',	'ŠKP Žilina',	'38'),
(1447,	35,	297,	20,	'04:07:18',	'C',	'ŠKP Žilina',	'109'),
(1448,	36,	297,	15,	'03:41:29',	'C',	'ŠKP Žilina',	'33'),
(1449,	38,	297,	6,	'03:44:10',	'C',	'ŠKP Žilina',	'108'),
(1450,	39,	297,	15,	'03:35:45',	'C',	'ŠKP Žilina',	'36'),
(1451,	41,	297,	14,	'03:54:39',	'maraton',	'ŠKP Žilina',	'113'),
(1452,	45,	297,	31,	'04:10:33',	'C',	'ŠKP Žilina',	'34'),
(1453,	47,	297,	23,	'04:18:01',	'C',	'Žilina',	'40'),
(1454,	23,	298,	21,	'04:28:40',	'A',	'Košice',	'11'),
(1455,	24,	298,	40,	'04:19:35',	'A',	'O5 BK Furča Košice',	'5'),
(1456,	26,	298,	26,	'04:03:45',	'A',	'O5 BK Furča- Košice',	'24'),
(1457,	30,	298,	65,	'00:00:00',	'A',	'05 BK Furča- Košice',	'30'),
(1458,	32,	298,	25,	'04:12:49',	'A',	'O5 BK Furča- Košice',	'104'),
(1459,	38,	298,	30,	'05:53:58',	'A',	'O5 BK Furča-Košice',	'126'),
(1460,	39,	298,	53,	'05:07:35',	'A',	'O5 BK Furča-Košice',	'7'),
(1461,	41,	298,	35,	'05:11:57',	'maraton',	'O5 BK Furča - Košice',	'117'),
(1462,	44,	298,	42,	'04:50:16',	'A',	'o5 BK Furča - Košice',	'110'),
(1463,	45,	298,	48,	'04:52:39',	'A',	'o5 BK Furča - Košice',	'58'),
(1464,	47,	298,	30,	'04:28:27',	'A',	'O5 BK Furča - Košice',	'9'),
(1465,	23,	299,	36,	'05:27:02',	'C',	'Forma Wodzislaw Slaski',	'5'),
(1466,	26,	299,	39,	'04:32:41',	'C',	'SOAZ Prešov',	'28'),
(1467,	30,	299,	59,	'04:51:31',	'D',	'MARAS team',	'20'),
(1468,	24,	300,	8,	'03:08:39',	'A',	'O5 BK Furča Košice',	'17'),
(1469,	26,	300,	3,	'03:04:09',	'A',	'O5 BK Furča- Košice',	'17'),
(1470,	27,	300,	3,	'03:05:15',	'A',	'TJ Obal Servis Kosice',	'17'),
(1471,	30,	300,	9,	'03:14:04',	'A',	'TJ Obalservis Košice',	'17'),
(1472,	33,	300,	16,	'03:26:22',	'A',	'Kosice',	'14'),
(1473,	36,	300,	7,	'03:14:52',	'A',	'Košice',	'17'),
(1474,	24,	301,	13,	'03:22:26',	'C',	'Obalservis Košice',	'46'),
(1475,	27,	301,	9,	'03:22:21',	'C',	'Obalservis Košice',	'55'),
(1476,	24,	302,	15,	'03:31:00',	'D',	'OŠK Dobrá Niva',	'15'),
(1477,	27,	302,	18,	'03:35:05',	'D',	'OŠK Dobrá Niva',	'14'),
(1478,	29,	302,	10,	'04:00:22',	'D',	'OŠK Dobrá Niva',	'4'),
(1479,	32,	302,	15,	'03:55:40',	'D',	'OŠK Dobrá Niva',	'121'),
(1480,	36,	302,	26,	'03:56:01',	'D',	'OŠK Dobrá Niva',	'49'),
(1481,	41,	302,	12,	'03:51:43',	'maraton',	'OŠK Dobrá Niva',	'114'),
(1482,	42,	302,	30,	'03:51:51',	'D',	'Obecný športový klub Dobrá Niva',	'83'),
(1483,	44,	302,	29,	'04:18:57',	'D',	'OŠK Dobrá niva',	'143'),
(1484,	45,	302,	15,	'03:39:49',	'D',	'Obecný športový klub Dobrá Niva',	'20'),
(1485,	47,	302,	36,	'04:41:55',	'D',	'OŠK Dobrá Niva',	'49'),
(1486,	24,	303,	20,	'03:44:06',	'C',	'O5 BK Furča Košice',	'3'),
(1487,	37,	303,	20,	'02:03:29',	's',	'O5 BK Furča Košice',	'21B'),
(1488,	40,	303,	25,	'01:54:03',	's',	'O5 BK Furča-Košice',	'7'),
(1489,	46,	303,	20,	'02:08:58',	'M',	'O5 BK Furča Košice',	NULL),
(1490,	24,	304,	24,	'03:53:41',	'A',	'Košice',	'35'),
(1491,	24,	305,	35,	'04:11:39',	'A',	'O5 BK Furča Košice',	'2'),
(1492,	46,	305,	20,	'01:54:26',	'M',	'O5 BK Furča Košice',	NULL),
(1493,	24,	306,	37,	'04:15:42',	'A',	'O5 BK Furča Košice',	'27'),
(1494,	28,	306,	12,	'01:47:25',	's',	'O5 BK Furča Košice',	'7A'),
(1495,	31,	306,	19,	'01:46:24',	's',	'O5 BK Furča- Košice',	'04A'),
(1496,	34,	306,	8,	'01:43:38',	's',	'O5 BK Furča- Košice',	'9A'),
(1497,	36,	306,	41,	'04:36:50',	'B',	'O5 BK Furča Košice',	'11'),
(1498,	24,	307,	38,	'04:17:30',	'A',	'Košice',	'29'),
(1499,	24,	308,	45,	'04:35:25',	'F',	'Slávia PU Prešov',	'33'),
(1500,	26,	308,	40,	'04:35:32',	'F',	'Slávia PU Prešov',	'26'),
(1501,	30,	308,	41,	'04:10:02',	'F',	'LC basecamp Wipptal',	'33'),
(1502,	25,	309,	3,	'01:30:12',	's',	'O5 BK Furča Košice',	'06A'),
(1503,	26,	309,	13,	'03:37:49',	'A',	'O5 BK Furča- Košice',	'10'),
(1504,	27,	309,	50,	'00:00:00',	'A',	'05 BK Furča Košice',	'10'),
(1505,	29,	309,	20,	'04:25:22',	'A',	'O5 BK Furča Košice',	'6'),
(1506,	31,	309,	3,	'01:31:00',	's',	'O5 BK Furča- Košice',	'03A'),
(1507,	34,	309,	2,	'01:31:16',	's',	'O5 BK Furča',	'3B'),
(1508,	35,	309,	16,	'03:50:19',	'A',	'05 BK Furča - Košice',	'138'),
(1509,	25,	310,	3,	'01:36:39',	's',	'Košice',	'06B'),
(1510,	26,	310,	31,	'04:08:30',	'A',	'EMER Servis Košice',	'30'),
(1511,	27,	310,	17,	'03:34:38',	'A',	'www.misia24.sk',	'35'),
(1512,	29,	310,	6,	'03:38:03',	'A',	'www.Misia24.sk',	'26'),
(1513,	30,	310,	14,	'03:33:38',	'A',	'misia24.sk',	'21'),
(1514,	33,	310,	11,	'03:19:27',	'A',	'MISIA24.sk',	'30'),
(1515,	35,	310,	12,	'03:34:45',	'A',	'MISIA24.sk',	'106'),
(1516,	25,	311,	4,	'01:30:11',	's',	'Ocu Rokycany',	'12A'),
(1517,	30,	311,	20,	'03:39:10',	'B',	'Ocu Rokycany',	'23'),
(1518,	32,	311,	9,	'03:42:58',	'B',	'Ocu Rokycany',	'127'),
(1519,	36,	311,	18,	'03:46:26',	'B',	'Ocu Rokycany',	'13'),
(1520,	38,	311,	10,	'03:57:41',	'B',	'Ocu Rokycany',	'111'),
(1521,	42,	311,	24,	'03:44:10',	'C',	'Ocu rokycany',	'68'),
(1522,	44,	311,	23,	'04:05:48',	'C',	'Rokycany',	'136'),
(1523,	45,	311,	29,	'04:05:12',	'C',	'Rokycany',	'40'),
(1524,	25,	312,	4,	'01:37:49',	's',	'Ocu Brežany',	'12B'),
(1525,	25,	313,	8,	'01:43:15',	's',	'BK Spartak Medzev',	'15A'),
(1526,	31,	313,	11,	'01:44:30',	's',	'BK Spartak Medzev',	'24B'),
(1527,	40,	313,	20,	'01:44:33',	's',	'BK Spartak Medzev',	'33'),
(1528,	42,	313,	47,	'04:14:32',	'B',	'BK Spartak Medzev',	'51'),
(1529,	45,	313,	41,	'04:20:31',	'B',	'BK Spartak Medzev',	'12'),
(1530,	25,	314,	8,	'01:35:05',	's',	'BK Spartak Medzev',	'15B'),
(1531,	40,	314,	13,	'01:34:01',	's',	'BK SPARTAK MEDZEV',	'31'),
(1532,	25,	315,	9,	'01:39:33',	's',	'BK Šaca',	'17B'),
(1533,	25,	316,	11,	'01:40:04',	's',	'Zemplínske Hradište',	'03B'),
(1534,	25,	317,	12,	'01:55:07',	's',	'Košice',	'10B'),
(1535,	28,	317,	22,	'02:09:11',	's',	'www.bikepoint.sk',	'18B'),
(1536,	25,	318,	14,	'01:46:05',	's',	'Sečovce',	'08A'),
(1537,	25,	319,	14,	'01:49:53',	's',	'Košice',	'08B'),
(1538,	25,	320,	16,	'01:55:41',	's',	'Dobšiná',	'07B'),
(1539,	25,	321,	17,	'01:46:07',	's',	'BK Spišská Teplica',	'14A'),
(1540,	25,	322,	18,	'02:24:21',	's',	'Kežmarok',	'11B'),
(1541,	25,	323,	19,	'02:08:09',	's',	'Košice',	'09A'),
(1542,	25,	324,	19,	'02:02:28',	's',	'Košice',	'09B'),
(1543,	31,	324,	25,	'01:46:56',	's',	'Košice',	'09B'),
(1544,	25,	325,	20,	'02:24:58',	's',	'Košice',	'20B'),
(1545,	37,	325,	22,	'02:16:13',	's',	'bez príslušnosti',	'34B'),
(1546,	26,	326,	27,	'04:04:44',	'D',	'Štart Kežmarok',	'18'),
(1547,	29,	326,	18,	'04:21:07',	'D',	'Kežmarok',	'3'),
(1548,	33,	326,	45,	'04:07:09',	'D',	'MŠK Kežmarok',	'58'),
(1549,	27,	328,	1,	'02:50:25',	'A',	'ZS KORCZYNA',	'21'),
(1550,	27,	329,	6,	'03:10:12',	'B',	'Krosno-Suchodół',	'24'),
(1551,	27,	330,	10,	'03:22:26',	'B',	'Konomet Košice',	'53'),
(1552,	30,	330,	7,	'03:03:56',	'B',	'Buc Team Košice',	'10'),
(1553,	33,	330,	7,	'03:08:30',	'B',	'Slávia TU Košice',	'42'),
(1554,	27,	331,	15,	'03:31:22',	'A',	'New York Road Runners',	'25'),
(1555,	30,	331,	15,	'03:33:49',	'A',	'Mesto Svidnik',	'49'),
(1556,	33,	331,	12,	'03:20:34',	'B',	'Mesto Svidnik',	'49'),
(1557,	40,	331,	22,	'01:40:50',	's',	'Hasici Svidnik',	'6'),
(1558,	27,	332,	21,	'03:38:00',	'A',	'Krosno-Suchodół',	'23'),
(1559,	27,	333,	23,	'03:40:52',	'B',	'Rudník',	'31'),
(1560,	27,	334,	25,	'03:47:00',	'A',	'AT&T Kosice',	'29'),
(1561,	30,	334,	23,	'03:42:43',	'A',	'Ťahanovce',	'45'),
(1562,	33,	334,	13,	'03:23:52',	'B',	'AT&T Kosice',	'19'),
(1563,	27,	335,	29,	'03:57:25',	'D',	'Kechnec',	'43'),
(1564,	30,	335,	38,	'04:00:47',	'D',	'Kechnec',	'1'),
(1565,	33,	335,	37,	'03:53:12',	'D',	'Kechnec',	'23'),
(1566,	36,	335,	24,	'03:54:53',	'D',	'Kechnec',	'43'),
(1567,	39,	335,	33,	'04:02:21',	'D',	'Kechnec',	'47'),
(1568,	6,	336,	33,	'04:25:09',	'B',	'eMTe Trebišov',	'23'),
(1569,	12,	336,	41,	'04:15:47',	'B',	'EMTE Trebišov',	'42'),
(1570,	15,	336,	35,	'04:15:32',	'B',	'EMTE Trebišov',	'24'),
(1571,	17,	336,	16,	'03:57:32',	'e',	'eMTe Trebišov',	'28'),
(1572,	18,	336,	39,	'04:13:04',	'B',	'EVA Hrušov',	'33'),
(1573,	21,	336,	30,	'04:03:46',	'B',	'eMTe Trebišov',	'46'),
(1574,	24,	336,	23,	'03:51:49',	'B',	'eMTe Trebišov',	'45'),
(1575,	27,	336,	35,	'03:59:31',	'C',	'eMTe Trebišov',	'27'),
(1576,	30,	336,	57,	'04:46:34',	'C',	'eMTe TREBIŠOV',	'55'),
(1577,	33,	336,	52,	'04:36:39',	'C',	'eMTe Trebišov',	'51'),
(1578,	35,	336,	32,	'04:49:49',	'C',	'eMTe Trebišov',	'119'),
(1579,	36,	336,	44,	'04:52:17',	'C',	'eMTe TREBIŠOV',	'38'),
(1580,	39,	336,	48,	'04:52:35',	'C',	'eMTe Trebišov',	'42'),
(1581,	42,	336,	48,	'04:18:38',	'C',	'eMTe Trebišov',	'64'),
(1582,	45,	336,	40,	'04:18:14',	'C',	'eMTe Trebišov',	'38'),
(1583,	47,	336,	27,	'04:22:01',	'C',	'eMTe Trebišov',	'44'),
(1584,	27,	337,	42,	'04:19:33',	'C',	'TJ Sokol Ľubotice',	'16'),
(1585,	30,	337,	49,	'04:23:38',	'C',	'MARAS team',	'22'),
(1586,	27,	338,	48,	'04:58:57',	'C',	'OBS Prešov',	'36'),
(1587,	28,	339,	1,	'01:22:10',	's',	'Chemosvit Svit',	'2B'),
(1588,	30,	339,	8,	'03:07:01',	'A',	'AO Chemosvit Svit',	'56'),
(1589,	33,	339,	3,	'02:58:41',	'A',	'AO Svit',	'22'),
(1590,	28,	340,	2,	'01:29:30',	's',	'ŠK Pegas Košice',	'13A'),
(1591,	29,	340,	36,	'00:00:00',	'A',	'Pegas Košice',	'13'),
(1592,	33,	340,	15,	'03:25:10',	'B',	'Triatlonový klub Košice',	'28'),
(1593,	40,	340,	2,	'01:23:09',	's',	'BK Steel Košice',	'11'),
(1594,	28,	341,	3,	'01:41:26',	's',	'BK Steel Košice',	'10B'),
(1595,	28,	342,	4,	'01:34:57',	's',	'Metropol KE',	'8A'),
(1596,	31,	342,	6,	'01:32:48',	's',	'HK Metropol Kosice',	'12A'),
(1597,	28,	343,	4,	'01:36:27',	's',	'Metropol KE',	'8B'),
(1598,	31,	343,	6,	'01:35:13',	's',	'Kalas Racing Team',	'12B'),
(1599,	28,	344,	5,	'01:32:13',	's',	'Košická Nová Ves',	'4A'),
(1600,	31,	344,	10,	'01:48:37',	's',	'Košická Nová Ves',	'11B'),
(1601,	34,	344,	2,	'01:27:13',	's',	'neuvedený',	'3A'),
(1602,	28,	345,	5,	'01:41:09',	's',	'Košice',	'4B'),
(1603,	31,	345,	10,	'01:35:17',	's',	'T-Systems',	'11A'),
(1604,	28,	346,	7,	'01:35:26',	's',	'Košice',	'22A'),
(1605,	31,	346,	4,	'01:31:57',	's',	'Csrc',	'21B'),
(1606,	28,	347,	7,	'01:43:15',	's',	'Košice',	'22B'),
(1607,	31,	347,	4,	'01:31:33',	's',	'Košice',	'21A'),
(1608,	28,	348,	9,	'01:54:55',	's',	'OcU Budkovce',	'15B'),
(1609,	28,	349,	11,	'01:45:58',	's',	'Ladomírová',	'6A'),
(1610,	31,	349,	21,	'01:44:15',	's',	'Ladomírová',	'13A'),
(1611,	34,	349,	6,	'01:38:09',	's',	'Ladomirova',	'10A'),
(1612,	37,	349,	12,	'01:38:10',	's',	'Ladomirova',	'9A'),
(1613,	28,	350,	11,	'01:51:22',	's',	'Svidník',	'6B'),
(1614,	31,	350,	21,	'01:55:19',	's',	'Svidník',	'13B'),
(1615,	40,	350,	22,	'01:48:00',	's',	'Svidník',	'6'),
(1616,	28,	351,	14,	'01:48:03',	's',	'O5 BK Furča Košice',	'19A'),
(1617,	31,	351,	13,	'01:47:07',	's',	'O5 BK Furča- Košice',	'02A'),
(1618,	33,	351,	36,	'03:53:10',	'F',	'O5 BK Furča -Košice',	'16'),
(1619,	37,	351,	19,	'01:55:34',	's',	'O5 BK Furča Košice',	'11B'),
(1620,	43,	351,	11,	'01:49:27',	'S',	'O5 Bežecký klub Furča',	'31B'),
(1621,	44,	351,	25,	'04:07:52',	'F',	'O5 BK Furča',	'161'),
(1622,	45,	351,	33,	'04:11:44',	'F',	'O5 BK Furča',	'23'),
(1623,	47,	351,	24,	'04:19:05',	'F',	'O5 BK Furča - Košice',	'18'),
(1624,	28,	352,	14,	'01:52:58',	's',	'Maratonsky klub Košice',	'19B'),
(1625,	30,	352,	42,	'04:13:16',	'B',	'BK Steel Kosice',	'38'),
(1626,	34,	352,	5,	'01:49:32',	's',	'BK STEEL Košice',	'11B'),
(1627,	28,	353,	16,	'02:13:58',	's',	'Opatske strely',	'11A'),
(1628,	28,	354,	18,	'02:12:08',	's',	'SAMIOLI',	'5A'),
(1629,	43,	354,	14,	'01:58:15',	'S',	'samioli',	'10A'),
(1630,	46,	354,	27,	'02:01:33',	'M',	'SamiOli',	NULL),
(1631,	28,	355,	18,	'01:56:53',	's',	'LIVA Košice',	'5B'),
(1632,	43,	355,	14,	'02:02:37',	'S',	'LIVA Košice',	'10B'),
(1633,	46,	355,	27,	'02:14:34',	'M',	'LIVA Košice',	NULL),
(1634,	28,	356,	19,	'02:19:43',	's',	'Košice',	'3A'),
(1635,	31,	356,	27,	'02:04:51',	's',	'O5 BK Furča- Košice',	'07B'),
(1636,	34,	356,	13,	'01:56:54',	's',	'O5 BK Furča -Košice',	'5B'),
(1637,	36,	356,	49,	'05:11:50',	'F',	'O5 BK Furča Košice',	'55'),
(1638,	40,	356,	33,	'02:16:06',	's',	'O5 BK Furča-Košice',	'2'),
(1639,	42,	356,	59,	'04:51:02',	'F',	'O5 BK Furča - Košice',	'5'),
(1640,	45,	356,	56,	'05:32:43',	'F',	'O5 BK Furča',	'25'),
(1641,	47,	356,	48,	'06:24:34',	'F',	'O5 BK Furča - Košice',	'19'),
(1642,	28,	357,	19,	'01:50:40',	's',	'Košice',	'3B'),
(1643,	28,	358,	21,	'02:19:32',	's',	'Košice',	'14A'),
(1644,	28,	359,	21,	'01:59:45',	's',	'Humenné',	'14B'),
(1645,	28,	360,	22,	'02:15:15',	's',	'Cyklocentrum EU',	'18A'),
(1646,	28,	361,	23,	'02:17:40',	's',	'Sečovce',	'9A'),
(1647,	28,	362,	23,	'02:21:30',	's',	'OŠK Tušická Nová Ves',	'9B'),
(1648,	29,	363,	9,	'03:58:54',	'C',	'BSLG',	'21'),
(1649,	29,	364,	14,	'04:12:09',	'A',	'-',	'29'),
(1650,	29,	365,	16,	'04:17:43',	'B',	'čiga-biga team marathon',	'19'),
(1651,	30,	365,	46,	'04:20:38',	'B',	'Čiga- biga team marathon',	'26'),
(1652,	32,	365,	31,	'04:29:42',	'B',	'čiga-biga team marathon',	'146'),
(1653,	33,	365,	48,	'04:16:02',	'B',	'čiga biga team marathon',	'21'),
(1654,	35,	365,	25,	'04:18:12',	'B',	'čiga-biga team marathon',	'117'),
(1655,	29,	366,	21,	'04:25:22',	'A',	'Košice',	'33'),
(1656,	30,	366,	25,	'03:44:09',	'A',	'Košice',	'16'),
(1657,	32,	366,	26,	'04:15:46',	'A',	'O5 BK Furča- Košice',	'130'),
(1658,	33,	366,	25,	'03:40:01',	'B',	'O5 BK Furča -Košice',	'33'),
(1659,	37,	366,	16,	'01:50:40',	's',	'O5 BK Furča Košice',	'8B'),
(1660,	39,	366,	26,	'03:55:28',	'B',	'O5 BK Furča-Košice',	'19'),
(1661,	29,	367,	25,	'04:35:52',	'A',	'Železná studnička',	'10'),
(1662,	38,	367,	26,	'04:53:11',	'B',	'Železná studnička Bratislava',	'124'),
(1663,	30,	368,	1,	'02:53:26',	'B',	'ŽSR-Žst.Trenčín',	'48'),
(1664,	30,	369,	10,	'03:17:10',	'C',	'Gallak Slavičín',	'15'),
(1665,	35,	369,	9,	'03:30:49',	'C',	'Gallak Slavičín',	'126'),
(1666,	30,	370,	18,	'03:37:53',	'C',	'Furmint Košice',	'61'),
(1667,	30,	371,	19,	'03:37:56',	'A',	'Hačava',	'52'),
(1668,	30,	372,	47,	'04:22:03',	'A',	'Košice',	'34'),
(1669,	32,	372,	6,	'03:26:54',	'A',	'Jazero Košice',	'111'),
(1670,	30,	373,	48,	'04:23:35',	'B',	'Košice',	'8'),
(1671,	41,	373,	28,	'04:34:26',	'maraton',	'Košice',	'118'),
(1672,	42,	373,	50,	'04:24:47',	'B',	'-',	'48'),
(1673,	44,	373,	34,	'04:27:14',	'B',	'Košice',	'121'),
(1674,	45,	373,	49,	'04:57:25',	'B',	'Košice',	'10'),
(1675,	47,	373,	39,	'04:47:50',	'B',	'__',	'27'),
(1676,	30,	374,	55,	'04:42:15',	'F',	'Čiga- biga team marathon',	'5'),
(1677,	32,	374,	34,	'05:12:32',	'F',	'čiga-biga team marathon',	'147'),
(1678,	33,	374,	54,	'04:42:59',	'F',	'čiga biga team marathon',	'12'),
(1679,	35,	374,	33,	'04:57:57',	'F',	'čiga-biga team marathon',	'112'),
(1680,	30,	375,	60,	'04:51:52',	'B',	'Humenné',	'53'),
(1681,	33,	375,	28,	'03:45:44',	'B',	'Humenné',	'29'),
(1682,	36,	375,	28,	'04:01:30',	'B',	'Humenné',	'8'),
(1683,	47,	375,	16,	'04:06:13',	'C',	'Humenné',	'39'),
(1684,	31,	376,	2,	'01:26:56',	's',	'BK Steel Košice',	'01A'),
(1685,	31,	377,	8,	'01:37:19',	's',	'BK Spartak Medzev',	'17A'),
(1686,	31,	378,	8,	'01:42:36',	's',	'BK Spartak Medzev',	'17B'),
(1687,	34,	378,	10,	'01:49:26',	's',	'BK Spartak Medzev',	'12A'),
(1688,	40,	378,	26,	'01:43:39',	's',	'BK Spartak Medzev',	'3'),
(1689,	43,	378,	6,	'01:51:25',	'S',	'BK Spartak Medzev',	'3A'),
(1690,	31,	379,	12,	'01:28:30',	's',	'Cassovia ju jutsu Košice',	'26A'),
(1691,	31,	380,	12,	'01:59:32',	's',	'Košice',	'26B'),
(1692,	31,	381,	13,	'01:42:43',	's',	'ART Optika Kosice',	'02B'),
(1693,	31,	382,	14,	'01:59:23',	's',	'CrossFit Prešov',	'18A'),
(1694,	34,	382,	16,	'01:48:45',	's',	'Rebeľs gym Prešov',	'16B'),
(1695,	31,	383,	14,	'01:32:49',	's',	'OBS Prešov',	'18B'),
(1696,	31,	384,	16,	'01:43:58',	's',	'Košice',	'14A'),
(1697,	31,	385,	16,	'01:50:32',	's',	'Košice',	'14B'),
(1698,	28,	386,	16,	'01:43:32',	's',	'Košice',	'11B'),
(1699,	31,	386,	17,	'01:45:49',	's',	'PACOPRESS',	'20A'),
(1700,	31,	387,	17,	'01:50:08',	's',	'Košice',	'20B'),
(1701,	34,	387,	11,	'01:48:57',	's',	'Košické blesky',	'15B'),
(1702,	40,	387,	23,	'01:45:00',	's',	'Košice',	'22'),
(1703,	46,	387,	15,	'01:47:40',	'M',	'ZTS_OSSR',	NULL),
(1704,	31,	388,	19,	'01:51:54',	's',	'O5 BK Furča- Košice',	'04B'),
(1705,	34,	388,	7,	'01:43:15',	's',	'O5 Bk Furča',	'6B'),
(1706,	42,	388,	38,	'03:55:41',	'B',	'O5 BK Furča - Košice',	'54'),
(1707,	31,	389,	20,	'01:46:53',	's',	'BK Steel Košice',	'22A'),
(1708,	31,	390,	20,	'01:51:29',	's',	'BK Steel Košice',	'22B'),
(1709,	37,	390,	20,	'01:57:35',	's',	'BK Steel Košice',	'21A'),
(1710,	45,	390,	28,	'04:02:07',	'F',	'BK Steel Košice',	'30'),
(1711,	31,	391,	23,	'01:57:05',	's',	'BK Medzev',	'23A'),
(1712,	42,	391,	43,	'04:09:08',	'C',	'BK Spartak Medzev',	'76'),
(1713,	45,	391,	34,	'04:13:44',	'C',	'BK Spartak Medzev',	'45'),
(1714,	31,	392,	23,	'01:53:53',	's',	'BK Medzev',	'23B'),
(1715,	40,	392,	29,	'01:46:57',	's',	'BK Spartak Medzev',	'29'),
(1716,	46,	392,	14,	'01:55:05',	'M',	'BK Spartak Medzev',	NULL),
(1717,	31,	393,	24,	'01:50:57',	's',	'Košice',	'27A'),
(1718,	34,	393,	12,	'01:46:04',	's',	'Košice',	'7B'),
(1719,	37,	393,	11,	'01:46:28',	's',	'Košice',	'15B'),
(1720,	39,	393,	40,	'04:11:59',	'B',	'JustRUN',	'18'),
(1721,	42,	393,	39,	'03:56:43',	'B',	'Košice',	'49'),
(1722,	45,	393,	47,	'04:41:03',	'B',	'Košice',	'15'),
(1723,	31,	394,	25,	'02:07:38',	's',	'bez klubu',	'09A'),
(1724,	31,	395,	26,	'02:01:54',	's',	'neuvedený',	'16A'),
(1725,	34,	395,	17,	'01:57:08',	's',	'Prešov',	'17A'),
(1726,	36,	395,	34,	'04:08:34',	'F',	'Prešov',	'53'),
(1727,	31,	396,	26,	'01:54:47',	's',	' Michalovce',	'16B'),
(1728,	31,	397,	28,	'02:01:49',	's',	'Biotrend Košice',	'06A'),
(1729,	33,	397,	17,	'03:27:23',	'A',	'BIOtrend Košice',	'31'),
(1730,	31,	398,	29,	'02:26:22',	's',	'Košice',	'30B'),
(1731,	32,	399,	3,	'03:10:38',	'A',	'Akademik',	'116'),
(1732,	33,	399,	6,	'03:06:36',	'A',	'BK- Spartak Medzev',	'63'),
(1733,	40,	399,	6,	'01:31:49',	's',	'BK Spartak Medzev',	'30'),
(1734,	43,	399,	1,	'01:23:28',	'S',	'BK Spartak Medzev',	'2B'),
(1735,	32,	400,	5,	'03:25:28',	'A',	'ŠKB- Budimír',	'107'),
(1736,	33,	400,	8,	'03:12:25',	'A',	'SK-Budimir',	'41'),
(1737,	35,	400,	6,	'03:17:36',	'A',	'SK- Budimir',	'104'),
(1738,	32,	401,	28,	'04:16:32',	'A',	'neuvedený',	'120'),
(1739,	32,	402,	30,	'04:27:36',	'A',	'bez príslušnosti',	'123'),
(1740,	33,	403,	9,	'03:12:25',	'A',	'ŠKB Budimír',	'43'),
(1741,	35,	403,	5,	'03:17:35',	'A',	'ŠKB Budimír',	'105'),
(1742,	33,	404,	10,	'03:19:05',	'B',	'Bezecka skola Poprad',	'61'),
(1743,	33,	405,	20,	'03:33:00',	'B',	'Košice,Za dolným mlynom 3',	'4'),
(1744,	36,	405,	19,	'03:48:17',	'A',	'Klub čerstvo vyšľahaných',	'22'),
(1745,	42,	405,	21,	'03:39:46',	'A',	'Košice',	'32'),
(1746,	33,	406,	21,	'03:34:08',	'B',	'OZ ZJVS',	'56'),
(1747,	36,	406,	53,	'00:00:00',	'B',	'OZ ZVJS',	'3'),
(1748,	39,	406,	41,	'04:14:57',	'B',	'OZ ZVJS',	'25'),
(1749,	41,	406,	7,	'03:28:15',	'maraton',	'OZ ZVJS Košice',	'137'),
(1750,	42,	406,	8,	'03:16:15',	'B',	'O5 BK Furča - Košice',	'42'),
(1751,	44,	406,	6,	'03:20:59',	'B',	'05 BK FURČA',	'115'),
(1752,	45,	406,	21,	'03:53:05',	'B',	'O5 Bk Furča Košice',	'4'),
(1753,	47,	406,	14,	'03:56:50',	'B',	'O5 BK Furča - Košice',	'31'),
(1754,	33,	407,	23,	'03:38:30',	'A',	'East Muay Thai Club',	'20'),
(1755,	37,	407,	6,	'01:38:01',	's',	'Bosonožci',	'6B'),
(1756,	33,	408,	29,	'03:46:14',	'C',	'mala ida',	'10'),
(1757,	33,	409,	33,	'03:50:57',	'A',	'Hory Kysúc',	'55'),
(1758,	37,	409,	5,	'01:36:39',	's',	'Čadca',	'16B'),
(1759,	40,	409,	17,	'01:34:42',	's',	'Hory Kysúc',	'20'),
(1760,	33,	410,	34,	'03:51:24',	'A',	'KB Stropkov',	'44'),
(1761,	37,	410,	5,	'01:42:21',	's',	'Klub bežcov Stropkov ',	'16A'),
(1762,	40,	410,	17,	'01:48:28',	's',	'Klub bežcov Stropkov',	'20'),
(1763,	42,	410,	13,	'03:31:41',	'A',	'Stropkov',	'34'),
(1764,	33,	411,	43,	'04:01:26',	'C',	'Vranov nad Topľou',	'46'),
(1765,	33,	412,	53,	'04:42:12',	'A',	'neregistrovaný',	'27'),
(1766,	33,	413,	60,	'05:17:33',	'C',	'Košice',	'60'),
(1767,	36,	413,	51,	'05:22:31',	'C',	'Košice',	'30'),
(1768,	34,	414,	1,	'01:27:19',	's',	'ATU Kosice',	'1B'),
(1769,	34,	415,	6,	'01:49:56',	's',	'svet zdravia',	'10B'),
(1770,	37,	415,	12,	'01:51:07',	's',	'Svidník (svet zdravia)',	'9B'),
(1771,	34,	416,	7,	'01:48:58',	's',	'Kosice',	'6A'),
(1772,	36,	416,	12,	'03:39:25',	'A',	'O5 BK Furča Košice',	'16'),
(1773,	39,	416,	12,	'03:22:17',	'A',	'O5 BK Furča-Košice',	'9'),
(1774,	41,	416,	9,	'03:34:48',	'maraton',	'O5 BK FURCA',	'125'),
(1775,	42,	416,	6,	'03:09:29',	'B',	'O5 BK Furča - Košice',	'43'),
(1776,	44,	416,	3,	'03:14:46',	'B',	'O5 BK FURCA',	'114'),
(1777,	45,	416,	9,	'03:14:37',	'B',	'O5 BK FURČA',	'11'),
(1778,	47,	416,	7,	'03:32:15',	'B',	'O5 BK Furča - Košice',	'26'),
(1779,	34,	417,	8,	'01:53:28',	's',	'O5 BK Furča- Košice',	'9B'),
(1780,	34,	418,	11,	'01:55:40',	's',	'neuvedený',	'15A'),
(1781,	40,	418,	23,	'01:47:22',	's',	'AMKE',	'22'),
(1782,	46,	418,	15,	'01:56:35',	'M',	'ZTS_OSSR',	NULL),
(1783,	34,	419,	12,	'01:58:46',	's',	'USS Kosice',	'7A'),
(1784,	37,	419,	8,	'01:57:36',	's',	'USSK',	'3A'),
(1785,	34,	420,	13,	'01:54:45',	's',	'Kosice',	'5A'),
(1786,	37,	420,	19,	'01:51:06',	's',	'Košice',	'11A'),
(1787,	43,	420,	11,	'01:59:55',	'S',	'Košice',	'31A'),
(1788,	46,	420,	25,	'02:11:48',	'Ž',	'Košice',	NULL),
(1789,	34,	421,	14,	'01:58:09',	's',	'SVET ZDRAVIA , Nemocnica Svidník',	'13A'),
(1790,	37,	421,	21,	'02:01:04',	's',	'Svidník',	'13A'),
(1791,	34,	422,	14,	'01:54:25',	's',	'SVET ZDRAVIA , Nemocnica Svidník',	'13B'),
(1792,	34,	423,	15,	'01:55:17',	's',	'Kosice',	'20A'),
(1793,	34,	424,	16,	'02:06:56',	's',	'Rebeľs gym Prešov',	'16A'),
(1794,	34,	425,	17,	'02:30:02',	's',	'OBS Prešov',	'17B'),
(1795,	34,	426,	18,	'02:19:09',	's',	'Tahanovce',	'2A'),
(1796,	43,	426,	17,	'02:09:58',	'S',	'Active life',	'12B'),
(1797,	34,	427,	18,	'02:08:01',	's',	'Jazero Kosice',	'2B'),
(1798,	43,	427,	12,	'01:51:56',	'S',	'Active life',	'53A'),
(1799,	35,	428,	2,	'03:09:25',	'A',	'SPU Nitra',	'139'),
(1800,	38,	428,	3,	'03:11:01',	'A',	'SPU Nitra',	'137'),
(1801,	41,	428,	2,	'03:05:38',	'maraton',	'SPU Nitra',	'134'),
(1802,	42,	428,	3,	'03:00:17',	'A',	'O5 BK Furča - Košice',	'21'),
(1803,	44,	428,	1,	'03:03:25',	'A',	'O5 BK Furča Košice',	'101'),
(1804,	45,	428,	4,	'03:01:34',	'A',	'O5 BK Furča Košice',	'50'),
(1805,	47,	428,	1,	'03:05:35',	'A',	'O5 BK Furča - Košice',	'1'),
(1806,	35,	429,	7,	'03:21:40',	'A',	'Prešov',	'142'),
(1807,	36,	429,	4,	'03:08:50',	'A',	'Prešov',	'19'),
(1808,	38,	429,	32,	'00:00:00',	'A',	'MTC Vyšná Šebastová',	'110'),
(1809,	35,	430,	8,	'03:28:44',	'B',	'MČ Furča',	'136'),
(1810,	36,	430,	5,	'03:11:47',	'B',	'MČ Furča',	'5'),
(1811,	38,	430,	5,	'03:18:49',	'B',	'Furča',	'106'),
(1812,	39,	430,	13,	'03:30:43',	'B',	'neuvedený',	'61'),
(1813,	41,	430,	6,	'03:24:26',	'maraton',	'Kosice',	'129'),
(1814,	42,	430,	15,	'03:33:06',	'B',	'Košice',	'57'),
(1815,	45,	430,	12,	'03:29:07',	'C',	'Košice',	'60'),
(1816,	35,	431,	17,	'03:51:37',	'F',	'PUSZTASZABOLCS',	'114'),
(1817,	36,	431,	14,	'03:41:06',	'F',	'BOLDOGKŐ VÁRA',	'52'),
(1818,	39,	431,	31,	'03:58:08',	'F',	'FORRÓ',	'27'),
(1819,	41,	431,	17,	'03:59:05',	'maraton',	'FORRÓ - FANCSAL',	'136'),
(1820,	42,	431,	22,	'03:39:50',	'F',	'FORRÓ FANCSAL',	'3'),
(1821,	45,	431,	20,	'03:51:01',	'F',	'HEGYALJA 2050',	'21'),
(1822,	47,	431,	19,	'04:07:45',	'G',	'Hegyalja 2050',	'53'),
(1823,	36,	432,	9,	'03:22:22',	'B',	'Poprad ',	'9'),
(1824,	39,	432,	8,	'03:09:25',	'B',	'Poprad',	'20'),
(1825,	36,	433,	22,	'03:52:58',	'B',	'Bratislava',	'4'),
(1826,	36,	434,	32,	'04:07:18',	'D',	'MšK Kežmarok',	'57'),
(1827,	36,	435,	33,	'04:07:33',	'A',	'4everYounG',	'20'),
(1828,	39,	435,	27,	'03:56:14',	'A',	'Pro-body.sk triathlon team KE',	'5'),
(1829,	42,	435,	41,	'04:04:50',	'A',	'Pro- body triatlon team',	'31'),
(1830,	36,	436,	35,	'04:11:01',	'A',	'Spider Porúbka',	'21'),
(1831,	39,	436,	24,	'03:52:15',	'A',	'Spider Porubka',	'8'),
(1832,	47,	436,	22,	'04:12:16',	'A',	'Spider PORÚBKA',	'11'),
(1833,	36,	437,	42,	'04:36:56',	'B',	'Košice',	'15'),
(1834,	40,	437,	19,	'01:42:02',	's',	'O5 BK Furča-Košice',	'24'),
(1835,	42,	437,	28,	'03:49:13',	'B',	'O5 BK Furča - Košice',	'44'),
(1836,	44,	437,	14,	'03:52:33',	'B',	'05 BK Furča Košice',	'118'),
(1837,	45,	437,	18,	'03:44:30',	'B',	'05 BK Furča Košice',	'5'),
(1838,	47,	437,	13,	'03:54:27',	'B',	'O5 BK Furča - Košice',	'21'),
(1839,	36,	438,	52,	'00:00:00',	'B',	'bez príslušnosti',	'12'),
(1840,	37,	439,	1,	'01:21:38',	's',	'Stemi Slovakia- Svidnik',	'18A'),
(1841,	37,	440,	1,	'01:26:56',	's',	'AK TJ Slávia PU Prešov',	'18B'),
(1842,	37,	441,	3,	'01:32:02',	's',	'All4Run Košice',	'5B'),
(1843,	37,	442,	4,	'01:34:41',	's',	'Active life',	'17A'),
(1844,	37,	443,	4,	'01:31:50',	's',	'Active life',	'17B'),
(1845,	40,	443,	3,	'01:24:57',	's',	'Active life',	'16'),
(1846,	37,	444,	6,	'01:45:05',	's',	'Bosonožci',	'6A'),
(1847,	37,	445,	7,	'01:41:23',	's',	'Prešov',	'12A'),
(1848,	37,	446,	7,	'01:41:48',	's',	'CODE2B Košice',	'12B'),
(1849,	37,	447,	9,	'01:59:55',	's',	'bez príslušnosti',	'1A'),
(1850,	37,	448,	10,	'01:43:18',	's',	'bez príslušnosti',	'20B'),
(1851,	37,	449,	11,	'01:42:38',	's',	'Košice',	'15A'),
(1852,	37,	450,	13,	'01:30:48',	's',	'Furča',	'7A'),
(1853,	40,	450,	12,	'01:34:31',	's',	'O5 bežeckýklub Furča',	'32'),
(1854,	43,	450,	5,	'01:36:10',	'S',	'O5 Bežecký klub Furča',	'5A'),
(1855,	46,	450,	4,	'01:37:40',	'M',	'O5 BK Furča Košice',	NULL),
(1856,	47,	450,	20,	'04:08:20',	'A',	'O5 BK Furča - Košice',	'7'),
(1857,	37,	451,	13,	'02:02:36',	's',	'Furča',	'7B'),
(1858,	37,	452,	14,	'01:58:59',	's',	'behnaboso.sk',	'14A'),
(1859,	37,	453,	15,	'01:43:19',	's',	'Klub čerstvo vyšľahaných',	'19A'),
(1860,	37,	454,	15,	'01:55:57',	's',	'Klub čerstvo vyšľahaných',	'19B'),
(1861,	37,	455,	16,	'01:49:13',	's',	'Košice',	'8A'),
(1862,	40,	455,	24,	'01:50:07',	's',	'bez klubovej príslušnosti',	'15'),
(1863,	43,	455,	19,	'02:03:05',	'S',	'bez klubovej príslušnosti',	'58B'),
(1864,	37,	456,	18,	'01:47:12',	's',	'behnaboso.sk',	'4A'),
(1865,	37,	457,	21,	'02:09:46',	's',	'O5 BK Furča Košice',	'13B'),
(1866,	40,	457,	33,	'02:08:59',	's',	'O5 BK Furča-Košice',	'2'),
(1867,	43,	457,	19,	'02:12:55',	'S',	'05 BK Furca',	'58A'),
(1868,	38,	458,	9,	'03:51:56',	'A',	'Forrest Gump OSSR',	'130'),
(1869,	39,	458,	36,	'04:05:05',	'A',	'Forrest Gump OSSR',	'10'),
(1870,	38,	459,	15,	'04:16:18',	'D',	'BK Košice',	'131'),
(1871,	39,	461,	1,	'02:49:53',	'B',	'JM Demolex Bardejov',	'14'),
(1872,	39,	462,	3,	'02:58:51',	'A',	'Patriot runners Vranov',	'12'),
(1873,	39,	463,	6,	'03:07:09',	'B',	'ŠK Podbiel',	'16'),
(1874,	42,	463,	5,	'03:06:13',	'C',	'ŠK Podbiel',	'78'),
(1875,	45,	463,	7,	'03:10:59',	'C',	'ŠK Podbiel',	'33'),
(1876,	39,	464,	17,	'03:38:38',	'A',	'Bežci Lučenec',	'4'),
(1877,	39,	465,	18,	'03:44:28',	'C',	'NIKA WRC Rožňava',	'29'),
(1878,	39,	466,	23,	'03:51:40',	'A',	'neuvedený',	'2'),
(1879,	41,	466,	23,	'04:11:20',	'maraton',	'Bardejov',	'119'),
(1880,	42,	466,	17,	'03:34:17',	'A',	'DIFFERENT',	'25'),
(1881,	44,	466,	10,	'03:38:32',	'A',	'DIFFERENT',	'104'),
(1882,	45,	466,	13,	'03:34:15',	'A',	'DIFFERENT',	'52'),
(1883,	47,	466,	12,	'03:53:24',	'A',	'DIFFERENT',	'5'),
(1884,	39,	467,	25,	'03:52:29',	'F',	'O5 BK Furča-Košice',	'17'),
(1885,	42,	467,	34,	'03:53:39',	'F',	'O5 BK Furča - Košice',	'7'),
(1886,	45,	467,	27,	'03:59:36',	'F',	'O5 BK Furča, Košice',	'27'),
(1887,	47,	467,	31,	'04:28:27',	'G',	'O5 BK Furča - Košice',	'17'),
(1888,	39,	468,	28,	'03:56:37',	'F',	'Pro-body.sk triatlon team KE',	'55'),
(1889,	42,	468,	27,	'03:47:53',	'F',	'Pro-body triatlon team Kosice',	'4'),
(1890,	39,	469,	30,	'03:57:12',	'A',	'neuvedený',	'6'),
(1891,	42,	469,	25,	'03:45:44',	'A',	'.',	'28'),
(1892,	45,	469,	22,	'03:55:13',	'A',	'-',	'54'),
(1893,	39,	470,	34,	'04:03:42',	'C',	'Košice',	'32'),
(1894,	41,	470,	29,	'04:34:26',	'maraton',	'Košice',	'122'),
(1895,	42,	470,	33,	'03:53:12',	'C',	'Košice',	'65'),
(1896,	44,	470,	18,	'03:57:22',	'C',	'Košice',	'137'),
(1897,	39,	471,	39,	'04:09:24',	'B',	'IRONMAN TEAM LEVICE',	'23'),
(1898,	39,	472,	42,	'04:15:51',	'B',	'Zemplínska Široká',	'15'),
(1899,	41,	472,	22,	'04:08:19',	'maraton',	'Zemplínska Široká',	'132'),
(1900,	42,	472,	60,	'04:53:22',	'B',	'Zemplínska Široká',	'55'),
(1901,	44,	472,	37,	'04:37:53',	'B',	'Zemplínska Široká',	'120'),
(1902,	39,	473,	47,	'04:36:22',	'C',	'Prešov',	'44'),
(1903,	40,	474,	1,	'01:23:54',	's',	'BK Steel Košice',	'25'),
(1904,	40,	475,	3,	'01:26:53',	's',	'Active life',	'16'),
(1905,	40,	476,	4,	'01:27:00',	's',	'Klub Bežcov Stropkov',	'13'),
(1906,	44,	476,	4,	'03:17:38',	'C',	'Klub bežcov Stropkov',	'140'),
(1907,	45,	476,	8,	'03:12:11',	'C',	'Klub bežcov Stropkov',	'43'),
(1908,	40,	477,	4,	'01:25:46',	's',	'Klub Bežcov Stropkov',	'13'),
(1909,	40,	478,	5,	'01:36:18',	's',	'Terňa',	'14'),
(1910,	47,	478,	10,	'03:51:45',	'B',	'Terňa',	'28'),
(1911,	40,	479,	5,	'01:24:20',	's',	'Terňa',	'14'),
(1912,	40,	480,	6,	'01:29:56',	's',	'BK Spartak Medzev',	'30'),
(1913,	43,	480,	1,	'01:26:15',	'S',	'BK Spartak Medzev',	'2A'),
(1914,	40,	481,	7,	'01:28:30',	's',	'Poprad',	'34'),
(1915,	40,	482,	7,	'01:35:24',	's',	'Hôrka',	'34'),
(1916,	40,	483,	8,	'01:19:32',	's',	'Pomôž chudobným',	'35'),
(1917,	40,	484,	9,	'01:25:10',	's',	'Active Life',	'4'),
(1918,	40,	485,	9,	'01:39:50',	's',	'Active life',	'4'),
(1919,	40,	486,	10,	'01:32:10',	's',	'BT',	'27'),
(1920,	40,	487,	10,	'01:33:10',	's',	'BT',	'27'),
(1921,	40,	488,	11,	'01:32:46',	's',	'BK STEEL Košice',	'18'),
(1922,	40,	489,	11,	'01:32:45',	's',	'BK STEEL Košice',	'18'),
(1923,	43,	489,	6,	'01:34:45',	'S',	'BK Spartak Medzev',	'3B'),
(1924,	44,	489,	9,	'03:35:31',	'A',	'BK Spartak Medzev',	'106'),
(1925,	46,	489,	14,	'01:47:25',	'M',	'BK Spartak Medzev',	NULL),
(1926,	47,	489,	11,	'03:52:49',	'A',	'BK Spartak Medzev',	'2'),
(1927,	40,	490,	13,	'01:35:22',	's',	'BK SPARTAK MEDZEV',	'31'),
(1928,	42,	490,	18,	'03:36:48',	'A',	'BK Spartak Medzev',	'29'),
(1929,	40,	491,	14,	'01:44:52',	's',	'FREE RUNERS',	'12'),
(1930,	40,	492,	15,	'01:35:23',	's',	'Krunners',	'23'),
(1931,	40,	493,	15,	'01:44:10',	's',	'VSE',	'23'),
(1932,	40,	494,	16,	'01:38:05',	's',	'BK STEEL',	'5'),
(1933,	40,	495,	16,	'01:43:28',	's',	'Active Life Košice',	'5'),
(1934,	43,	495,	9,	'01:46:12',	'S',	'Active life Košice',	'54A'),
(1935,	46,	495,	8,	'01:39:30',	'X',	'Active Life Košice',	NULL),
(1936,	40,	496,	18,	'01:32:04',	's',	'MBO Strazske',	'17'),
(1937,	43,	496,	7,	'01:37:29',	'S',	'MBO Strážske',	'9B'),
(1938,	40,	497,	18,	'01:51:48',	's',	'Moravany',	'17'),
(1939,	43,	497,	7,	'01:56:24',	'S',	'MBO Strážske',	'9A'),
(1940,	40,	498,	19,	'01:41:56',	's',	'O5 BK Furča-Košice',	'24'),
(1941,	40,	499,	20,	'01:40:13',	's',	'BK Spartak Medzev',	'33'),
(1942,	40,	500,	21,	'01:37:25',	's',	'Klub bežcov Stropkov',	'21'),
(1943,	40,	501,	21,	'01:48:23',	's',	'klub bežcov Stropkov',	'21'),
(1944,	40,	502,	24,	'01:43:27',	's',	'Košice',	'15'),
(1945,	40,	503,	25,	'01:45:04',	's',	'O5 BK Furča-Košice',	'7'),
(1946,	46,	503,	17,	'01:50:41',	'M',	'O5 BK Furča Košice',	NULL),
(1947,	40,	504,	27,	'01:47:30',	's',	'bez klubovej príslušnosti',	'9'),
(1948,	40,	505,	27,	'01:57:19',	's',	'bez klubovej príslušnosti',	'9'),
(1949,	42,	505,	19,	'03:36:48',	'A',	'-',	'24'),
(1950,	45,	505,	25,	'03:58:22',	'A',	'bez klubovej prislusnoti',	'53'),
(1951,	40,	506,	28,	'01:59:04',	's',	'ATU Košice',	'28'),
(1952,	40,	507,	28,	'02:00:02',	's',	'ATU Košice',	'28'),
(1953,	40,	508,	30,	'01:46:39',	's',	'O5 BK Furča-Košice',	'10'),
(1954,	42,	508,	40,	'04:01:37',	'A',	'O5 BK Furča - Košice',	'22'),
(1955,	44,	508,	39,	'04:38:58',	'A',	'O5 Bežecký klub Furča Košice',	'107'),
(1956,	47,	508,	38,	'04:46:12',	'A',	'O5 BK Furča - Košice',	'8'),
(1957,	40,	509,	31,	'02:03:40',	's',	'Brasko klub',	'36'),
(1958,	40,	510,	32,	'02:12:07',	's',	'Active Life',	'1'),
(1959,	40,	511,	32,	'01:55:43',	's',	'Active Life',	'1'),
(1960,	40,	512,	34,	'02:09:44',	's',	'MUKA',	'19'),
(1961,	43,	512,	15,	'01:58:15',	'S',	'MUKA ',	'56A'),
(1962,	40,	513,	34,	'02:25:24',	's',	'MUKA Košice',	'19'),
(1963,	43,	513,	15,	'02:02:37',	'S',	'MUKA Košice',	'56B'),
(1964,	41,	514,	1,	'02:49:29',	'maraton',	'Hoka Team Hungary',	'124'),
(1965,	41,	515,	5,	'03:22:53',	'maraton',	'MVSI',	'123'),
(1966,	41,	516,	8,	'03:31:18',	'maraton',	'LKVD Dobšiná',	'131'),
(1967,	41,	517,	11,	'03:49:22',	'maraton',	'SKŠ Jablonné v Podještědí',	'109'),
(1968,	41,	518,	13,	'03:54:30',	'maraton',	'nie',	'102'),
(1969,	41,	519,	16,	'03:58:17',	'maraton',	'TJ Odboj Kurov',	'135'),
(1970,	41,	520,	20,	'04:06:18',	'maraton',	'AC Rumburk',	'108'),
(1971,	41,	521,	30,	'04:40:40',	'maraton',	'Trnava',	'105'),
(1972,	44,	521,	32,	'04:25:06',	'C',	'Trnava',	'138'),
(1973,	45,	521,	46,	'04:37:47',	'C',	'Trnava',	'46'),
(1974,	47,	521,	37,	'04:44:53',	'C',	'Trnava',	'35'),
(1975,	42,	522,	2,	'02:54:14',	'A',	'Nová Dubnica',	'26'),
(1976,	42,	524,	23,	'03:40:19',	'B',	'Košice',	'46'),
(1977,	45,	524,	19,	'03:46:46',	'B',	'Košice',	'7'),
(1978,	47,	524,	17,	'04:06:21',	'B',	'Kosice',	'29'),
(1979,	42,	525,	26,	'03:46:56',	'C',	'www.behej.com',	'75'),
(1980,	42,	526,	32,	'03:53:06',	'A',	'-',	'30'),
(1981,	42,	527,	56,	'04:47:07',	'B',	'Full Moon Runners',	'56'),
(1982,	42,	528,	58,	'04:49:35',	'F',	'konštrukta',	'6'),
(1983,	43,	529,	2,	'01:33:03',	'S',	'MTC Vyšná Šebastová',	'8A'),
(1984,	46,	529,	6,	'01:34:34',	'M',	'MTC Vyšná Śebastová',	NULL),
(1985,	43,	530,	2,	'01:37:30',	'S',	'Vranov nad Topľou',	'8B'),
(1986,	43,	531,	3,	'01:49:14',	'S',	'ŠK pre Radosť',	'51A'),
(1987,	44,	531,	24,	'04:05:50',	'F',	'ŠK pre Radosť',	'163'),
(1988,	45,	531,	39,	'04:18:01',	'F',	'ŠK pre Radosť',	'22'),
(1989,	43,	532,	4,	'01:50:38',	'S',	'Active Life',	'6A'),
(1990,	46,	532,	12,	'02:04:40',	'M',	'Košice',	NULL),
(1991,	43,	533,	8,	'01:41:37',	'S',	'Freerunners',	'7B'),
(1992,	43,	534,	9,	'01:52:03',	'S',	'Active life',	'54B'),
(1993,	46,	534,	8,	'01:55:00',	'X',	'Active life Košice',	NULL),
(1994,	43,	535,	10,	'01:53:54',	'S',	'neuvedený',	'55A'),
(1995,	46,	535,	21,	'02:00:18',	'X',	'KdyžNemůžešTakPřidej',	NULL),
(1996,	47,	535,	51,	'00:00:00',	'F',	'KdyžNemůžešTakPřidej',	'20'),
(1997,	43,	536,	10,	'01:54:02',	'S',	'neuvedený',	'55B'),
(1998,	46,	536,	21,	'02:06:12',	'X',	'KdyžNemůžešTakPřidej',	NULL),
(1999,	47,	536,	41,	'04:55:25',	'A',	'KdyžNemůžešTakPřidej',	'14'),
(2000,	43,	537,	12,	'01:58:30',	'S',	'Active life',	'53B'),
(2001,	43,	538,	13,	'02:06:56',	'S',	'BK HURIKÁN VALALIKY',	'52A'),
(2002,	44,	538,	45,	'04:59:10',	'F',	'O5 BK Furča',	'162'),
(2003,	46,	538,	28,	'02:18:10',	'X',	'ValSport',	NULL),
(2004,	43,	539,	17,	'01:55:58',	'S',	'URBAN RUNNING TEAM',	'12A'),
(2005,	46,	539,	29,	'02:04:28',	'M',	'Active life',	NULL),
(2006,	43,	540,	18,	'02:11:36',	'S',	'LK Metropol Košice',	'4B'),
(2007,	43,	541,	20,	'02:29:35',	'S',	'-',	'13B'),
(2008,	43,	542,	21,	'02:13:15',	'S',	'O5 BK Furča',	'57A'),
(2009,	46,	542,	32,	'02:30:17',	'X',	'O5 BK Furča Košice',	NULL),
(2010,	44,	543,	15,	'03:53:59',	'A',	'ProRun Moldava',	'105'),
(2011,	44,	544,	17,	'03:56:45',	'C',	'Šulywander',	'135'),
(2012,	47,	544,	9,	'03:51:19',	'C',	'Šulywander',	'43'),
(2013,	44,	545,	26,	'04:14:37',	'C',	'Košice',	'139'),
(2014,	45,	546,	10,	'03:21:26',	'B',	'Liga proti rakovine',	'2'),
(2015,	45,	547,	16,	'03:40:28',	'A',	'ProRun Moldava',	'56'),
(2016,	45,	548,	37,	'04:16:55',	'B',	'Jaklovce',	'13'),
(2017,	45,	549,	43,	'04:24:32',	'A',	'PMJ KE',	'57'),
(2018,	47,	549,	21,	'04:11:56',	'A',	'PMJ KE',	'6'),
(2019,	45,	550,	50,	'05:01:48',	'F',	'-',	'26'),
(2020,	46,	551,	1,	'01:27:18',	'M',	'Senátor Záborské',	NULL),
(2021,	46,	552,	2,	'01:29:15',	'M',	'BK Steel Košice',	NULL),
(2022,	46,	553,	4,	'01:27:13',	'M',	'BK Levoča',	NULL),
(2023,	47,	553,	6,	'03:27:39',	'B',	'BK Levoča',	'23'),
(2024,	46,	554,	5,	'01:29:48',	'M',	'Freerunners Košice',	NULL),
(2025,	46,	555,	5,	'01:35:30',	'M',	'Košický samosprávny kraj',	NULL),
(2026,	46,	556,	6,	'01:38:46',	'M',	'ZasRun Šarišské Bohdanovce',	NULL),
(2027,	46,	557,	7,	'01:43:10',	'M',	'bez príslušnosti',	NULL),
(2028,	46,	558,	7,	'01:43:55',	'M',	'bez príslušnosti',	NULL),
(2029,	46,	559,	9,	'01:45:15',	'M',	'Košice',	NULL),
(2030,	46,	560,	9,	'01:49:25',	'M',	'Maratónsky klub Košice',	NULL),
(2031,	46,	561,	11,	'01:50:55',	'M',	'OŠK Ludrová',	NULL),
(2032,	46,	562,	11,	'01:48:25',	'M',	'OŠK Ludrová',	NULL),
(2033,	46,	563,	13,	'01:48:18',	'M',	'Košice',	NULL),
(2034,	46,	564,	18,	'02:00:48',	'M',	'ŠK Budimír',	NULL),
(2035,	46,	565,	22,	'02:07:05',	'M',	'Bujarí Bujaci',	NULL),
(2036,	46,	566,	22,	'02:00:24',	'M',	'Bujarí Bujaci',	NULL),
(2037,	46,	567,	24,	'01:55:45',	'M',	'O5 BK Furča Košice',	NULL),
(2038,	46,	568,	24,	'02:15:41',	'M',	'O5 BK Furča Košice',	NULL),
(2039,	46,	569,	29,	'02:21:15',	'M',	'Active life',	NULL),
(2040,	46,	570,	30,	'02:19:13',	'M',	'Mesto Sečovce',	NULL),
(2041,	46,	571,	30,	'02:08:04',	'M',	'Železnice Slovenskej republiky',	NULL),
(2042,	46,	572,	10,	'01:53:25',	'X',	'bez príslušnosti',	NULL),
(2043,	46,	573,	10,	'01:42:00',	'X',	'bez príslušnosti',	NULL),
(2044,	46,	574,	16,	'02:07:17',	'X',	'BK Pesa Kosice',	NULL),
(2045,	46,	575,	23,	'01:55:26',	'X',	'O5 BK Furča Košice',	NULL),
(2046,	46,	576,	23,	'02:15:59',	'X',	'pre zdravie',	NULL),
(2047,	46,	577,	26,	'02:24:22',	'X',	'Stropkov',	NULL),
(2048,	46,	578,	26,	'01:50:18',	'X',	'Stropkov',	NULL),
(2049,	46,	579,	28,	'02:06:15',	'X',	'valsport',	NULL),
(2050,	46,	580,	32,	'02:09:27',	'X',	'FREE RUNNERS',	NULL),
(2051,	46,	581,	25,	'01:59:56',	'Ž',	'Prešov',	NULL),
(2052,	46,	582,	31,	'02:21:03',	'Ž',	'Prešov',	NULL),
(2053,	46,	583,	31,	'02:14:59',	'Ž',	'Prešov',	NULL),
(2054,	47,	584,	4,	'03:22:47',	'B',	'arbe team',	'32'),
(2055,	47,	585,	5,	'03:25:00',	'A',	'LafargeHolcim',	'3'),
(2056,	47,	586,	25,	'04:19:22',	'A',	'KE-GHETTO',	'12'),
(2057,	47,	587,	26,	'04:21:43',	'B',	'O5 BK Furča - Košice',	'24'),
(2058,	47,	588,	43,	'05:09:10',	'C',	'Žilina',	'41'),
(2059,	47,	589,	45,	'05:30:47',	'C',	'Humenné',	'45'),
(2060,	47,	590,	49,	'00:00:00',	'A',	'Dusan Drabik',	'4');

INSERT INTO `run` (`id`, `name`, `run_date`, `edition`, `event_id`) VALUES
(1,	'Furčiansky maratón',	'2003-03-22',	0,	1),
(2,	'Štafetový maratón',	'2003-03-22',	0,	3),
(3,	'Furčiansky maratón',	'2004-03-20',	1,	1),
(4,	'Štafetový maratón',	'2004-03-20',	1,	3),
(5,	'eXtrém maratón',	'2004-07-17',	1,	2),
(6,	'Furčiansky maratón',	'2005-03-26',	2,	1),
(7,	'Štafetový maratón',	'2005-03-26',	2,	3),
(8,	'eXtrém maratón',	'2005-07-30',	2,	2),
(9,	'Furčiansky maratón',	'2006-03-26',	3,	1),
(10,	'Štafetový maratón',	'2006-03-26',	3,	3),
(11,	'eXtrém maratón',	'2006-07-29',	3,	2),
(12,	'Furčiansky maratón',	'2007-03-24',	4,	1),
(13,	'Štafetový maratón',	'2007-03-24',	4,	3),
(14,	'eXtrém maratón',	'2007-07-28',	4,	2),
(15,	'Furčiansky maratón',	'2008-03-22',	5,	1),
(16,	'Štafetový maratón',	'2008-03-22',	5,	3),
(17,	'eXtrém maratón',	'2008-07-26',	5,	2),
(18,	'Furčiansky maratón',	'2009-03-21',	6,	1),
(19,	'Štafetový maratón',	'2009-03-21',	6,	3),
(20,	'eXtrém maratón',	'2009-07-25',	6,	2),
(21,	'Furčiansky maratón',	'2010-03-20',	7,	1),
(22,	'Štafetový maratón',	'2010-03-20',	7,	3),
(23,	'eXtrém maratón',	'2010-07-24',	7,	2),
(24,	'Furčiansky maratón',	'2011-04-09',	8,	1),
(25,	'Štafetový maratón',	'2011-04-09',	8,	3),
(26,	'eXtrém maratón',	'2011-07-23',	8,	2),
(27,	'Furčiansky maratón',	'2012-04-14',	9,	1),
(28,	'Štafetový maratón',	'2012-04-14',	9,	3),
(29,	'eXtrém maratón',	'2012-07-28',	9,	2),
(30,	'Furčiansky maratón',	'2013-04-13',	10,	1),
(31,	'Štafetový maratón',	'2013-04-13',	10,	3),
(32,	'eXtrém maratón',	'2013-07-27',	10,	2),
(33,	'Furčiansky maratón',	'2014-04-12',	11,	1),
(34,	'Štafetový maratón',	'2014-04-12',	11,	3),
(35,	'eXtrém maratón',	'2014-07-26',	11,	2),
(36,	'Furčiansky maratón',	'2015-04-11',	12,	1),
(37,	'Štafetový maratón',	'2015-04-11',	12,	3),
(38,	'eXtrém maratón',	'2015-07-25',	12,	2),
(39,	'Furčiansky maratón',	'2016-04-09',	13,	1),
(40,	'Štafetový maratón',	'2016-05-09',	13,	3),
(41,	'eXtrém maratón',	'2016-07-23',	13,	2),
(42,	'Furčiansky maratón',	'2017-04-08',	14,	1),
(43,	'Štafetový maratón',	'2017-04-08',	14,	3),
(44,	'eXtrém maratón',	'2017-07-29',	14,	2),
(45,	'Furčiansky maratón',	'2018-04-14',	15,	1),
(46,	'Štafetový maratón',	'2018-04-14',	15,	3),
(47,	'eXtrém maratón',	'2018-07-28',	15,	2);

INSERT INTO `runner` (`id`, `first_name`, `last_name`, `birthday`) VALUES
(1,	'Pavol',	'Obraz',	'1953-01-01'),
(2,	'Rudolf',	'Lorenčik',	'1965-01-01'),
(3,	'Tibor',	'Tisza',	'1957-01-01'),
(4,	'Karol',	'Labaš',	'1954-01-01'),
(5,	'Juraj',	'Fotul',	'1946-01-01'),
(6,	'František',	'Svatoň',	'1975-01-01'),
(7,	'Juraj',	'Kurucz',	'1959-01-01'),
(8,	'Jozef',	'Vrabeľ',	'1955-01-01'),
(9,	'Jaroslav',	'Horný',	'1947-01-01'),
(10,	'Peter',	'Jendželovský',	'1977-01-01'),
(11,	'Zdeněk',	'Bohuněk',	'1960-01-01'),
(12,	'Gabriel',	'Nepko',	'1956-01-01'),
(13,	'Milan',	'Furín',	'1950-01-01'),
(14,	'František',	'Semanko',	'1957-01-01'),
(15,	'Pavel',	'Korotvička',	'1976-01-01'),
(16,	'Andrej',	'Leder',	'1964-01-01'),
(17,	'Imrich',	'Mihok',	'1954-01-01'),
(18,	'Alžbeta',	'Tiszová',	'1957-01-01'),
(19,	'Jozef',	'Malejčík',	'1955-01-01'),
(20,	'Marek',	'Takáč',	'1978-01-01'),
(21,	'Dušan',	'Gyůre',	'1975-01-01'),
(22,	'Gabriel',	'Revák',	'1966-01-01'),
(23,	'Peter',	'Štofanik',	'1963-01-01'),
(24,	'Jozef',	'Mikula',	'1950-01-01'),
(25,	'Eugen',	'Pastor',	'1942-01-01'),
(26,	'Ján',	'Saksa',	'1948-01-01'),
(27,	'Bohumil',	'Fortuna',	'1949-01-01'),
(28,	'Štefan',	'Štempel',	'1950-01-01'),
(29,	'František',	'Gréč',	'1953-01-01'),
(30,	'Ľubomír',	'Mackanič',	'1978-01-01'),
(31,	'Róbert',	'Holub',	'1981-01-01'),
(32,	'Ľudovít',	'Parilák',	'1948-01-01'),
(33,	'Ján',	'Mičko',	'1954-01-01'),
(34,	'Slavomír',	'Lindvai',	'1971-01-01'),
(35,	'Róbert',	'Tatrai',	'1963-01-01'),
(36,	'František',	'Kandra',	'1964-01-01'),
(37,	'Peter',	'Bačík',	'1953-01-01'),
(38,	'Ľubomír',	'Kiš',	'1958-01-01'),
(39,	'Peter',	'Seman',	'1965-01-01'),
(40,	'Alexander',	'Simon',	'1947-01-01'),
(41,	'Michal',	'Krivda',	'1946-01-01'),
(42,	'Róbert',	'Mako',	'1974-01-01'),
(43,	'Peter',	'Benedik',	'1973-01-01'),
(44,	'Jaroslav',	'Kabelík',	'1941-01-01'),
(45,	'Vojtech',	'Majerčák',	'1944-01-01'),
(46,	'Zdenek',	'Kopecký',	'1937-01-01'),
(47,	'Jozef',	'Teniak',	'1947-01-01'),
(48,	'Otto',	'Seitl',	'1953-01-01'),
(49,	'Andrej',	'Juhás',	'1933-01-01'),
(50,	'Milan',	'Ondričko',	'1973-01-01'),
(51,	'Peter',	'Korotvička',	'1969-01-01'),
(52,	'František',	'Smriga',	'1965-01-01'),
(53,	'Emil',	'Repák',	'1963-01-01'),
(54,	'Vladimír',	'Balog',	'1963-01-01'),
(55,	'Peter',	'Jurdák',	'1963-01-01'),
(56,	'Jaroslav',	'Takács',	'1962-01-01'),
(57,	'Jozef',	'Hromjak',	'1949-01-01'),
(58,	'Imrich',	'Pástor',	'1974-01-01'),
(59,	'Peter',	'Hajduk',	'1980-01-01'),
(60,	'Milan',	'Lacko',	'1948-01-01'),
(61,	'Rastislav',	'Horňák',	'1974-01-01'),
(62,	'Michal',	'Sepeši',	'1946-01-01'),
(63,	'Alena',	'Oberleová',	'1976-01-01'),
(64,	'Michal',	'Krivák',	'1946-01-01'),
(65,	'Róbert',	'Rusnák',	'1970-01-01'),
(66,	'Andrej',	'Alezar',	'1951-01-01'),
(67,	'Igor',	'Heleš',	'1961-01-01'),
(68,	'Miroslav',	'Pavlacký',	'1964-01-01'),
(69,	'Ján',	'Štekauer',	'1949-01-01'),
(70,	'Miroslav',	'KriŠko',	'1957-01-01'),
(71,	'Rastislav',	'Štenda',	'1965-01-01'),
(72,	'Václav',	'Krejsa',	'1952-01-01'),
(73,	'Jiří',	'Březina',	'1939-01-01'),
(74,	'Miroslav',	'Krumer',	'1949-01-01'),
(75,	'Peter',	'Pavuk',	'1949-01-01'),
(76,	'Jaroslav',	'Šašek',	'1958-01-01'),
(77,	'Leszek',	'Naziemiec',	'1974-01-01'),
(78,	'Josef',	'TuČek',	'1944-01-01'),
(79,	'Ján',	'SemanÍk',	'1942-01-01'),
(80,	'Jozef',	'HlÁvka',	'1951-01-01'),
(81,	'Andras',	'Maczo',	'1949-01-01'),
(82,	'Peter',	'Oslanec',	'1981-01-01'),
(83,	'Vladimír',	'Stopka',	'1967-01-01'),
(84,	'Jaroslav',	'Pancurák',	'1981-01-01'),
(85,	'Ján',	'Maňak',	'1954-01-01'),
(86,	'Róbert',	'NemČÍk',	'1967-01-01'),
(87,	'Emil',	'Hudák',	'1947-01-01'),
(88,	'Peter',	'Buc',	'1959-01-01'),
(89,	'Ivan',	'Puškar',	'1965-01-01'),
(90,	'Ján',	'Cetner',	'1965-01-01'),
(91,	'Zdenek',	'Belko',	'1959-01-01'),
(92,	'Ernest',	'Exenberger',	'1961-01-01'),
(93,	'Vladimír',	'Hirjak',	'1957-01-01'),
(94,	'Jozef',	'Klimčák',	'1961-01-01'),
(95,	'Gabriel',	'Sabo',	'1961-01-01'),
(96,	'Marek',	'Kaintz',	'1969-01-01'),
(97,	'Zdenko',	'Krasnay',	'1972-01-01'),
(98,	'Jaroslav',	'Saksa',	'1959-01-01'),
(99,	'Pavol',	'Haluška',	'1942-01-01'),
(100,	'Róbert',	'Ružbašan',	'1960-01-01'),
(101,	'Vojtech',	'Vandlík',	'1956-01-01'),
(102,	'Peter',	'Polák',	'1948-01-01'),
(103,	'Andrej',	'Baran',	'1942-01-01'),
(104,	'štefan',	'Hvizdoš',	'1957-01-01'),
(105,	'Gabriel',	'Kemény',	'1970-01-01'),
(106,	'Karol',	'Vargaeštok',	'1979-01-01'),
(107,	'Milan',	'Kočan',	'1958-01-01'),
(108,	'Michal',	'Lajtár',	'1950-01-01'),
(109,	'Vladimír',	'Balogh',	'1963-01-01'),
(110,	'Petr',	'Hrček',	'1961-01-01'),
(111,	'Štefan',	'Marton',	'1965-01-01'),
(112,	'Ondrej',	'Evin',	'1976-01-01'),
(113,	'Ján',	'Tirpák',	'1966-01-01'),
(114,	'Milan',	'Hrušovský',	'1957-01-01'),
(115,	'Gejza',	'Vargaeštok',	'1955-01-01'),
(116,	'Peter',	'Slanina',	'1952-01-01'),
(117,	'Eva',	'Seidlová',	'1948-01-01'),
(118,	'Róbert',	'Raffáč',	'1972-01-01'),
(119,	'Pavol',	'Haky',	'1972-01-01'),
(120,	'Ivan',	'Centko',	'1967-01-01'),
(121,	'Zoltán',	'Dancák',	'1959-01-01'),
(122,	'Pavol',	'Sopko',	'1967-01-01'),
(123,	'Valér',	'Karafa',	'1977-01-01'),
(124,	'Peter',	'Múdry',	'1975-01-01'),
(125,	'Zuzana',	'Sroková',	'1979-01-01'),
(126,	'Karol',	'Sroka',	'1978-01-01'),
(127,	'Marek',	'Takač',	'1977-01-01'),
(128,	'František',	'Matej',	'1950-01-01'),
(129,	'Štefan',	'Baloga',	'1972-01-01'),
(130,	'Jaroslav',	'Baloga',	'1967-01-01'),
(131,	'Stanislav',	'Sviatko',	'1962-01-01'),
(132,	'Dušan ml..',	'Kutnar',	'1969-01-01'),
(133,	'Dušan st.',	'Kutnar',	'1942-01-01'),
(134,	'Pavol',	'Závacky',	'1955-01-01'),
(135,	'Andrej',	'Guľváš',	'1941-01-01'),
(136,	'Mikuláš',	'Varchola',	'1940-01-01'),
(137,	'Henrietta',	'Molnárová',	'1974-01-01'),
(138,	'Magdaléna',	'Molčanová',	'1971-01-01'),
(139,	'Slávka',	'Halasová',	'1969-01-01'),
(140,	'Ľudmila',	'Falisová',	'1963-01-01'),
(141,	'Radoslav',	'Pauliny',	'1976-01-01'),
(142,	'Peter',	'Hus',	'1971-01-01'),
(143,	'Josef',	'Kubále',	'1972-01-01'),
(144,	'Rastislav',	'Trocha',	'1971-01-01'),
(145,	'Tomáš',	'Krajňák',	'1973-01-01'),
(146,	'František',	'Horváth',	'1966-01-01'),
(147,	'Eva',	'Hatalová',	'1972-01-01'),
(148,	'Mitchell',	'Radella',	'1965-01-01'),
(149,	'Markéta',	'Muzyková',	'1982-01-01'),
(150,	'Jozef',	'Čurlej',	'1951-01-01'),
(151,	'Ladislav',	'Čider',	'1964-01-01'),
(152,	'Rastislav',	'Fotta',	'1964-01-01'),
(153,	'Luu',	'Nguyen',	'1962-01-01'),
(154,	'Ananda-lahari',	'Zuščin',	'1975-01-01'),
(155,	'Ondrej',	'Chabada',	'1963-01-01'),
(156,	'František',	'Gallik',	'1951-01-01'),
(157,	'Ján',	'Pavkovček',	'1954-01-01'),
(158,	'Anton',	'Gombár',	'1944-01-01'),
(159,	'Jaroslav',	'Máčala',	'1984-01-01'),
(160,	'Kamil',	'Zajac',	'1974-01-01'),
(161,	'Milan',	'Kurák',	'1968-01-01'),
(162,	'Jozef',	'Urban',	'1986-01-01'),
(163,	'Peter',	'Suchý',	'1988-01-01'),
(164,	'Stanislav',	'Ďuriga',	'1961-01-01'),
(165,	'Pavel',	'Prokipčák',	'1958-01-01'),
(166,	'Bartolomej',	'Ficzere',	'1950-01-01'),
(167,	'Ladislav',	'Smoroň',	'1964-01-01'),
(168,	'Adrian',	'Dovala',	'1975-01-01'),
(169,	'Marek',	'Uličný',	'1976-01-01'),
(170,	'Peter',	'Soľár',	'1977-01-01'),
(171,	'Ján',	'Liščinský',	'1980-01-01'),
(172,	'Adams',	'Jeremy',	'1981-01-01'),
(173,	'Peter',	'Azari',	'1951-01-01'),
(174,	'Pavol',	'Dubovský',	'1991-01-01'),
(175,	'Marek',	'Baloga',	'1989-01-01'),
(176,	'Igor',	'Breznen',	'1975-01-01'),
(177,	'Jozef',	'Hudák',	'1956-01-01'),
(178,	'Ľubomír',	'Pavlov',	'1960-01-01'),
(179,	'Vlastislav',	'Krenický',	'1962-01-01'),
(180,	'Tibor',	'Bomba',	'1982-01-01'),
(181,	'Marcel',	'Kecer',	'1979-01-01'),
(182,	'Eva',	'Berníková',	'1959-01-01'),
(183,	'Peter',	'Vaska',	'1967-01-01'),
(184,	'Ladislav',	'Hudák',	'1945-01-01'),
(185,	'Ondrej',	'Biacovský',	'1954-01-01'),
(186,	'Gerard',	'Parilák',	'1943-01-01'),
(187,	'Michal',	'Urban',	'1951-01-01'),
(188,	'Michal',	'Krišťak',	'1965-01-01'),
(189,	'Renáta',	'Horňáková',	'1975-01-01'),
(190,	'Miloš',	'Jakab',	'1961-01-01'),
(191,	'Fero',	'Greč',	'1953-01-01'),
(192,	'Vojtech',	'Spišák',	'1980-01-01'),
(193,	'Darina',	'Straková',	'1982-01-01'),
(194,	'Jill',	'Mcguire',	'1981-01-01'),
(195,	'David',	'Nagy',	'1967-01-01'),
(196,	'Danica',	'Božová',	'1963-01-01'),
(197,	'Ladislav',	'Boszormenyi',	'1951-01-01'),
(198,	'Štefan',	'Racz',	'1961-01-01'),
(199,	'Miroslav',	'Tomčány',	'1971-01-01'),
(200,	'Radomír',	'Šnevajs',	'1963-01-01'),
(201,	'Ladislav',	'Maras',	'1963-01-01'),
(202,	'Vladimír',	'Krčmárik',	'1954-01-01'),
(203,	'Martin',	'Habura',	'1975-01-01'),
(204,	'Aleksy',	'Szablicki',	'1960-01-01'),
(205,	'Magdalena',	'Raczynska',	'1979-01-01'),
(206,	'Radomír',	'Ivaňák',	'1975-01-01'),
(207,	'Igor',	'Vaktor',	'1988-01-01'),
(208,	'Tomáš',	'Ruskovsky',	'1983-01-01'),
(209,	'Jozef',	'Juro',	'1965-01-01'),
(210,	'Erik',	'Onofrej',	'1981-01-01'),
(211,	'Vladimír',	'Šmida',	'1954-01-01'),
(212,	'Ján',	'Šalata',	'1962-01-01'),
(213,	'Richard',	'Zvolánek',	'1983-01-01'),
(214,	'Karol',	'Lukáč',	'1962-01-01'),
(215,	'Peter',	'Janovič',	'1962-01-01'),
(216,	'Iveta',	'Vargova',	'1971-01-01'),
(217,	'Katarína',	'Azariová',	'1978-01-01'),
(218,	'Beáta',	'Seligová',	'1980-01-01'),
(219,	'Dušan',	'Horňák',	'1905-01-01'),
(220,	'Richard',	'Baczo',	'1983-01-01'),
(221,	'Marek',	'Vranec',	'1984-01-01'),
(222,	'Róbert',	'Spišiak',	'1975-01-01'),
(223,	'Július',	'Kaľavský',	'1976-01-01'),
(224,	'Ján',	'Švagrovský',	'1959-01-01'),
(225,	'Petr',	'Kuchar',	'1951-01-01'),
(226,	'Peter',	'Kalmus',	'1953-01-01'),
(227,	'Ľuboš',	'Nemec',	'1963-01-01'),
(228,	'Ľuboslav',	'Mikolaj',	'1974-01-01'),
(229,	'Ján',	'Tohol',	'1965-01-01'),
(230,	'Krysztof',	'Krok',	'1963-01-01'),
(231,	'Otakar',	'Pachmann',	'1944-01-01'),
(232,	'Martin',	'Šmida',	'1972-01-01'),
(233,	'Marek',	'Nemčík',	'1975-01-01'),
(234,	'Jozef',	'Szabó',	'1977-01-01'),
(235,	'Michal',	'Ivančo',	'1970-01-01'),
(236,	'Vladislav',	'Lipovský',	'1969-01-01'),
(237,	'Erik',	'Repák',	'1991-01-01'),
(238,	'Jozef',	'Sciranko',	'1961-01-01'),
(239,	'Slavomír',	'Láska',	'1974-01-01'),
(240,	'Ondrej',	'Želasko',	'1966-01-01'),
(241,	'Zuzana',	'Hegedušová',	'1982-01-01'),
(242,	'Stanislav',	'Zeleňák',	'1983-01-01'),
(243,	'Ján',	'Krajčí',	'1971-01-01'),
(244,	'Rudolf',	'Verba',	'1980-01-01'),
(245,	'Jozef',	'Vargovič',	'1953-01-01'),
(246,	'Ladislav',	'Rada',	'1953-01-01'),
(247,	'Zuzana',	'Korotvičková',	'1979-01-01'),
(248,	'Marek',	'Nagy',	'1987-01-01'),
(249,	'Jana',	'Hvirdáková',	'1982-01-01'),
(250,	'Jozef',	'Koniar',	'1963-01-01'),
(251,	'Jozef',	'Mičko',	'1968-01-01'),
(252,	'Peter',	'Vilhan',	'1954-01-01'),
(253,	'Martin',	'Zrník',	'1979-01-01'),
(254,	'Rastislav',	'Marek',	'1964-01-01'),
(255,	'Dušan',	'Uram',	'1973-01-01'),
(256,	'Ján',	'Futkoš',	'1956-01-01'),
(257,	'Jiří',	'Doucha',	'1971-01-01'),
(258,	'Tomas',	'Mady',	'1975-01-01'),
(259,	'Jánoš',	'Bogár',	'1964-01-01'),
(260,	'Cyril',	'Bohunicky',	'1963-01-01'),
(261,	'Dušan',	'Galajda',	'1978-01-01'),
(262,	'Jozef',	'Vrábel',	'1956-01-01'),
(263,	'Július',	'Smolár',	'1946-01-01'),
(264,	'Matúš',	'Rodák',	'1984-01-01'),
(265,	'Pavol',	'Kačala',	'1956-01-01'),
(266,	'Miroslav',	'Vostrý',	'1977-01-01'),
(267,	'Viktor',	'Vaitovič',	'1980-01-01'),
(268,	'Vladimír',	'Pribula',	'1958-01-01'),
(269,	'Tomáš',	'Mády',	'1975-01-01'),
(270,	'Milan',	'Palko',	'1949-01-01'),
(271,	'Zlata',	'Semanová',	'1958-01-01'),
(272,	'Slavomír',	'Radomský',	'1971-01-01'),
(273,	'Pavol',	'Kincel',	'1951-01-01'),
(274,	'Igor',	'Vančišin',	'1973-01-01'),
(275,	'Ondrej',	'Zelasko',	'1966-01-01'),
(276,	'Miroslav',	'Hric',	'1977-01-01'),
(277,	'Vlastimil',	'Horný',	'1971-01-01'),
(278,	'Jaroslav',	'Ružinský',	'1985-01-01'),
(279,	'Jaroslav',	'Ružinský',	'1960-01-01'),
(280,	'Peter',	'Gombita',	'1956-01-01'),
(281,	'Ján',	'Tomčo',	'1956-01-01'),
(282,	'Marián',	'Konštantinovič',	'1961-01-01'),
(283,	'Jozef',	'Fila',	'1964-01-01'),
(284,	'Jozef',	'Šándor',	'1959-01-01'),
(285,	'Štefan',	'Brinda',	'1953-01-01'),
(286,	'Natália',	'Valkošáková',	'1980-01-01'),
(287,	'Marek',	'Dziedziak',	'1965-01-01'),
(288,	'František',	'Kaňa',	'1975-01-01'),
(289,	'Ivan',	'Seman',	'1978-01-01'),
(290,	'Miriam',	'Galajdová',	'1979-01-01'),
(291,	'Patrik',	'Vyšňovský',	'1991-01-01'),
(292,	'Jaroslav',	'Pavlov',	'1964-01-01'),
(293,	'Alena',	'Ledecká',	'1972-01-01'),
(294,	'Helena',	'Sokolová',	'1957-01-01'),
(295,	'Matej',	'Boroš',	'1899-01-01'),
(296,	'Marko',	'Boroš',	'2003-01-01'),
(297,	'František',	'Michalička',	'1964-01-01'),
(298,	'Jozef',	'Lorinc',	'1982-01-01'),
(299,	'Jozef',	'Tomečko',	'1953-01-01'),
(300,	'Erik',	'Seman',	'1983-01-01'),
(301,	'Ivan',	'Ďurkovský',	'1958-01-01'),
(302,	'Štefan',	'Polc',	'1950-01-01'),
(303,	'Miroslav',	'Gerec',	'1953-01-01'),
(304,	'Marián',	'Petrík',	'1981-01-01'),
(305,	'Jaroslav',	'Gerec',	'1974-01-01'),
(306,	'Martin',	'Mirda',	'1971-01-01'),
(307,	'Stanislav',	'Mácha',	'1989-01-01'),
(308,	'Mária',	'Semanová',	'1968-01-01'),
(309,	'Richard',	'Dečo',	'1988-01-01'),
(310,	'Richard',	'Lacko',	'1980-01-01'),
(311,	'Jozef',	'Šoltés',	'1966-01-01'),
(312,	'Peter',	'Vaško',	'1968-01-01'),
(313,	'Jozef',	'Jaššo',	'1974-01-01'),
(314,	'Marián',	'Vlček',	'1968-01-01'),
(315,	'Lenka',	'Kukurová',	'1985-01-01'),
(316,	'Miloš',	'Novák',	'1961-01-01'),
(317,	'Peter',	'Grusz',	'1971-01-01'),
(318,	'Andrej',	'Ferko',	'1978-01-01'),
(319,	'Mikuláš',	'Lukáč',	'1982-01-01'),
(320,	'Mária',	'Kleinová',	'1952-01-01'),
(321,	'Jozef',	'Šeliga',	'1972-01-01'),
(322,	'Andrea',	'Kaňová',	'1977-01-01'),
(323,	'Petra',	'Pitoňáková',	'1988-01-01'),
(324,	'Martin',	'Pitoňák',	'1990-01-01'),
(325,	'Júlia',	'Mullerová',	'1977-01-01'),
(326,	'Anton',	'Vojtičko',	'1949-01-01'),
(327,	'Drago',	'Boroja',	'1953-01-01'),
(328,	'Hubert',	'Wierdak',	'1976-01-01'),
(329,	'Bogdan',	'Kustroń',	'1965-01-01'),
(330,	'Jozef',	'Molčan',	'1967-01-01'),
(331,	'Jan',	'Sinar',	'1973-01-01'),
(332,	'Jacek',	'Staroń',	'1977-01-01'),
(333,	'Branislav',	'Benko',	'1970-01-01'),
(334,	'Marian',	'Franc',	'1974-01-01'),
(335,	'Tibor',	'Huszár',	'1952-01-01'),
(336,	'Miroslav',	'Telepovský',	'1962-01-01'),
(337,	'Gejza',	'Sabanoš',	'1961-01-01'),
(338,	'Jaroslav',	'Kopčák',	'1956-01-01'),
(339,	'Peter',	'Gallik',	'1979-01-01'),
(340,	'Branislav',	'Klobošič',	'1973-01-01'),
(341,	'Peter',	'Chytil',	'1976-01-01'),
(342,	'Slavomir',	'Mitro',	'1976-01-01'),
(343,	'Szymon',	'Gryboš',	'1985-01-01'),
(344,	'Michal',	'Dečo',	'1986-01-01'),
(345,	'Richard',	'Štraus',	'1983-01-01'),
(346,	'Tomáš',	'Rosival',	'1987-01-01'),
(347,	'Tomáš',	'Tache',	'1976-01-01'),
(348,	'Erik',	'Švagrovský',	'1984-01-01'),
(349,	'Michal',	'Kostik',	'1963-01-01'),
(350,	'Rastislav',	'Paňko',	'1974-01-01'),
(351,	'Andrea',	'Repková',	'1976-01-01'),
(352,	'Marián',	'Rybár',	'1971-01-01'),
(353,	'Miroslav',	'Pacovsky',	'1969-01-01'),
(354,	'Peter',	'Varga',	'1972-01-01'),
(355,	'Pavel',	'Varga',	'1974-01-01'),
(356,	'Zuzana',	'Bradovková',	'1977-01-01'),
(357,	'Miroslav',	'Majerčák',	'1964-01-01'),
(358,	'Jaroslav',	'Palkovič',	'1982-01-01'),
(359,	'Michal',	'Hudák',	'1989-01-01'),
(360,	'Ladislav',	'Barger',	'1976-01-01'),
(361,	'Michal',	'Rusnák',	'1954-01-01'),
(362,	'Jan',	'Vaľo',	'1951-01-01'),
(363,	'Peter',	'Valach',	'1961-01-01'),
(364,	'Marek',	'Vojtko',	'1988-01-01'),
(365,	'Milan',	'Fujerík',	'1966-01-01'),
(366,	'Kamil',	'Mako',	'1974-01-01'),
(367,	'Pavol',	'Hajduk',	'1973-01-01'),
(368,	'Ján',	'Kucharík',	'1965-01-01'),
(369,	'Roman',	'Tománek',	'1960-01-01'),
(370,	'Miroslav',	'Vacula',	'1961-01-01'),
(371,	'Juraj',	'Karčák',	'1974-01-01'),
(372,	'Milan',	'Ivan',	'1979-01-01'),
(373,	'Ľubomír',	'Rada',	'1972-01-01'),
(374,	'Judit',	'Csomósová',	'1970-01-01'),
(375,	'Marián',	'Kundrat',	'1967-01-01'),
(376,	'Michal',	'Lacko',	'1980-01-01'),
(377,	'Martin',	'Justiňák',	'1983-01-01'),
(378,	'Ján',	'Strompl',	'1954-01-01'),
(379,	'Štefan',	'Daňo',	'1970-01-01'),
(380,	'Janette',	'Mudra',	'1974-01-01'),
(381,	'Zuzana',	'Zeleňáková',	'1982-01-01'),
(382,	'Timotej',	'Fotta',	'1995-01-01'),
(383,	'Andrej',	'Cibulka',	'1965-01-01'),
(384,	'Eduard',	'Juhan',	'1979-01-01'),
(385,	'Marek',	'Brziak',	'1974-01-01'),
(386,	'Igor',	'Onuska',	'1981-01-01'),
(387,	'Peter',	'Lumnitzer',	'1989-01-01'),
(388,	'Rastislav',	'Ignácz',	'1976-01-01'),
(389,	'Erika',	'Billá',	'1963-01-01'),
(390,	'Eva',	'Marková',	'1975-01-01'),
(391,	'Štefan',	'Benedik',	'1960-01-01'),
(392,	'Ján',	'Imling',	'1954-01-01'),
(393,	'Elo',	'Kulík',	'1973-01-01'),
(394,	'Simona',	'Čalfová',	'1994-01-01'),
(395,	'Andrea',	'Pavlovská',	'1980-01-01'),
(396,	'Lenka',	'Královská',	'1969-01-01'),
(397,	'Róbert',	'Leskovjanský',	'1976-01-01'),
(398,	'Drahomír',	'Polák',	'1972-01-01'),
(399,	'Michal',	'Safko',	'1975-01-01'),
(400,	'Tomáš',	'Mlynarčík',	'1976-01-01'),
(401,	'Erik',	'Hoffmann',	'1980-01-01'),
(402,	'Ladislav',	'Korenyik',	'1982-01-01'),
(403,	'Matej',	'Orság',	'1987-01-01'),
(404,	'Eduard',	'Maguth',	'1971-01-01'),
(405,	'Michal',	'Mikula',	'1991-01-01'),
(406,	'Ján',	'Tužinčin',	'1974-01-01'),
(407,	'Roman',	'Frnčo',	'1988-01-01'),
(408,	'Rudolf',	'Dzuren',	'1964-01-01'),
(409,	'Martin',	'Turiak',	'1981-01-01'),
(410,	'Martin',	'Parilák',	'1980-01-01'),
(411,	'Vladimír',	'Sabol',	'1959-01-01'),
(412,	'Jozef',	'Švarný',	'1978-01-01'),
(413,	'Barakad',	'Imad',	'1963-01-01'),
(414,	'Stefan',	'Nitkulinec',	'1989-01-01'),
(415,	'Miroslav',	'Ivančo',	'1966-01-01'),
(416,	'Andrej',	'Pudelský',	'1977-01-01'),
(417,	'Michal',	'Kulik',	'1966-01-01'),
(418,	'Marián',	'Hurajt',	'1985-01-01'),
(419,	'Alexander',	'Varga',	'1979-01-01'),
(420,	'Žaneta',	'Matulová',	'1975-01-01'),
(421,	'Jana',	'Burjáková',	'1971-01-01'),
(422,	'Milan',	'Silvester',	'1963-01-01'),
(423,	'Livia',	'Kundracova',	'1989-01-01'),
(424,	'František',	'Sekelský',	'1999-01-01'),
(425,	'Janka',	'Fottová',	'1964-01-01'),
(426,	'Viktor',	'Menyhert',	'1977-01-01'),
(427,	'Milan',	'Sepesi',	'1970-01-01'),
(428,	'Jozef',	'Čurlej',	'1981-01-01'),
(429,	'Mário',	'Šlosár',	'1985-01-01'),
(430,	'Peter',	'Čižmár',	'1968-01-01'),
(431,	'Ildikó',	'Varga',	'1960-01-01'),
(432,	'Martin',	'Martinko',	'1973-01-01'),
(433,	'Karol',	'Csiba',	'1975-01-01'),
(434,	'Anton',	'Vojtiško',	'1949-01-01'),
(435,	'Dávid',	'Kaško',	'1985-01-01'),
(436,	'Zlatko',	'Marko',	'1982-01-01'),
(437,	'Štefan',	'Blanár',	'1972-01-01'),
(438,	'František',	'Prachár',	'1974-01-01'),
(439,	'Radoslav',	'Polaček',	'1987-01-01'),
(440,	'Dominik',	'Jakubkovič',	'1993-01-01'),
(441,	'Alexander',	'Kopčik',	'1974-01-01'),
(442,	'Michal',	'Maťašovský',	'1991-01-01'),
(443,	'Emil',	'Henček',	'1992-01-01'),
(444,	'Michal',	'Chudý',	'1984-01-01'),
(445,	'Lucia',	'Iľková',	'1981-01-01'),
(446,	'Mahuliena',	'Krištanová',	'1972-01-01'),
(447,	'Zdenko',	'Timulak',	'1986-01-01'),
(448,	'Norbert',	'Tarbaj',	'1976-01-01'),
(449,	'Tomáš',	'Straka',	'1972-01-01'),
(450,	'Matuš',	'Chovanec',	'1982-01-01'),
(451,	'Peter',	'Chovanec',	'1980-01-01'),
(452,	'Mária',	'Prokipčáková',	'1986-01-01'),
(453,	'Slavomír',	'Senderák',	'1967-01-01'),
(454,	'Ondrej',	'Mikula',	'1900-01-01'),
(455,	'Stanislav',	'Fabrici',	'1967-01-01'),
(456,	'Matúš',	'Marcin',	'1986-01-01'),
(457,	'Lívia',	'Ksenicova',	'1976-01-01'),
(458,	'Rastislav',	'Skubeň',	'1981-01-01'),
(459,	'Štefan',	'Švec',	'1949-01-01'),
(460,	'Jozef ivan',	'Teniak',	'1947-01-01'),
(461,	'Orest',	'Babjak',	'1968-01-01'),
(462,	'Richard',	'Stohl',	'1983-01-01'),
(463,	'Pavol',	'Dubovský',	'1967-01-01'),
(464,	'Lukáš',	'Jureňa',	'1979-01-01'),
(465,	'Norbert',	'Bukovič',	'1970-01-01'),
(466,	'Vlado',	'Fricky',	'1981-01-01'),
(467,	'Zlatka',	'Semanova',	'1958-01-01'),
(468,	'Silvia',	'Kubínová',	'1988-01-01'),
(469,	'Michal',	'Libiček',	'1985-01-01'),
(470,	'Juraj',	'Horváth',	'1966-01-01'),
(471,	'Igor',	'Skačan',	'1976-01-01'),
(472,	'Anton',	'Bezek',	'1971-01-01'),
(473,	'Rasťo',	'Fotta',	'1964-01-01'),
(474,	'Miloš',	'Popovič',	'1972-01-01'),
(475,	'Martin',	'Straka',	'1983-01-01'),
(476,	'Ján',	'Polončák',	'1967-01-01'),
(477,	'Boris',	'Kimák',	'1995-01-01'),
(478,	'Marcel',	'Senderák',	'1974-01-01'),
(479,	'Martin',	'Štieber',	'1982-01-01'),
(480,	'Kamil',	'Puchír',	'1976-01-01'),
(481,	'Daniel',	'Sýkora',	'1977-01-01'),
(482,	'Ladislav',	'Dulovič',	'1962-01-01'),
(483,	'Tibor',	'Sahajda',	'1990-01-01'),
(484,	'Vladimír',	'Šperling',	'1992-01-01'),
(485,	'Matej',	'Klešč',	'1991-01-01'),
(486,	'Tomáš',	'Tomčík',	'1984-01-01'),
(487,	'Jozef',	'Tomčík',	'1979-01-01'),
(488,	'Miroslav',	'Sabo',	'1966-01-01'),
(489,	'Róbert',	'Boros',	'1982-01-01'),
(490,	'Andrej',	'Gedeón',	'1980-01-01'),
(491,	'Martin',	'Guman',	'1980-01-01'),
(492,	'Michal',	'Harach',	'1974-01-01'),
(493,	'Boris',	'Peško',	'1974-01-01'),
(494,	'Miro',	'Greško',	'1954-01-01'),
(495,	'Jaro',	'Baláž',	'1958-01-01'),
(496,	'Gabriel',	'Mitnik',	'1979-01-01'),
(497,	'Jan',	'Mitnik',	'1983-01-01'),
(498,	'Mioš',	'Jakab',	'1961-01-01'),
(499,	'Tomáš',	'Tatranský',	'1983-01-01'),
(500,	'Štefan',	'Kmiť',	'1977-01-01'),
(501,	'Jozef',	'Kimák',	'1969-01-01'),
(502,	'Marián',	'Verbenik',	'1987-01-01'),
(503,	'Josef',	'Mikula',	'1950-01-01'),
(504,	'Ján',	'Kačmár',	'1981-01-01'),
(505,	'Jan',	'Kozar',	'1979-01-01'),
(506,	'Peter',	'Sláma',	'1964-01-01'),
(507,	'Jana',	'Slámová',	'1972-01-01'),
(508,	'Matuš',	'Kaintz',	'1997-01-01'),
(509,	'Stefan',	'Skarla',	'1966-01-01'),
(510,	'Martina',	'Dorčáková',	'1989-01-01'),
(511,	'Gabriela',	'Kahler',	'1985-01-01'),
(512,	'Jana',	'Mušinská',	'1977-01-01'),
(513,	'Miroslav',	'Kavuľa',	'1972-01-01'),
(514,	'Ákos',	'Eördögh',	'1991-01-01'),
(515,	'Tamara',	'Tinta',	'1982-01-01'),
(516,	'Dušan',	'Tokarčík',	'1972-01-01'),
(517,	'Milan',	'Roudnický',	'1968-01-01'),
(518,	'Katarína',	'Gerényiová',	'1981-01-01'),
(519,	'Martin',	'Molčan',	'1976-01-01'),
(520,	'Veronika',	'Svobodová',	'1986-01-01'),
(521,	'Milan',	'Cajkovič',	'1965-01-01'),
(522,	'Ľuboš',	'Chmatil',	'1986-01-01'),
(523,	'Ján',	'Tužičin',	'1974-01-01'),
(524,	'Tibor',	'Spišak',	'1974-01-01'),
(525,	'Miroslav',	'Hasal',	'1965-01-01'),
(526,	'Marin',	'Perháč',	'1985-01-01'),
(527,	'Peter',	'Horňák',	'1969-01-01'),
(528,	'Eva',	'Kissova',	'1960-01-01'),
(529,	'Alexander',	'Kovaľ',	'1978-01-01'),
(530,	'Martin',	'Bažo',	'1984-01-01'),
(531,	'Martina',	'Giňovská',	'1985-01-01'),
(532,	'Vladimír',	'Lipták',	'1969-01-01'),
(533,	'Marcel',	'Bodnar',	'1970-01-01'),
(534,	'Zuzana',	'Zábojová',	'1970-01-01'),
(535,	'Nikola',	'Šipošová',	'1992-01-01'),
(536,	'Vlastimil',	'Petro',	'1986-01-01'),
(537,	'Marcela',	'Živčáková',	'1975-01-01'),
(538,	'Daniela',	'Bakšiová',	'1981-01-01'),
(539,	'Martin',	'Miga',	'1980-01-01'),
(540,	'Milan',	'Kulla',	'1955-01-01'),
(541,	'Ján',	'Timár',	'1979-01-01'),
(542,	'Beata',	'Hromňáková',	'1974-01-01'),
(543,	'Ladislav',	'Halász',	'1988-01-01'),
(544,	'Radek',	'Šály',	'1966-01-01'),
(545,	'Mikuláš',	'Varga',	'1967-01-01'),
(546,	'Ivan',	'Máčaj',	'1970-01-01'),
(547,	'Tamás',	'Elek',	'1985-01-01'),
(548,	'Dušan',	'Goliaš',	'1974-01-01'),
(549,	'Lukáš',	'Horák',	'1983-01-01'),
(550,	'Kristína mária',	'Lengyelová',	'1996-01-01'),
(551,	'Jozef',	'Varga',	'1972-01-01'),
(552,	'Slavomír',	'Albrecht',	'1975-01-01'),
(553,	'Peter',	'Felong',	'1973-01-01'),
(554,	'Peter',	'Sabol',	'1982-01-01'),
(555,	'Miroslav',	'Fazekaš',	'1987-01-01'),
(556,	'Samuel',	'Kačmarik',	'1985-01-01'),
(557,	'Štefan',	'Perháč',	'1989-01-01'),
(558,	'Martin',	'Perháč',	'1985-01-01'),
(559,	'Ľubomír',	'Čopjan',	'1981-01-01'),
(560,	'Marek',	'Fecík',	'1992-01-01'),
(561,	'Jozef',	'Kakaščík',	'1959-01-01'),
(562,	'Peter',	'Kohút',	'1977-01-01'),
(563,	'Jozef',	'Grega',	'1969-01-01'),
(564,	'Viktor',	'Kecer',	'1978-01-01'),
(565,	'Stanislav',	'Horváth',	'1977-01-01'),
(566,	'Dávid',	'Gore',	'1974-01-01'),
(567,	'Rastislav',	'Štenda',	'1991-01-01'),
(568,	'Jozef',	'Štenda',	'1987-01-01'),
(569,	'Stanislav',	'Kubik',	'1974-01-01'),
(570,	'Michal',	'Krivák',	'1947-01-01'),
(571,	'Peter',	'Pribičko',	'1947-01-01'),
(572,	'Aldona',	'Sepeši',	'1987-01-01'),
(573,	'Peter',	'Sepeši',	'1983-01-01'),
(574,	'Magdalena',	'Koniarova',	'1968-01-01'),
(575,	'Ján',	'Maňák',	'1905-01-01'),
(576,	'Olesia',	'Poliakova',	'1976-01-01'),
(577,	'Matúš',	'Maroš',	'1980-01-01'),
(578,	'Lucia',	'Marošová',	'1979-01-01'),
(579,	'Pavol',	'Tóth',	'1978-01-01'),
(580,	'Maros',	'Holub',	'1979-01-01'),
(581,	'Lucia',	'Dančišinová',	'1981-01-01'),
(582,	'Tatiana  ',	'Bukovinská',	'2000-01-01'),
(583,	'Jana',	'Fottová',	'2000-01-01'),
(584,	'Jozef',	'Zamora',	'1978-01-01'),
(585,	'Ján',	'Cupák',	'1991-01-01'),
(586,	'Radoslav',	'Mikloš',	'1983-01-01'),
(587,	'Rastik',	'Ignácz',	'1976-01-01'),
(588,	'Ivan',	'Michalička',	'1968-01-01'),
(589,	'Marián',	'Tkáč',	'1959-01-01'),
(590,	'Dusan',	'Drabik',	'1983-01-01');

-- 2019-02-22 21:50:50
