-- Adminer 4.6.3 MySQL dump

SET NAMES utf8;
SET time_zone = '+00:00';
SET foreign_key_checks = 0;
SET sql_mode = 'NO_AUTO_VALUE_ON_ZERO';

DROP TABLE IF EXISTS `author`;
CREATE TABLE `author` (
  `id` int(11) NOT NULL AUTO_INCREMENT,
  `name` varchar(255) DEFAULT NULL,
  `age` int(11) NOT NULL,
  PRIMARY KEY (`id`)
) ENGINE=MyISAM DEFAULT CHARSET=latin1;

INSERT INTO `author` (`id`, `name`, `age`) VALUES
(1,	'sss',	2),
(2,	'bbb',	5),
(3,	'rhrhrh',	7);

DROP TABLE IF EXISTS `author_book`;
CREATE TABLE `author_book` (
  `author_id` int(11) NOT NULL,
  `book_id` int(11) NOT NULL,
  PRIMARY KEY (`author_id`,`book_id`)
) ENGINE=InnoDB DEFAULT CHARSET=latin1;

INSERT INTO `author_book` (`author_id`, `book_id`) VALUES
(1,	2),
(1,	3),
(1,	5),
(2,	3),
(2,	4);

DROP TABLE IF EXISTS `book`;
CREATE TABLE `book` (
  `id` int(11) NOT NULL AUTO_INCREMENT,
  `description` varchar(255) DEFAULT NULL,
  `title` varchar(255) DEFAULT NULL,
  PRIMARY KEY (`id`)
) ENGINE=MyISAM DEFAULT CHARSET=latin1;

INSERT INTO `book` (`id`, `description`, `title`) VALUES
(1,	'eege',	'abcd'),
(2,	'bbb',	'aaaavvv'),
(3,	'pppppnnn',	'oooo'),
(4,	'bbb',	'aaaammm'),
(5,	'aaaa',	'bbb'),
(6,	'err',	'rrrr'),
(7,	'hhh',	'nnnn'),
(8,	'yyy',	'nnnn');

DROP TABLE IF EXISTS `event`;
CREATE TABLE `event` (
  `id` int(11) NOT NULL,
  `locality` varchar(255) DEFAULT NULL,
  `name` varchar(255) DEFAULT NULL,
  PRIMARY KEY (`id`)
) ENGINE=MyISAM DEFAULT CHARSET=latin1;

INSERT INTO `event` (`id`, `locality`, `name`) VALUES
(1,	'Košice',	'Fur?iansky maratón'),
(2,	'Košice',	'eXtrém maratón'),
(3,	'Košice',	'Štafetový maratón'),
(15,	'bbbb',	'annnmm');

DROP TABLE IF EXISTS `hibernate_sequence`;
CREATE TABLE `hibernate_sequence` (
  `next_val` bigint(20) DEFAULT NULL
) ENGINE=MyISAM DEFAULT CHARSET=latin1;

INSERT INTO `hibernate_sequence` (`next_val`) VALUES
(16);

DROP TABLE IF EXISTS `result`;
CREATE TABLE `result` (
  `id` int(11) NOT NULL,
  `run_id` int(11) NOT NULL,
  `runner_id` int(11) NOT NULL,
  `category` varchar(255) COLLATE utf8_unicode_ci DEFAULT NULL,
  `finish_time` time DEFAULT NULL,
  `place` int(11) DEFAULT NULL,
  `running_number` varchar(255) COLLATE utf8_unicode_ci DEFAULT NULL,
  `team` varchar(255) COLLATE utf8_unicode_ci DEFAULT NULL,
  PRIMARY KEY (`id`),
  KEY `FK7tc8fq2b93qip57wyo6ge31hc` (`run_id`),
  KEY `FKt5ci3kune1ey9ycnj257g9nrw` (`runner_id`)
) ENGINE=MyISAM DEFAULT CHARSET=utf8 COLLATE=utf8_unicode_ci;

INSERT INTO `result` (`id`, `run_id`, `runner_id`, `category`, `finish_time`, `place`, `running_number`, `team`) VALUES
(1,	1,	1,	'C',	'02:46:29',	1,	'0',	'OŠK Blažice'),
(2,	1,	2,	'A',	'02:54:10',	2,	'0',	'Radek KE'),
(3,	6,	2,	'B',	'03:09:58',	6,	'39',	'Radek Košice'),
(4,	9,	2,	'B',	'02:54:10',	3,	'31',	'Radek Košice'),
(5,	12,	2,	'B',	'02:55:40',	2,	'47',	'Radek Košice'),
(6,	15,	2,	'B',	'02:56:18',	3,	'45',	'Ťahanovce obec MČ'),
(7,	17,	2,	'e',	'03:07:58',	3,	'16',	'Ťahanovce obec MČ'),
(8,	18,	2,	'B',	'02:56:50',	3,	'25',	'Ťahanovce Obec'),
(9,	20,	2,	'B',	'02:55:54',	1,	'20',	'Tahanovce obec MC Košice'),
(10,	21,	2,	'B',	'02:50:40',	1,	'21',	'MČ Ťahanovce - obec'),
(11,	24,	2,	'B',	'03:06:41',	7,	'1',	'MČ Ťahanovce'),
(12,	26,	2,	'B',	'03:13:46',	5,	'31',	'MČ-Tahanovce'),
(13,	27,	2,	'B',	'03:14:39',	7,	'39',	'MČ - Ťahanovce'),
(14,	30,	2,	'B',	'03:02:55',	5,	'28',	'MC-Ťahanovce- Tiháň'),
(15,	39,	2,	'C',	'03:38:10',	16,	'35',	'MFK Ťahanovce-obec'),
(16,	1,	3,	'B',	'02:59:17',	3,	'0',	'BK STEEL KE'),
(17,	4,	3,	's',	'01:25:19',	5,	'60',	'Tube City Košice'),
(18,	6,	3,	'B',	'02:55:19',	4,	'44',	'BK Steel Košice'),
(19,	9,	3,	'B',	'02:55:17',	5,	'35',	'EQES Steel Košice'),
(20,	12,	3,	'C',	'03:03:23',	6,	'41',	'BK Steel Košice'),
(21,	15,	3,	'C',	'03:17:19',	9,	'42',	'EQ Steel Košice'),
(22,	18,	3,	'C',	'03:09:07',	6,	'42',	'BK Steel Košice'),
(23,	21,	3,	'C',	'03:14:38',	12,	'49',	'BK Steel Košice'),
(24,	24,	3,	'C',	'03:17:44',	10,	'41',	'Besto Košice'),
(25,	27,	3,	'C',	'03:36:53',	20,	'47',	'BK Steel Košice'),
(26,	30,	3,	'C',	'03:26:00',	13,	'64',	'BK Steel Košice'),
(27,	33,	3,	'C',	'03:28:12',	18,	'53',	'BK Steel Košice'),
(28,	36,	3,	'C',	'03:39:57',	13,	'24',	'BK Steel Košice '),
(29,	39,	3,	'C',	'03:47:32',	20,	'43',	'BK Steel Košice'),
(30,	42,	3,	'D',	'03:37:13',	20,	'85',	'BK Steel Košice'),
(31,	45,	3,	'D',	'03:57:17',	23,	'19',	'Belle Export-Import Košice'),
(32,	1,	4,	'B',	'03:11:49',	4,	'0',	'Geoma KE'),
(33,	4,	4,	's',	'01:22:41',	1,	'65',	'Geoma Košice'),
(34,	15,	4,	'B',	'00:00:00',	43,	'31',	'Geoma Košice'),
(35,	19,	4,	's',	'01:31:20',	7,	'14A',	'GEOMA Košice'),
(36,	21,	4,	'C',	'03:09:18',	7,	'47',	'Geoma Košice'),
(37,	27,	4,	'C',	'03:04:58',	2,	'15',	'GEOMA '),
(38,	1,	5,	'C',	'03:16:03',	5,	'0',	'Pošta KE'),
(39,	3,	5,	'C',	'03:17:26',	5,	'8',	'Pošta Košice'),
(40,	5,	5,	'e',	'03:48:24',	9,	'0',	'Pošta Košice'),
(41,	6,	5,	'C',	'03:49:29',	19,	'34',	'Pošta Košice'),
(42,	8,	5,	'e',	'04:14:04',	10,	'56',	'O5 BK Furča'),
(43,	9,	5,	'D',	'03:41:09',	27,	'15',	'O5 BK Furča'),
(44,	11,	5,	'D',	'03:52:36',	20,	'32',	'O5 BK Furča- Košice'),
(45,	12,	5,	'D',	'03:45:54',	27,	'25',	'O5 bežecký klub Furča'),
(46,	15,	5,	'D',	'03:41:37',	23,	'30',	'O5 bežecký klub Furča'),
(47,	17,	5,	'e',	'03:59:52',	17,	'7',	'O5 bežecký klub Furča'),
(48,	18,	5,	'D',	'04:06:42',	36,	'35',	'05 BK Furča'),
(49,	20,	5,	'D',	'03:55:25',	26,	'32',	'O5 BK FURČA Košice'),
(50,	21,	5,	'D',	'04:13:18',	34,	'41',	'05 BK Furča Košice'),
(51,	23,	5,	'D',	'04:37:33',	24,	'10',	'05 BK Furča Košice'),
(52,	24,	5,	'D',	'03:47:31',	21,	'4',	'O5 BK Furča Košice'),
(53,	27,	5,	'D',	'03:58:38',	33,	'5',	'O5 Bk Furča'),
(54,	29,	5,	'D',	'04:24:29',	19,	'17',	'O5 BK Furča Košice'),
(55,	30,	5,	'D',	'04:14:50',	44,	'24',	'O5 BK Furča- Košice'),
(56,	33,	5,	'D',	'04:07:31',	46,	'6',	'O5 BK Furča'),
(57,	36,	5,	'D',	'04:49:49',	43,	'42',	'O5 BK Furča Košice'),
(58,	1,	6,	'A',	'03:17:10',	6,	'0',	'KE'),
(59,	7,	6,	's',	'01:34:08',	10,	'93',	'VA TECH Košice'),
(60,	10,	6,	's',	'01:38:10',	10,	'67',	'Košice'),
(61,	20,	6,	'A',	'03:36:20',	12,	'34',	'FORMA WODZISLAW SLASKI'),
(62,	22,	6,	's',	'01:49:38',	8,	'5A',	'Forma Wodzislaw '),
(63,	26,	6,	'A',	'03:30:10',	7,	'33',	'Forma wodzislaw sl.'),
(64,	27,	6,	'A',	'04:24:21',	44,	'38',	'O5 BK Furca'),
(65,	30,	6,	'A',	'03:52:34',	32,	'58',	'O5 BK Furča- Košice'),
(66,	1,	7,	'B',	'03:21:06',	7,	'0',	'Jazero KE'),
(67,	3,	7,	'B',	'03:26:27',	12,	'16',	'Jazero Košice'),
(68,	7,	7,	's',	'01:23:43',	3,	'92',	'Košice Jazero'),
(69,	11,	7,	'B',	'03:20:36',	9,	'22',	'Jazero Košice'),
(70,	1,	8,	'B',	'03:24:59',	8,	'0',	'BK STEEL KE'),
(71,	3,	8,	'B',	'03:45:15',	19,	'22',	'BK Steel Košice'),
(72,	5,	8,	'e',	'03:45:17',	8,	'0',	'BK Steel Košice'),
(73,	6,	8,	'C',	'00:00:00',	42,	'30',	'BK Steel Košice'),
(74,	8,	8,	'e',	'04:41:08',	15,	'51',	'USS Košice'),
(75,	9,	8,	'C',	'03:39:31',	26,	'16',	'BK Steel Košice'),
(76,	12,	8,	'C',	'03:29:14',	16,	'27',	'BK Steel Košice'),
(77,	14,	8,	'e',	'04:01:55',	11,	'87',	'BK Steel Košice'),
(78,	15,	8,	'C',	'03:39:27',	22,	'25',	'BK Steel Košice'),
(79,	18,	8,	'C',	'04:09:33',	38,	'27',	'BK Steel Košice'),
(80,	21,	8,	'C',	'03:55:49',	28,	'33',	'BK Steel Košice'),
(81,	23,	8,	'C',	'04:46:25',	27,	'24',	'BK Steel Košice'),
(82,	27,	8,	'C',	'04:20:21',	43,	'54',	'BK Steel KE'),
(83,	30,	8,	'C',	'04:40:22',	54,	'9',	'BK Steel Kosice'),
(84,	33,	8,	'C',	'04:25:00',	50,	'59',	'BK Steel Košice'),
(85,	1,	9,	'C',	'03:25:45',	9,	'0',	'BK STEEL KE'),
(86,	3,	9,	'C',	'03:12:30',	4,	'15',	'BK Steel Košice'),
(87,	9,	9,	'C',	'03:29:17',	19,	'28',	'BK Steel Košice'),
(88,	11,	9,	'C',	'03:34:09',	13,	'25',	'BK Steel Košice'),
(89,	12,	9,	'D',	'03:17:57',	10,	'19',	'BK Steel Košice'),
(90,	19,	9,	's',	'01:41:22',	11,	'17A',	'BK Steel Košice'),
(91,	21,	9,	'D',	'03:23:55',	14,	'53',	'BK Steel Košice'),
(92,	25,	9,	's',	'01:41:16',	7,	'13A',	'BK Steel Košice'),
(93,	28,	9,	's',	'01:42:45',	15,	'20A',	'BK Steel Košice'),
(94,	31,	9,	's',	'01:41:09',	7,	'29A',	'BK Steel Košice'),
(95,	34,	9,	's',	'01:39:49',	4,	'14A',	'BK Steel Košice'),
(96,	35,	9,	'D',	'04:57:57',	35,	'128',	'BK STEEL KOŠICE'),
(97,	1,	10,	'A',	'03:25:45',	10,	'0',	'TIK KE'),
(98,	3,	10,	'A',	'03:26:59',	13,	'26',	'Tik Košice'),
(99,	5,	10,	'e',	'03:22:35',	2,	'0',	'TIK Košice'),
(100,	7,	10,	's',	'01:40:23',	9,	'87',	'TIK Košice'),
(101,	8,	10,	'e',	'00:00:00',	22,	'66',	'TIK Košice'),
(102,	10,	10,	's',	'01:27:54',	2,	'59',	'TIK'),
(103,	11,	10,	'A',	'03:19:26',	7,	'47',	'TIK Košice'),
(104,	12,	10,	'A',	'03:27:35',	14,	'44',	'TIK Košice'),
(105,	17,	10,	'e',	'03:29:10',	6,	'27',	'TIK Košice'),
(106,	23,	10,	'A',	'03:37:25',	5,	'34',	'TIK Košice'),
(107,	26,	10,	'A',	'03:36:02',	11,	'32',	'TIK Košice'),
(108,	29,	10,	'A',	'03:23:48',	4,	'34',	'TIK KOSICE'),
(109,	32,	10,	'A',	'03:23:22',	4,	'124',	'TIK Košice'),
(110,	35,	10,	'A',	'03:34:13',	11,	'140',	'TIK KOSICE'),
(111,	40,	10,	's',	'01:28:55',	14,	'12',	'FREE RUNERS'),
(112,	42,	10,	'B',	'03:03:25',	4,	'45',	'FREE RUNNERS'),
(113,	44,	10,	'B',	'03:20:29',	5,	'113',	'FREE RUNNERS'),
(114,	45,	10,	'B',	'03:09:40',	6,	'6',	'FREE RUNNERS'),
(115,	1,	11,	'B',	'03:26:02',	11,	'0',	'o5 SAMOPLAT KE'),
(116,	3,	11,	'B',	'03:21:27',	8,	'11',	'OAVD Košice'),
(117,	5,	11,	'e',	'03:37:35',	7,	'0',	'OAVD Košice'),
(118,	6,	11,	'B',	'03:28:28',	14,	'16',	'O5 BK Furča - Košice'),
(119,	8,	11,	'e',	'04:20:02',	13,	'63',	'O5 BK Furča'),
(120,	12,	11,	'B',	'03:41:52',	24,	'7',	'O5 bežecký klub Furča'),
(121,	23,	11,	'C',	'04:49:51',	30,	'44',	'05 BK Furča Košice'),
(122,	24,	11,	'C',	'04:05:00',	30,	'44',	'O5 BK Furča Košice'),
(123,	26,	11,	'C',	'04:12:16',	33,	'44',	'O5 BK Furča- Košice'),
(124,	36,	11,	'C',	'04:22:44',	37,	'39',	'O5 BK Furča Košice'),
(125,	38,	11,	'C',	'04:25:41',	21,	'104',	'O5 BK Furča-Košice'),
(126,	39,	11,	'C',	'04:08:08',	37,	'28',	'O5 BK Furča-Košice'),
(127,	41,	11,	'maraton',	'04:16:43',	25,	'107',	'O5 BK Furča-Košice'),
(128,	42,	11,	'C',	'04:11:34',	45,	'77',	'O5 BK Furča - Košice'),
(129,	44,	11,	'C',	'04:22:36',	31,	'133',	'O5 bežecký klub Furča-Košice'),
(130,	47,	11,	'C',	'04:32:18',	33,	'33',	'O5 BK Furča - Košice'),
(131,	1,	12,	'B',	'03:28:47',	12,	'0',	'MeKo KE'),
(132,	3,	12,	'B',	'03:18:10',	6,	'7',	'OAVD Košice'),
(133,	5,	12,	'e',	'03:24:18',	3,	'0',	'OAVD Košice'),
(134,	6,	12,	'B',	'03:16:35',	8,	'26',	'O5 BK Furča - Košice'),
(135,	8,	12,	'e',	'03:38:05',	4,	'57',	'O5 BK Furča'),
(136,	11,	12,	'C',	'03:49:25',	18,	'42',	'O5 BK Furča- Košice'),
(137,	12,	12,	'C',	'03:43:40',	25,	'3',	'O5 bežecký klub Furča'),
(138,	15,	12,	'C',	'03:34:50',	19,	'3',	'O5 bežecký klub Furča'),
(139,	17,	12,	'e',	'03:50:03',	12,	'3',	'O5 bežecký klub Furča'),
(140,	18,	12,	'C',	'03:48:18',	22,	'3',	'05 BK Furča'),
(141,	20,	12,	'C',	'03:44:19',	17,	'31',	'O5 BK FURČA Košice'),
(142,	23,	12,	'C',	'04:24:05',	17,	'3',	'05 BK Furča Košice'),
(143,	24,	12,	'C',	'00:00:00',	47,	'6',	'O5 BK Furča Košice'),
(144,	26,	12,	'C',	'04:07:54',	29,	'40',	'O5 BK Furča- Košice'),
(145,	27,	12,	'C',	'03:47:49',	26,	'3',	'O5 BK Furča'),
(146,	29,	12,	'C',	'04:17:05',	15,	'12',	'O5 BK Furča Košice'),
(147,	35,	12,	'C',	'04:13:47',	24,	'132',	'O5 BK Furča- Košice'),
(148,	36,	12,	'C',	'03:54:36',	23,	'34',	'O5 BK Furča Košice'),
(149,	38,	12,	'C',	'03:59:09',	12,	'109',	'O5 BK Furča-Košice'),
(150,	39,	12,	'D',	'04:08:08',	38,	'51',	'O5 BK Furča-Košice'),
(151,	41,	12,	'maraton',	'04:22:53',	26,	'120',	'O5 BK Furča - Košice'),
(152,	43,	12,	'S',	'01:56:06',	18,	'4A',	'O5 BK Furča Košice'),
(153,	44,	12,	'D',	'04:15:41',	27,	'145',	'O5 BK Furča-Košice'),
(154,	1,	13,	'C',	'03:29:15',	13,	'0',	'BK STEEL KE'),
(155,	7,	13,	's',	'01:37:18',	3,	'92',	'Košice Jazero'),
(156,	10,	13,	's',	'01:57:08',	11,	'68',	'BK Steel Košice'),
(157,	13,	13,	's',	'01:43:23',	10,	'69',	'BK Steel Košice'),
(158,	1,	14,	'B',	'03:32:12',	14,	'0',	'BK STEEL KE'),
(159,	3,	14,	'B',	'03:24:21',	10,	'23',	'BK Steel Košice'),
(160,	5,	14,	'e',	'03:34:33',	5,	'0',	'BK Steel Košice'),
(161,	6,	14,	'B',	'03:27:07',	12,	'33',	'BK Steel Košice'),
(162,	8,	14,	'e',	'04:14:24',	11,	'54',	'BK Steel Košice'),
(163,	9,	14,	'B',	'00:00:00',	41,	'41',	'BK Steel Košice'),
(164,	13,	14,	's',	'01:48:33',	19,	'62',	'BK Steell Košice'),
(165,	16,	14,	's',	'01:55:39',	19,	'18B',	'BK Steell Košice'),
(166,	19,	14,	's',	'01:44:02',	7,	'14B',	'BK Steel Košice'),
(167,	30,	14,	'C',	'03:46:02',	28,	'43',	'BK Steel Košice'),
(168,	33,	14,	'C',	'03:47:26',	30,	'48',	'BK Steel Košice'),
(169,	36,	14,	'C',	'03:55:33',	25,	'36',	'BK Steel Košice'),
(170,	42,	14,	'D',	'04:10:15',	44,	'87',	'BK Steel Košice'),
(171,	45,	14,	'D',	'04:20:39',	42,	'18',	'BK Steel Košice'),
(172,	1,	15,	'A',	'03:34:50',	15,	'0',	'BK STEEL KE'),
(173,	4,	15,	's',	'01:35:58',	2,	'59',	'BK Steel Košice'),
(174,	10,	15,	's',	'01:43:40',	15,	'54',	'BK Steel Košice'),
(175,	13,	15,	's',	'01:37:20',	10,	'69',	'BK Steel Košice'),
(176,	19,	15,	's',	'01:44:45',	12,	'18B',	'BK Steel Košice'),
(177,	31,	15,	's',	'01:50:25',	29,	'30A',	'BK Steel Košice'),
(178,	1,	16,	'A',	'03:38:22',	16,	'0',	'FURČA KE'),
(179,	32,	16,	'B',	'03:36:14',	8,	'128',	'O5 BK Furča- Košice'),
(180,	37,	16,	's',	'01:45:17',	10,	'20A',	'O5 BK Furča Košice'),
(181,	38,	16,	'C',	'03:44:21',	7,	'132',	'O5 BK Furča-Košice'),
(182,	42,	16,	'C',	'03:32:53',	14,	'72',	'O5 BK Furča - Košice'),
(183,	1,	17,	'B',	'03:39:12',	17,	'0',	'SAMOPLAT'),
(184,	3,	17,	'C',	'03:44:17',	18,	'33',	'Samoplat'),
(185,	6,	17,	'C',	'03:36:58',	16,	'43',	'Samoplat '),
(186,	9,	17,	'C',	'03:55:30',	32,	'39',	'Samoplat Bidovce'),
(187,	11,	17,	'C',	'04:03:36',	29,	'39',	'Samoplat Bidovce'),
(188,	12,	17,	'C',	'04:03:46',	35,	'43',	'O5 bežecký klub Furča'),
(189,	15,	17,	'C',	'03:39:12',	21,	'2',	'O5 bežecký klub Furča'),
(190,	17,	17,	'e',	'04:09:33',	22,	'8',	'O5 bežecký klub Furča'),
(191,	20,	17,	'C',	'04:21:51',	41,	'24',	'O5 BK FURČA Košice'),
(192,	21,	17,	'C',	'04:40:17',	47,	'25',	'O5 BK Furča Košice'),
(193,	26,	17,	'C',	'04:31:29',	38,	'37',	'O5 BK Furča- Košice'),
(194,	27,	17,	'C',	'04:32:44',	45,	'2',	'O5 BK Furča Košice'),
(195,	30,	17,	'C',	'04:26:33',	51,	'29',	'O5 BK Furča- Košice'),
(196,	33,	17,	'D',	'04:04:41',	44,	'37',	'O5 BK Furča'),
(197,	35,	17,	'D',	'04:21:27',	27,	'116',	'05 BK Furča - Košice'),
(198,	36,	17,	'D',	'04:34:39',	40,	'47',	'O5 BK Furča Košice'),
(199,	38,	17,	'D',	'05:03:17',	28,	'107',	'O5 BK Furča-Košice'),
(200,	39,	17,	'D',	'04:30:02',	45,	'49',	'O5 BK Furča-Košice'),
(201,	41,	17,	'maraton',	'04:57:54',	34,	'121',	'O5 BK Furča - Košice'),
(202,	42,	17,	'D',	'04:08:49',	42,	'88',	'O5 BK Furča - Košice'),
(203,	44,	17,	'D',	'04:18:22',	28,	'147',	'o5 BK Furča - Košice'),
(204,	45,	17,	'D',	'04:17:27',	38,	'16',	'o5 BK Furča - Košice'),
(205,	47,	17,	'D',	'04:31:44',	32,	'48',	'O5 BK Furča - Košice'),
(206,	1,	18,	'E',	'03:41:20',	18,	'0',	'BK STEEL KE'),
(207,	4,	18,	's',	'01:40:08',	5,	'60',	'Tube City Košice'),
(208,	9,	18,	'F',	'03:46:02',	29,	'37',	'TubeCity Košice'),
(209,	11,	18,	'F',	'03:54:32',	22,	'50',	'Tube City Košice'),
(210,	12,	18,	'F',	'03:48:52',	28,	'40',	'Tube City Košice'),
(211,	15,	18,	'F',	'04:05:17',	29,	'41',	'TUBE CITY IMS Košice'),
(212,	18,	18,	'F',	'04:15:05',	41,	'41',	'BK Steel Košice'),
(213,	21,	18,	'F',	'03:49:21',	24,	'50',	'Tube City IMS Košice'),
(214,	24,	18,	'F',	'03:55:08',	26,	'42',	'Tube City IMS Košice'),
(215,	27,	18,	'F',	'04:04:24',	37,	'46',	'Tube City IMS Košice'),
(216,	30,	18,	'F',	'03:52:32',	31,	'65',	'Tube City IMS Košice'),
(217,	33,	18,	'F',	'03:52:44',	35,	'11',	'Tube City IMS Košice'),
(218,	36,	18,	'F',	'03:49:27',	20,	'51',	'Tube City IMS Košice '),
(219,	39,	18,	'F',	'03:51:09',	22,	'59',	'Tube City IMS Košice'),
(220,	42,	18,	'F',	'03:52:23',	31,	'1',	'TMS International Košice, s.r.o.'),
(221,	44,	18,	'G',	'04:02:12',	20,	'158',	'TMS International Košice, s.r.o.'),
(222,	45,	18,	'F',	'04:10:50',	32,	'29',	'TMS International Košice, s.r.o.'),
(223,	1,	19,	'B',	'03:43:33',	19,	'0',	'Jenkovce'),
(224,	3,	19,	'B',	'03:53:58',	23,	'25',	'Jenkovce'),
(225,	7,	19,	's',	'01:40:26',	6,	'89',	'Jenkovce'),
(226,	10,	19,	's',	'01:50:47',	22,	'69',	'Jenkovce'),
(227,	16,	19,	's',	'01:40:40',	13,	'4A',	'Jenkovce'),
(228,	18,	19,	'C',	'03:53:02',	26,	'20',	'Jenkovce'),
(229,	21,	19,	'C',	'04:17:12',	35,	'15',	'Jenkovce'),
(230,	27,	19,	'C',	'03:59:30',	34,	'19',	'Jenkovce'),
(231,	30,	19,	'C',	'04:28:41',	53,	'59',	'OcÚ Jenkovce'),
(232,	33,	19,	'C',	'03:50:50',	32,	'34',	'Jenkovce'),
(233,	36,	19,	'D',	'04:32:45',	39,	'44',	'AC Jenkovce'),
(234,	40,	19,	's',	'02:02:40',	31,	'36',	'Jenkovce'),
(235,	43,	19,	'S',	'01:55:12',	20,	'13A',	'Jenkovce'),
(236,	2,	20,	'A',	'01:36:15',	1,	'0',	'KE'),
(237,	4,	20,	's',	'01:32:35',	3,	'56',	'Košice'),
(238,	7,	20,	's',	'01:42:30',	10,	'93',	'VTJ VÚ 6335 Prešov'),
(239,	21,	20,	'A',	'00:00:00',	51,	'36',	'MK Košice'),
(240,	23,	20,	'A',	'00:00:00',	39,	'23',	'MK Košice'),
(241,	26,	20,	'A',	'04:30:10',	36,	'27',	'MK Košice'),
(242,	27,	20,	'A',	'00:00:00',	52,	'56',	'MK Košice'),
(243,	2,	21,	'A',	'01:40:32',	2,	'0',	'KE'),
(244,	3,	21,	'A',	'03:48:27',	21,	'31',	'Košice'),
(245,	5,	21,	'e',	'03:55:28',	11,	'0',	'O5 bežecký klub Furča'),
(246,	2,	22,	'A',	'01:45:10',	3,	'0',	'FURČA KE'),
(247,	3,	22,	'A',	'03:58:33',	25,	'9',	'05 BK Furča'),
(248,	8,	22,	'e',	'03:53:30',	6,	'55',	'O5 BK Furča'),
(249,	11,	22,	'B',	'04:25:49',	35,	'43',	'O5 BK Furča Košice'),
(250,	13,	22,	's',	'01:46:31',	20,	'51',	'O5 bežecký klub Furča'),
(251,	21,	22,	'B',	'03:51:59',	26,	'9',	'O5 BK Furča Košice'),
(252,	23,	22,	'B',	'00:00:00',	40,	'38',	'05 BK Furča Košice'),
(253,	24,	22,	'B',	'04:09:43',	34,	'10',	'O5 BK Furča Košice'),
(254,	26,	22,	'B',	'04:00:02',	25,	'3',	'O5 BK Furča- Košice'),
(255,	27,	22,	'B',	'00:00:00',	51,	'28',	'O5 BK Furča Košice'),
(256,	31,	22,	's',	'01:44:28',	18,	'35A',	'O5 BK Furča- Košice'),
(257,	32,	22,	'B',	'03:54:49',	14,	'106',	'O5 BK Furča- Košice'),
(258,	42,	22,	'C',	'03:55:22',	37,	'71',	'O5 BK Furča - Košice'),
(259,	2,	23,	'B',	'01:47:15',	4,	'0',	'ROTOR KE'),
(260,	3,	23,	'B',	'03:59:22',	27,	'5',	'Košice'),
(261,	6,	23,	'B',	'03:55:38',	22,	'15',	'BK Katka Košice'),
(262,	2,	24,	'C',	'01:47:50',	5,	'0',	'KE'),
(263,	4,	24,	's',	'01:43:40',	11,	'51',	'Košice'),
(264,	7,	24,	's',	'01:42:56',	11,	'75',	'Košice'),
(265,	11,	24,	'C',	'04:04:11',	30,	'33',	'O5 BK Furča- Košice'),
(266,	14,	24,	'e',	'04:05:38',	13,	'85',	'O5 BK Furča- Košice'),
(267,	16,	24,	's',	'01:42:30',	11,	'3B',	'O5 bežecký klub Furča'),
(268,	25,	24,	's',	'01:45:43',	10,	'21B',	'O5 BK Furča Košice'),
(269,	31,	24,	's',	'01:46:50',	15,	'08B',	'O5 BK Furča- Košice'),
(270,	32,	24,	'D',	'04:02:07',	20,	'108',	'O5 BK Furča- Košice'),
(271,	33,	24,	'D',	'03:53:40',	38,	'40',	'O5 BK Furča'),
(272,	35,	24,	'D',	'04:10:28',	22,	'115',	'05 BK Furča - Košice'),
(273,	36,	24,	'D',	'04:06:06',	30,	'48',	'O5 BK Furča Košice'),
(274,	2,	25,	'D',	'01:48:15',	6,	'0',	'KE'),
(275,	7,	25,	's',	'01:44:52',	8,	'83',	'Metropol Košice'),
(276,	2,	26,	'C',	'01:49:00',	7,	'0',	'KE'),
(277,	3,	26,	'C',	'03:56:24',	24,	'6',	'BK Steel Košice'),
(278,	6,	26,	'C',	'04:22:45',	31,	'25',	'BK Steel Košice'),
(279,	8,	26,	'e',	'04:51:18',	17,	'91',	'BK Steel Košice'),
(280,	10,	26,	's',	'01:52:07',	16,	'58',	'BK Steel Košice'),
(281,	11,	26,	'C',	'04:39:19',	38,	'38',	'BK Steel Košice'),
(282,	12,	26,	'C',	'04:04:11',	36,	'24',	'BK Steel Košice'),
(283,	14,	26,	'e',	'05:00:20',	23,	'72',	'BK Steel Košice'),
(284,	16,	26,	's',	'02:05:34',	20,	'19B',	'BK Steel Košice'),
(285,	17,	26,	'e',	'04:27:15',	26,	'5',	'BK Steel Košice'),
(286,	18,	26,	'D',	'04:08:56',	37,	'30',	'05 BK Furča'),
(287,	20,	26,	'D',	'04:08:24',	35,	'30',	'O5 BK Furča'),
(288,	21,	26,	'D',	'04:28:45',	41,	'11',	'O5 BK Furča Košice'),
(289,	26,	26,	'D',	'05:06:10',	44,	'48',	'O5 BK Furča- Košice'),
(290,	31,	26,	's',	'02:07:45',	28,	'06B',	'O5 BK Furča- Košice'),
(291,	33,	26,	'D',	'04:50:02',	56,	'47',	'O5 BK Furča'),
(292,	35,	26,	'D',	'05:25:45',	39,	'120',	'05 BK Furča - Košice'),
(293,	43,	26,	'S',	'02:18:52',	21,	'57B',	'O5 Bežecký klub Furča'),
(294,	2,	27,	'C',	'01:49:07',	8,	'0',	'KE'),
(295,	4,	27,	's',	'01:41:50',	10,	'52',	'Tepláreň Košice'),
(296,	13,	27,	's',	'02:01:27',	27,	'60',	'Tepláreň Košice'),
(297,	18,	27,	'D',	'04:02:35',	33,	'49',	'Tepláreň Košice'),
(298,	20,	27,	'D',	'04:04:26',	30,	'28',	'Tepláreň Košice'),
(299,	2,	28,	'C',	'01:49:10',	9,	'0',	'KE'),
(300,	2,	29,	'C',	'01:57:00',	10,	'0',	'KE'),
(301,	3,	29,	'C',	'00:00:00',	31,	'30',	'Tlačiarne Košice'),
(302,	22,	29,	's',	'02:07:22',	21,	'15B',	'neuvedený'),
(303,	2,	30,	'A',	'01:58:30',	11,	'0',	'KE'),
(304,	2,	31,	'A',	'02:06:00',	12,	'0',	'KE'),
(305,	43,	31,	'S',	'01:55:37',	8,	'7A',	'Freerunners'),
(306,	2,	32,	'C',	'02:08:12',	13,	'0',	'KE'),
(307,	13,	32,	's',	'01:57:08',	26,	'65',	'Košice'),
(308,	2,	33,	'B',	'02:12:40',	14,	'0',	'Karton KE'),
(309,	6,	33,	'C',	'05:03:12',	38,	'24',	'O5 BK Furča - Košice'),
(310,	8,	33,	'e',	'04:46:29',	16,	'92',	'O5 BK Furča'),
(311,	11,	33,	'C',	'04:34:56',	37,	'97',	'O5 BK Furča- Košice'),
(312,	12,	33,	'C',	'04:22:15',	43,	'2',	'O5 bežecký klub Furča'),
(313,	14,	33,	'e',	'05:05:17',	24,	'74',	'O5 BK Furča- Košice'),
(314,	15,	33,	'C',	'04:04:32',	28,	'4',	'O5 bežecký klub Furča'),
(315,	17,	33,	'e',	'04:23:26',	24,	'4',	'O5 BK Furča- Košice'),
(316,	18,	33,	'C',	'04:23:53',	44,	'2',	'05 BK Furča'),
(317,	20,	33,	'C',	'04:17:27',	40,	'29',	'O5 BK FURČA Košice'),
(318,	21,	33,	'C',	'04:33:53',	44,	'13',	'O5 BK Furča Košice'),
(319,	23,	33,	'C',	'04:52:43',	32,	'12',	'05 BK Furča Košice'),
(320,	24,	33,	'C',	'04:31:19',	43,	'11',	'O5 BK Furča Košice'),
(321,	26,	33,	'C',	'04:42:54',	41,	'5',	'O5 BK Furča- Košice'),
(322,	28,	33,	's',	'02:10:01',	20,	'21A',	'O5 BK Furča Košice'),
(323,	29,	33,	'C',	'05:01:49',	30,	'16',	'O5 BK Furča Košice'),
(324,	33,	33,	'D',	'05:08:41',	58,	'36',	'O5 BK Furča'),
(325,	35,	33,	'D',	'04:57:57',	34,	'124',	'05 BK Furča - Košice'),
(326,	36,	33,	'D',	'04:53:29',	45,	'50',	'O5 BK Furča Košice'),
(327,	38,	33,	'D',	'05:29:59',	29,	'102',	'O5 BK Furča-Košice'),
(328,	39,	33,	'D',	'05:02:26',	51,	'48',	'O5 BK Furča-Košice'),
(329,	42,	33,	'D',	'05:20:15',	63,	'86',	'O5 BK Furča - Košice'),
(330,	3,	34,	'A',	'02:43:24',	1,	'20',	'PBaH'),
(331,	5,	34,	'e',	'03:04:40',	1,	'0',	'PBaH Košice'),
(332,	6,	34,	'A',	'02:53:27',	3,	'1',	'PHaV Košice'),
(333,	9,	34,	'A',	'02:44:42',	1,	'9',	'PBAH Košice'),
(334,	11,	34,	'A',	'02:55:11',	2,	'18',	'PBAH Košice'),
(335,	12,	34,	'A',	'03:03:11',	5,	'1',	'Povodie Bodrogu a Hor.'),
(336,	15,	34,	'A',	'03:01:43',	4,	'34',	'Povodie Hornadu a Bodvy'),
(337,	18,	34,	'A',	'02:53:25',	1,	'48',	'PBaH Košice'),
(338,	21,	34,	'A',	'02:57:39',	3,	'44',	'PBaH Titus Košice'),
(339,	23,	34,	'A',	'03:03:24',	3,	'14',	'PHaB Titus Košice'),
(340,	24,	34,	'B',	'02:48:35',	2,	'38',	'PBaH Titus Košice'),
(341,	26,	34,	'B',	'02:53:31',	1,	'20',	'PHaB Titus Kosice'),
(342,	29,	34,	'B',	'03:08:21',	3,	'23',	'PBaH Titus Kosice'),
(343,	30,	34,	'B',	'02:54:56',	2,	'46',	'PBaH Titus Kosice'),
(344,	32,	34,	'B',	'03:05:38',	2,	'110',	'PBaH Titus Košice'),
(345,	33,	34,	'B',	'02:59:05',	4,	'3',	'PHaB Titus Kosice'),
(346,	35,	34,	'B',	'03:06:29',	1,	'103',	'PBaH'),
(347,	3,	35,	'B',	'02:52:46',	2,	'10',	'MK Košice'),
(348,	7,	35,	's',	'01:28:11',	8,	'83',	'Metropol Košice'),
(349,	8,	35,	'e',	'03:05:18',	1,	'52',	'Metropol Košice'),
(350,	9,	35,	'B',	'02:54:12',	4,	'19',	'Metropol Košice'),
(351,	11,	35,	'B',	'02:55:20',	3,	'11',	'Metropol Košice'),
(352,	12,	35,	'B',	'02:45:51',	1,	'18',	'Metropol Košice'),
(353,	14,	35,	'e',	'02:56:39',	1,	'78',	'Metropol Košice'),
(354,	17,	35,	'e',	'02:53:57',	1,	'1',	'Metropol Košice'),
(355,	18,	35,	'B',	'02:58:41',	4,	'36',	'Metropol Košice'),
(356,	21,	35,	'B',	'03:02:08',	5,	'40',	'Metropol Košice'),
(357,	23,	35,	'B',	'03:09:45',	4,	'1',	'Metropol Košice'),
(358,	24,	35,	'B',	'02:59:38',	6,	'48',	'Metropol'),
(359,	26,	35,	'B',	'02:56:42',	2,	'49',	'Metropol Košice'),
(360,	3,	36,	'B',	'03:09:40',	3,	'32',	'BK Steel Košice'),
(361,	6,	36,	'B',	'03:15:35',	7,	'31',	'BK Steel Košice'),
(362,	9,	36,	'B',	'03:22:02',	14,	'34',	'BK Steel Košice'),
(363,	12,	36,	'B',	'03:18:07',	11,	'99',	'BK Steel Košice'),
(364,	15,	36,	'B',	'03:31:01',	17,	'37',	'BK Steel Košice'),
(365,	18,	36,	'B',	'03:26:07',	13,	'39',	'BK Steel Košice'),
(366,	21,	36,	'B',	'03:41:59',	21,	'27',	'BK Steel Košice'),
(367,	27,	36,	'B',	'03:40:07',	22,	'49',	'BK Steel KOŠICE'),
(368,	30,	36,	'B',	'03:44:34',	26,	'60',	'BK Steel Košice'),
(369,	33,	36,	'C',	'03:41:57',	26,	'26',	'BK Steel Košice'),
(370,	36,	36,	'C',	'03:46:26',	17,	'31',	'BK Steel Košice '),
(371,	39,	36,	'C',	'03:49:44',	21,	'34',	'BK Steel Košice'),
(372,	45,	36,	'C',	'04:06:32',	30,	'39',	'BK Steel Košice'),
(373,	3,	37,	'C',	'03:19:55',	7,	'13',	'KTK Liptovský Mikuláš'),
(374,	5,	37,	'e',	'03:25:20',	4,	'0',	'KTK Lipt.Mikuláš'),
(375,	6,	37,	'C',	'03:28:28',	15,	'29',	'KTK Lipt.Mikuláš'),
(376,	8,	37,	'e',	'03:50:30',	5,	'68',	'O5 BK Furča'),
(377,	9,	37,	'C',	'03:32:00',	22,	'6',	'O5 BK Furča'),
(378,	11,	37,	'C',	'03:23:16',	10,	'41',	'O5 BK Furča- Košice'),
(379,	12,	37,	'C',	'03:28:16',	15,	'23',	'O5 BK Furča'),
(380,	14,	37,	'e',	'03:29:44',	7,	'90',	'O5 BK Furča- Košice'),
(381,	15,	37,	'C',	'03:18:58',	10,	'13',	'O5 bežecký klub Furča'),
(382,	17,	37,	'e',	'03:36:26',	9,	'31',	'O5 bežecký klub Furča'),
(383,	18,	37,	'C',	'03:24:28',	12,	'13',	'05 BK Furča'),
(384,	20,	37,	'C',	'03:35:49',	11,	'17',	'O5 BK FURČA Košice'),
(385,	23,	37,	'C',	'03:53:52',	8,	'25',	'05 BK Furča Košice'),
(386,	24,	37,	'C',	'03:18:48',	11,	'16',	'O5 BK Furča Košice'),
(387,	26,	37,	'C',	'03:31:37',	8,	'13',	'O5 BK Furča- Košice'),
(388,	27,	37,	'C',	'03:35:40',	19,	'13',	'O5 BK Furča'),
(389,	30,	37,	'D',	'03:43:25',	24,	'7',	'O5 BK Furča- Košice'),
(390,	32,	37,	'D',	'03:49:12',	12,	'126',	'O5 BK Furča- Košice'),
(391,	33,	37,	'D',	'03:38:18',	22,	'7',	'O5 BK Furča'),
(392,	35,	37,	'D',	'03:57:07',	19,	'108',	'O5 BK Furča- Košice'),
(393,	38,	37,	'D',	'04:15:32',	14,	'133',	'O5 BK Furča-Košice'),
(394,	39,	37,	'D',	'04:02:07',	32,	'45',	'O5-BK FURCA KOSICE'),
(395,	41,	37,	'maraton',	'04:01:37',	19,	'112',	'O5 BK Furča - Košice'),
(396,	42,	37,	'D',	'03:50:04',	29,	'82',	'O5 BK FURCA KOSICE'),
(397,	44,	37,	'D',	'04:01:59',	19,	'144',	'O5-BK Furca Kosice'),
(398,	45,	37,	'D',	'04:14:05',	35,	'17',	'O5 BK Furča, Košice'),
(399,	47,	37,	'D',	'04:25:00',	29,	'46',	'O5 BK Furča - Košice'),
(400,	3,	38,	'B',	'03:24:21',	9,	'14',	'BK Steel Košice'),
(401,	9,	38,	'B',	'03:29:17',	18,	'10',	'BK Steel Košice'),
(402,	13,	38,	's',	'01:44:05',	19,	'62',	'BK Geča'),
(403,	18,	38,	'C',	'03:44:08',	20,	'15',	'BK-Geča'),
(404,	3,	39,	'A',	'03:26:12',	11,	'21',	'BK Steel Košice'),
(405,	18,	39,	'B',	'03:27:10',	14,	'1M',	'BK Steel Košice'),
(406,	3,	40,	'C',	'03:34:22',	14,	'2',	'DS Žilina'),
(407,	5,	40,	'e',	'03:53:30',	10,	'0',	'DS Žilina'),
(408,	6,	40,	'C',	'03:53:16',	20,	'14',	'DS Žilina'),
(409,	8,	40,	'e',	'04:21:39',	14,	'53',	'DS Žilina'),
(410,	9,	40,	'C',	'03:55:47',	33,	'7',	'DS Žilina'),
(411,	11,	40,	'C',	'04:12:10',	31,	'17',	'DS Žilina'),
(412,	12,	40,	'D',	'03:40:42',	22,	'33',	'DS Žilina'),
(413,	14,	40,	'e',	'04:08:35',	15,	'86',	'DS Žilina'),
(414,	15,	40,	'D',	'04:19:51',	36,	'9',	'DS Žilina'),
(415,	17,	40,	'e',	'04:51:41',	30,	'30',	'DS Žilina'),
(416,	18,	40,	'D',	'04:38:32',	46,	'12',	'DS Žilina'),
(417,	20,	40,	'D',	'04:16:32',	37,	'18',	'DS Žilina'),
(418,	21,	40,	'D',	'04:17:55',	36,	'28',	'DS Žilina'),
(419,	23,	40,	'D',	'04:16:26',	14,	'33',	'DS Žilina'),
(420,	24,	40,	'D',	'03:42:57',	18,	'39',	'DS Žilina'),
(421,	27,	40,	'D',	'03:57:45',	32,	'6',	'DS Žilina'),
(422,	29,	40,	'D',	'04:51:28',	29,	'30',	'DS Žilina'),
(423,	30,	40,	'D',	'03:45:26',	27,	'12',	'DS Žilina'),
(424,	33,	40,	'D',	'03:31:36',	19,	'5',	'DS Žilina'),
(425,	35,	40,	'D',	'03:55:27',	18,	'102',	'DS Žilina'),
(426,	36,	40,	'D',	'03:43:19',	16,	'41',	'DS Žilina'),
(427,	38,	40,	'D',	'04:31:30',	22,	'101',	'DS Žilina'),
(428,	39,	40,	'D',	'05:01:02',	50,	'52',	'DS Žilina'),
(429,	41,	40,	'maraton',	'04:48:31',	33,	'126',	'DS Žilina'),
(430,	42,	40,	'D',	'04:29:07',	51,	'81',	'DS Žilina'),
(431,	44,	40,	'E',	'04:41:09',	40,	'151',	'DS Žilina'),
(432,	47,	40,	'E',	'06:06:06',	47,	'51',	'DS Žilina'),
(433,	3,	41,	'C',	'03:35:28',	15,	'18',	'BK Steel Košice'),
(434,	9,	41,	'D',	'03:29:17',	20,	'30',	'BK Steel Košice'),
(435,	12,	41,	'D',	'03:30:05',	19,	'20',	'BK Steel Košice'),
(436,	3,	42,	'A',	'03:37:50',	16,	'29',	'BK Steel Košice'),
(437,	7,	42,	's',	'01:33:00',	9,	'87',	'Sopka Seňa'),
(438,	13,	42,	's',	'01:33:45',	8,	'79',	'Sopka Seňa'),
(439,	3,	43,	'A',	'03:38:25',	17,	'4',	'05 BK Furča'),
(440,	5,	43,	'e',	'03:35:45',	6,	'0',	'O5 bežecký klub Furča'),
(441,	6,	43,	'A',	'03:41:30',	17,	'18',	'O5 BK Furča - Košice'),
(442,	8,	43,	'e',	'04:00:12',	8,	'60',	'O5 BK Furča'),
(443,	9,	43,	'A',	'03:28:28',	16,	'33',	'Okenné centrum KE'),
(444,	11,	43,	'A',	'03:47:17',	16,	'36',	'Okenné centrum KE'),
(445,	12,	43,	'A',	'03:29:45',	17,	'4',	'BK Steel Košice'),
(446,	14,	43,	'e',	'04:01:17',	10,	'73',	'BK Steel Košice'),
(447,	17,	43,	'e',	'04:16:56',	23,	'6',	'BK Steel Košice'),
(448,	18,	43,	'A',	'03:40:59',	17,	'28',	'BK Steel Košice'),
(449,	20,	43,	'A',	'03:39:42',	14,	'44',	'O5 BK FURČA Košice'),
(450,	22,	43,	's',	'01:48:10',	16,	'4B',	'O5 BK Furča Košice'),
(451,	24,	43,	'A',	'04:19:01',	39,	'28',	'O5 BK Furča Košice'),
(452,	29,	43,	'A',	'04:49:23',	28,	'8',	'O5 BK Furča Košice'),
(453,	30,	43,	'B',	'03:55:03',	34,	'40',	'05 BK Furča- Košice'),
(454,	32,	43,	'B',	'04:16:22',	27,	'112',	'O5 BK Furča- Košice'),
(455,	33,	43,	'B',	'03:50:41',	31,	'9',	'05 BK Furča'),
(456,	35,	43,	'B',	'04:20:13',	26,	'110',	'05 BK Furča - Košice'),
(457,	36,	43,	'B',	'03:52:08',	21,	'14',	'O5 BK Furča Košice'),
(458,	38,	43,	'B',	'04:22:17',	18,	'103',	'O5 BK Furča-Košice'),
(459,	39,	43,	'B',	'03:46:19',	19,	'50',	'O5 BK Furča-Košice'),
(460,	41,	43,	'maraton',	'04:07:28',	21,	'127',	'O5 BK Furča - Košice'),
(461,	3,	44,	'D',	'03:50:29',	22,	'12',	'SS Uherské Hradište'),
(462,	8,	44,	'e',	'04:55:50',	18,	'67',	'Uherské Hradište'),
(463,	3,	45,	'D',	'03:58:35',	26,	'28',	'Poľnonákup Tatry, Kežmarok'),
(464,	3,	46,	'D',	'04:08:42',	28,	'3',	'Budvar Č. Budejovice'),
(465,	6,	46,	'D',	'04:28:55',	34,	'10',	'Budvar ČB'),
(466,	3,	47,	'C',	'04:23:16',	29,	'24',	'Vesna Košice'),
(467,	6,	47,	'C',	'03:57:10',	24,	'41',	'Prima Vesna'),
(468,	10,	47,	's',	'01:48:50',	13,	'74',	'BK Prima Vesna Košice'),
(469,	12,	47,	'D',	'04:13:27',	39,	'39',	'BK Prima Vesna Košice'),
(470,	21,	47,	'D',	'04:40:17',	48,	'52',	'BK Prima Vesna Košice'),
(471,	23,	47,	'D',	'04:44:41',	26,	'39',	'BK Prima Vesna Košice'),
(472,	24,	47,	'D',	'04:08:55',	33,	'43',	'BK Prima Vesna Košice'),
(473,	26,	47,	'D',	'05:20:10',	45,	'39',	'BK Prima Vesna Košice'),
(474,	27,	47,	'D',	'04:52:25',	47,	'50',	'Bantustan s.r.o. Slovakia'),
(475,	29,	47,	'D',	'05:15:35',	33,	'37',	'BK Prima Vesna'),
(476,	30,	47,	'D',	'04:46:17',	56,	'37',	'BK Prima Vesna Košice'),
(477,	32,	47,	'D',	'05:24:55',	36,	'129',	'MK Košice'),
(478,	33,	47,	'D',	'05:11:45',	59,	'52',	'MK Košice'),
(479,	35,	47,	'D',	'05:46:09',	40,	'125',	'MK Košice'),
(480,	38,	47,	'D',	'06:06:48',	31,	'136',	'MK Kočice'),
(481,	3,	48,	'C',	'04:44:41',	30,	'19',	'MK Seitl Ostrava'),
(482,	3,	49,	'D',	'00:00:00',	32,	'27',	'Košice'),
(483,	4,	50,	's',	'01:16:42',	1,	'65',	'MBO Strážske'),
(484,	10,	50,	's',	'01:19:30',	1,	'76',	'Gelnica'),
(485,	17,	50,	'e',	'03:17:37',	5,	'17',	'MBO Strážske'),
(486,	19,	50,	's',	'01:32:05',	2,	'12A',	'MBO OPARM Strážske'),
(487,	20,	50,	'A',	'03:09:57',	3,	'9',	'MBO Strážske'),
(488,	21,	50,	'A',	'02:58:53',	4,	'30',	'Humenné'),
(489,	39,	50,	'B',	'03:07:52',	7,	'21',	'Generali - VnT'),
(490,	4,	51,	's',	'01:25:32',	2,	'59',	'BK Steel Košice'),
(491,	9,	51,	'A',	'03:29:17',	21,	'36',	'BK Steel Košice'),
(492,	11,	51,	'A',	'03:34:09',	14,	'23',	'BK Steel Košice'),
(493,	4,	52,	's',	'01:30:05',	3,	'56',	'US Steel Košice'),
(494,	13,	52,	's',	'01:32:02',	6,	'81',	'BK Steel Košice'),
(495,	16,	52,	's',	'01:36:07',	7,	'22B',	'BK Steel Košice'),
(496,	17,	52,	'e',	'03:42:59',	11,	'32',	'BK Steel Košice'),
(497,	28,	52,	's',	'01:40:59',	10,	'23B',	'BK Steel KOŠICE'),
(498,	4,	53,	's',	'01:33:55',	4,	'57',	'Košice'),
(499,	7,	53,	's',	'01:29:55',	5,	'77',	'Repák Košice'),
(500,	9,	53,	'B',	'03:37:23',	24,	'20',	'BK Vyšná Myšľa'),
(501,	13,	53,	's',	'01:31:43',	4,	'74',	'BKO Vyšná Myšľa'),
(502,	15,	53,	'B',	'00:00:00',	42,	'26',	'BKO Vyšná Myšľa'),
(503,	4,	54,	's',	'01:30:30',	4,	'57',	'Obuv Angelika Košice'),
(504,	6,	54,	'B',	'03:20:23',	10,	'32',	'Akuna Košice'),
(505,	9,	54,	'B',	'03:12:37',	10,	'13',	'Akuma'),
(506,	4,	55,	's',	'01:33:49',	6,	'54',	'AC Michalovce'),
(507,	6,	55,	'B',	'04:03:58',	26,	'42',	'AC Michalovce'),
(508,	10,	55,	's',	'01:41:52',	14,	'71',	'neuvedený'),
(509,	13,	55,	's',	'01:32:38',	17,	'58',	'AC Michalovce'),
(510,	16,	55,	's',	'01:55:05',	12,	'11B',	'AC Michalovce'),
(511,	20,	55,	'B',	'03:52:08',	24,	'22',	'AC Michalovce'),
(512,	22,	55,	's',	'01:42:18',	15,	'21B',	'AC Michalovce'),
(513,	26,	55,	'B',	'03:55:18',	19,	'19',	'AC Michalovce'),
(514,	33,	55,	'C',	'04:15:10',	47,	'24',	'AC Michalovce'),
(515,	43,	55,	'S',	'01:53:19',	13,	'52B',	'AC Michalovce'),
(516,	46,	55,	'M',	'02:04:51',	19,	NULL,	'AC Michalovce'),
(517,	4,	56,	's',	'01:32:15',	7,	'61',	'Košice'),
(518,	4,	57,	's',	'01:44:25',	7,	'61',	'Košice'),
(519,	10,	57,	's',	'01:46:38',	16,	'58',	'BK Steel Košice'),
(520,	13,	57,	's',	'01:44:20',	30,	'72',	'BK Steel Košice'),
(521,	16,	57,	's',	'01:56:33',	19,	'18A',	'BK Steel Košice'),
(522,	22,	57,	's',	'01:53:15',	16,	'4A',	'BK Steel Košice'),
(523,	25,	57,	's',	'01:45:46',	13,	'04A',	'O5 BK Furča Košice'),
(524,	28,	57,	's',	'01:49:58',	12,	'7B',	'O5 BK Furča Košice'),
(525,	31,	57,	's',	'01:46:35',	15,	'08A',	'O5 BK Furča- Košice'),
(526,	37,	57,	's',	'01:49:13',	17,	'10A',	'O5 BK Furča Košice'),
(527,	46,	57,	'M',	'01:59:01',	17,	NULL,	'O5 BK Furča Košice'),
(528,	4,	58,	's',	'01:15:08',	8,	'53',	'Obal servis Košice'),
(529,	13,	58,	's',	'01:17:54',	1,	'73',	'TJ Obalservis Košice'),
(530,	16,	58,	's',	'01:15:10',	1,	'17A',	'TJ Obalservis Košice'),
(531,	28,	58,	's',	'01:23:23',	3,	'10A',	'TJ Obalservis Košice'),
(532,	4,	59,	's',	'02:02:17',	8,	'53',	'Košice'),
(533,	10,	59,	's',	'01:54:10',	15,	'54',	'Košice'),
(534,	13,	59,	's',	'01:51:05',	21,	'53',	'KRB Metropol Košice'),
(535,	16,	59,	's',	'01:58:58',	17,	'14B',	'Metropol Košice'),
(536,	19,	59,	's',	'01:43:00',	14,	'3B',	'TJ Metropol Košice'),
(537,	27,	59,	'A',	'03:50:05',	27,	'18',	'O5 BK Furča Košice'),
(538,	29,	59,	'A',	'04:33:28',	24,	'18',	'O5 BK Furča Košice'),
(539,	30,	59,	'A',	'03:53:18',	33,	'18',	'O5 BK Furča- Košice'),
(540,	4,	60,	's',	'01:42:30',	9,	'55',	'BK Steel Košice'),
(541,	7,	60,	's',	'01:41:43',	13,	'94',	'Košice'),
(542,	4,	61,	's',	'01:39:37',	9,	'55',	'Košice'),
(543,	8,	61,	'e',	'04:01:53',	9,	'61',	'Košice'),
(544,	11,	61,	'A',	'03:58:19',	25,	'35',	'Bobor Košice'),
(545,	13,	61,	's',	'02:03:27',	28,	'64',	'Bobor Košice'),
(546,	14,	61,	'e',	'03:54:17',	9,	'76',	'BK Bobor'),
(547,	16,	61,	's',	'01:33:42',	5,	'5B',	'AC - BOBOR'),
(548,	17,	61,	'e',	'03:29:10',	7,	'2',	'BK Bobor'),
(549,	19,	61,	's',	'01:33:45',	5,	'2A',	'AC Bobor Košice'),
(550,	20,	61,	'A',	'03:23:49',	7,	'37',	'AC -Bobor. Košice'),
(551,	26,	61,	'A',	'03:47:14',	15,	'34',	'Bobor AC'),
(552,	28,	61,	's',	'01:31:37',	8,	'17B',	'HO Metropol'),
(553,	29,	61,	'A',	'04:18:01',	17,	'27',	'AC Bobor'),
(554,	34,	61,	's',	'01:37:30',	3,	'8A',	'HO Metropol'),
(555,	40,	61,	's',	'01:34:14',	12,	'32',	'Žeriavy Košice '),
(556,	4,	62,	's',	'01:43:40',	10,	'52',	'Tepláreň Košice'),
(557,	7,	62,	's',	'01:43:51',	11,	'75',	'Košice'),
(558,	4,	63,	's',	'01:45:33',	11,	'51',	'Obal servis Košice'),
(559,	4,	64,	's',	'01:57:18',	12,	'64',	'BK Steel Košice'),
(560,	7,	64,	's',	'01:42:55',	12,	'90',	'BK Steel košice'),
(561,	10,	64,	's',	'01:45:20',	20,	'72',	'BK Steel Košice'),
(562,	13,	64,	's',	'01:51:32',	18,	'57',	'BK Steel Košice'),
(563,	16,	64,	's',	'02:03:10',	18,	'20A',	'BK Steel Košice'),
(564,	19,	64,	's',	'01:58:44',	19,	'15A',	'BK Steel Košice'),
(565,	22,	64,	's',	'02:03:13',	21,	'15A',	'BK Steel Košice'),
(566,	25,	64,	's',	'02:01:28',	17,	'14B',	'BK Steel Košice'),
(567,	28,	64,	's',	'02:02:40',	15,	'20B',	'BK Steel Košice'),
(568,	31,	64,	's',	'02:02:48',	24,	'27B',	'BK Steel Košice'),
(569,	34,	64,	's',	'01:59:36',	15,	'20B',	'Javorina Rudlov'),
(570,	37,	64,	's',	'02:09:00',	22,	'34A',	'Javorina Rudlov'),
(571,	40,	64,	's',	'02:12:14',	29,	'29',	'BK Spartak Medzev'),
(572,	43,	64,	'S',	'02:16:06',	16,	'11B',	'Javorina Rudlov'),
(573,	4,	65,	's',	'01:49:02',	12,	'64',	'BK Steel Košice'),
(574,	5,	66,	'e',	'03:57:08',	12,	'0',	'BK Steel Košice'),
(575,	8,	66,	'e',	'04:57:20',	19,	'62',	'US Steel Košice'),
(576,	11,	66,	'C',	'04:17:29',	33,	'19',	'VSS Košice'),
(577,	12,	66,	'C',	'04:13:53',	40,	'46',	'BK Steel Košice'),
(578,	14,	66,	'e',	'04:18:50',	19,	'77',	'US Steel Košice'),
(579,	15,	66,	'C',	'00:00:00',	44,	'44',	'BK Steel Košice'),
(580,	17,	66,	'e',	'05:11:05',	32,	'10',	'BK Steel Košice'),
(581,	18,	66,	'C',	'04:57:25',	50,	'18',	'US Steel Sk'),
(582,	20,	66,	'C',	'04:55:08',	48,	'36',	'US Steel Košice'),
(583,	23,	66,	'C',	'05:00:17',	34,	'17',	'Steel Košice'),
(584,	6,	67,	'B',	'02:42:51',	2,	'2',	'MK Seitl Ostrava - CZ'),
(585,	9,	67,	'B',	'00:00:00',	40,	'8',	'SAK Ložiska Karviná'),
(586,	6,	68,	'B',	'03:09:46',	5,	'21',	'KB Trenč. Teplice'),
(587,	9,	68,	'B',	'03:10:25',	8,	'27',	'BK Trenčianske Teplice'),
(588,	12,	68,	'B',	'03:21:30',	12,	'30',	'KB Trenč. Teplice'),
(589,	6,	69,	'C',	'03:22:50',	11,	'13',	'BBS Bratislava'),
(590,	6,	70,	'B',	'03:28:28',	13,	'12',	'3klub Prievidza'),
(591,	9,	70,	'B',	'03:26:37',	15,	'38',	'42195.sk'),
(592,	11,	70,	'B',	'03:52:36',	21,	'14',	'42195.sk'),
(593,	12,	70,	'C',	'03:40:43',	23,	'37',	'42195.sk'),
(594,	15,	70,	'C ',	'04:10:37',	32,	'11',	'42195.sk'),
(595,	17,	70,	'e',	'00:00:00',	33,	'29',	'42195.sk'),
(596,	6,	71,	'B',	'03:44:42',	18,	'36',	'TJ Metropol Košice'),
(597,	11,	71,	'A',	'03:58:29',	26,	'13',	'Metropol Košice'),
(598,	14,	71,	'e',	'04:26:03',	20,	'81',	'Metropol Košice'),
(599,	15,	71,	'B',	'03:52:38',	25,	'7',	'Metropol Košice'),
(600,	17,	71,	'e',	'04:06:15',	19,	'21',	'WGS - Metropol Košice'),
(601,	18,	71,	'B',	'03:53:24',	27,	'19',	'TJ Metropol Košice'),
(602,	20,	71,	'B',	'03:48:05',	20,	'43',	'Wagon Slovakia'),
(603,	21,	71,	'B',	'03:32:16',	19,	'20',	'Metropol, Wagon Slovakia'),
(604,	23,	71,	'B',	'04:28:40',	20,	'19',	'Metropol Košice'),
(605,	24,	71,	'B',	'03:24:24',	14,	'19',	'TJ Metropol'),
(606,	26,	71,	'B',	'03:55:00',	18,	'29',	'TJ Metropol Košice'),
(607,	29,	71,	'B',	'00:00:00',	37,	'35',	'TJ Metropol'),
(608,	30,	71,	'B',	'03:37:51',	17,	'13',	'TJ Metropol Košice'),
(609,	32,	71,	'B',	'03:58:58',	17,	'102',	'TJ Metropol Košice'),
(610,	33,	71,	'B',	'03:24:19',	14,	'13',	'Metropol Košice'),
(611,	35,	71,	'B',	'04:48:05',	31,	'107',	'TJ Metropol'),
(612,	36,	71,	'C',	'03:33:21',	10,	'37',	'TJ Metropol Košice'),
(613,	38,	71,	'C',	'04:36:21',	23,	'112',	'TJ Metropol'),
(614,	39,	71,	'C',	'03:21:35',	11,	'41',	'TJ Metropol'),
(615,	41,	71,	'maraton',	'04:00:17',	18,	'128',	'Metropol'),
(616,	42,	71,	'C',	'03:31:10',	12,	'70',	'O5 BK Furča - Košice'),
(617,	44,	71,	'C',	'03:42:06',	12,	'132',	'O5BK Furča'),
(618,	45,	71,	'C',	'03:36:47',	14,	'36',	'O5bk Furca'),
(619,	6,	72,	'C',	'03:54:20',	21,	'11',	'AVC Praha'),
(620,	18,	72,	'C',	'04:55:48',	49,	'7',	'Rentia Praha'),
(621,	6,	73,	'D',	'03:57:10',	23,	'9',	'SK Přerov - CZ'),
(622,	9,	73,	'D',	'04:13:35',	36,	'3',	'SK Přerov'),
(623,	12,	73,	'D',	'04:16:32',	42,	'12',	'SK Přerov'),
(624,	6,	74,	'C',	'03:59:30',	25,	'6',	'Ostrov - CZ'),
(625,	9,	74,	'C',	'04:43:27',	39,	'4',	'MK Ostrov'),
(626,	12,	74,	'C',	'03:59:44',	33,	'10',	'MK Ostrov'),
(627,	6,	75,	'C',	'04:07:02',	27,	'40',	'MK Tatran Sp.Nová Ves'),
(628,	9,	75,	'C',	'03:57:00',	34,	'14',	'TJ Tatran SNV'),
(629,	11,	75,	'C',	'03:56:43',	23,	'27',	'MK Tatran SNV'),
(630,	14,	75,	'e',	'04:07:34',	14,	'88',	'Spider Team Levice'),
(631,	18,	75,	'D',	'04:02:58',	35,	'8',	'Spiderteam Levice'),
(632,	20,	75,	'D',	'04:06:36',	32,	'14',	'Spider team Levice'),
(633,	23,	75,	'D',	'04:51:43',	31,	'28',	'Spider Team Levice'),
(634,	30,	75,	'D',	'05:18:33',	64,	'2',	'Spider team Levice'),
(635,	32,	75,	'D',	'05:37:07',	37,	'144',	'Spider team Levice'),
(636,	6,	76,	'B',	'04:09:05',	28,	'8',	'Sokol Pravčice - CZ'),
(637,	6,	77,	'A',	'04:12:18',	29,	'3',	'Slimak Bytkov POL'),
(638,	6,	78,	'D',	'04:24:45',	32,	'38',	'Depo Pardubice - CZ'),
(639,	11,	78,	'D',	'04:58:00',	41,	'10',	'MK Pardubice'),
(640,	6,	79,	'D',	'04:34:27',	35,	'27',	'Senior Klub Medzev'),
(641,	6,	80,	'C',	'04:43:35',	36,	'22',	'Joging Dubnica'),
(642,	9,	80,	'C',	'04:37:12',	38,	'25',	'Joging Dusnica'),
(643,	6,	81,	'C',	'04:46:40',	37,	'17',	'Futapest Budapest'),
(644,	8,	81,	'e',	'05:02:12',	20,	'93',	'Futapest Budapest'),
(645,	12,	81,	'C',	'04:50:18',	47,	'26',	'Futapest Club'),
(646,	6,	82,	'A',	'00:00:00',	39,	'4',	'Jessen.lek.fakulta Martin'),
(647,	18,	82,	'A',	'04:01:50',	32,	'21',	'OA IM Liptovský Mikuláš'),
(648,	21,	82,	'A',	'03:52:51',	27,	'51',	'OAIM Lipt. Mikuláš'),
(649,	6,	83,	'A',	'00:00:00',	40,	'20',	'Joging Dubnica'),
(650,	9,	83,	'A',	'03:33:58',	23,	'26',	'Joging Dusnica'),
(651,	12,	83,	'B',	'03:35:02',	21,	'34',	'Jogging klub Dubnica n/V'),
(652,	15,	83,	'B',	'03:31:25',	18,	'38',	'Jogging klub Dubnica n/V'),
(653,	6,	84,	'A',	'00:00:00',	41,	'28',	'MŠK Vranov'),
(654,	9,	84,	'A',	'03:19:03',	12,	'22',	'MŠK Vranov'),
(655,	6,	85,	'C',	'00:00:00',	43,	'37',	'DAD Košice'),
(656,	9,	85,	'C',	'03:46:02',	28,	'29',	'O5 BK Furča'),
(657,	26,	85,	'C',	'03:36:07',	12,	'11',	'O5 BK Furča- Košice'),
(658,	27,	85,	'C',	'03:27:46',	13,	'20',	'O5 BK Furča- Košice'),
(659,	30,	85,	'C',	'03:25:51',	12,	'47',	'O5 BK Furča- Košice'),
(660,	32,	85,	'C',	'03:44:53',	10,	'117',	'O5 BK Furča- Košice'),
(661,	36,	85,	'D',	'03:36:57',	11,	'45',	'O5 BK Furča Košice'),
(662,	38,	85,	'D',	'04:06:15',	13,	'115',	'O5 BK Furča-Košice'),
(663,	43,	85,	'S',	'01:45:35',	16,	'11A',	'O5 BK Furča - Košice'),
(664,	6,	86,	'A',	'00:00:00',	44,	'46',	'Košice'),
(665,	6,	87,	'C',	'00:00:00',	45,	'45',	'HE Kluknava'),
(666,	12,	87,	'D',	'04:34:40',	45,	'8',	'Kluknava'),
(667,	14,	87,	'e',	'04:48:12',	22,	'96',	'Kluknava 120'),
(668,	17,	87,	'e',	'04:37:25',	28,	'19',	'Kluknava'),
(669,	18,	87,	'D',	'04:21:34',	42,	'5',	'Kluknava'),
(670,	20,	87,	'D',	'04:08:00',	34,	'4',	'Kluknava'),
(671,	21,	87,	'D',	'04:30:43',	43,	'1',	'Kluknava'),
(672,	23,	87,	'D',	'04:42:48',	25,	'37',	'Kluknava'),
(673,	24,	87,	'D',	'04:08:30',	32,	'20',	'Kluknava'),
(674,	26,	87,	'D',	'03:57:04',	22,	'38',	'Kluknava'),
(675,	27,	87,	'D',	'04:16:06',	41,	'37',	'Kluknava'),
(676,	29,	87,	'D',	'04:11:18',	12,	'5',	'Kluknava'),
(677,	30,	87,	'D',	'05:07:37',	63,	'6',	'Kluknava'),
(678,	39,	87,	'D',	'04:54:21',	49,	'46',	'Kluknava'),
(679,	44,	87,	'E',	'04:52:05',	43,	'153',	'TJ Kluknava'),
(680,	45,	87,	'E',	'05:07:48',	53,	'49',	'TJ Kluknava'),
(681,	47,	87,	'E',	'05:30:38',	44,	'50',	'TJ Kluknava'),
(682,	7,	88,	's',	'01:36:38',	1,	'2',	'MBO Strážske'),
(683,	10,	88,	's',	'01:37:15',	5,	'',	'Košice'),
(684,	13,	88,	's',	'01:28:08',	2,	'61',	'Gelnické lesy Gelnica'),
(685,	15,	88,	'B',	'03:20:40',	12,	'35',	'BK Steel Košice'),
(686,	19,	88,	's',	'01:31:40',	3,	'11A',	'BK Steel Košice'),
(687,	7,	89,	's',	'01:21:06',	1,	'2',	'MBO Strážske'),
(688,	10,	89,	's',	'01:20:43',	1,	'76',	'Gelnica'),
(689,	13,	89,	's',	'01:19:07',	2,	'61',	'Gelnické lesy Gelnica'),
(690,	7,	90,	's',	'01:32:56',	2,	'82',	'Košice'),
(691,	10,	90,	's',	'01:32:00',	4,	'70',	'Grossmann Košice'),
(692,	7,	91,	's',	'01:27:21',	2,	'82',	'DPMK Košice'),
(693,	8,	91,	'e',	'03:35:33',	3,	'65',	'TJ Dynamo DPMK'),
(694,	10,	91,	's',	'01:28:31',	4,	'',	'Dynamo DPMK Košice'),
(695,	11,	91,	'B',	'03:30:02',	12,	'45',	'DPMK Košice'),
(696,	14,	91,	'e',	'03:24:45',	5,	'82',	'DPMK Košice'),
(697,	20,	91,	'C',	'03:46:20',	18,	'21',	'DPMK Košice'),
(698,	26,	91,	'C',	'04:31:29',	37,	'16',	'TJ-Dynamo DPMK'),
(699,	29,	91,	'C',	'04:37:18',	26,	'2',	'SK SPartak Medzev'),
(700,	30,	91,	'C',	'04:13:16',	43,	'54',	'BK Medzev'),
(701,	32,	91,	'C',	'04:07:42',	23,	'119',	'BK Spartak Medzev'),
(702,	34,	91,	's',	'01:48:52',	10,	'12B',	'neuvedený'),
(703,	40,	91,	's',	'02:00:25',	26,	'3',	'BK Spartak Medzev'),
(704,	4,	92,	's',	'01:35:37',	6,	'54',	'BK Remetské Hámre'),
(705,	7,	92,	's',	'01:30:32',	4,	'88',	'BK Renetské Hámre'),
(706,	10,	92,	's',	'01:33:20',	6,	'66',	'BK Remetské Hámre'),
(707,	16,	92,	's',	'01:43:35',	12,	'11A',	'BK Remetské Hámre'),
(708,	19,	92,	's',	'01:40:55',	13,	'1A',	'BK Remetské Hámre'),
(709,	7,	93,	's',	'01:32:35',	4,	'88',	'AC Michalovce'),
(710,	13,	93,	's',	'01:29:30',	5,	'59',	'AC Michalovce'),
(711,	16,	93,	's',	'01:33:45',	6,	'12A',	'AC Michalovce'),
(712,	18,	93,	'C',	'03:20:39',	10,	'29',	'AC Michalovce'),
(713,	35,	93,	'C',	'03:37:24',	14,	'130',	'AC Michalovce'),
(714,	38,	93,	'C',	'03:57:41',	11,	'128',	'AC Michalovce'),
(715,	46,	93,	'M',	'01:52:56',	19,	NULL,	'AC Michalovce'),
(716,	7,	94,	's',	'01:33:20',	5,	'77',	'Poprad'),
(717,	19,	94,	's',	'01:34:12',	6,	'16B',	'Poprad'),
(718,	22,	94,	's',	'01:41:21',	5,	'14B',	'BK Stará Ľubovňa'),
(719,	7,	95,	's',	'01:31:04',	6,	'89',	'VVS Michalovce'),
(720,	10,	95,	's',	'01:35:32',	6,	'',	'VVS Michalovce'),
(721,	16,	95,	's',	'01:36:10',	6,	'12B',	'VVS Michalovce'),
(722,	18,	95,	'B',	'03:49:52',	24,	'31',	'VVS Michalovce'),
(723,	27,	95,	'C',	'03:24:43',	11,	'32',	'VVS Michalovce '),
(724,	7,	96,	's',	'01:31:27',	7,	'86',	'neuvedený'),
(725,	8,	96,	'e',	'03:33:16',	2,	'69',	'Košice'),
(726,	9,	96,	'A',	'03:37:27',	25,	'24',	'O5 BK Furča'),
(727,	11,	96,	'A',	'04:24:29',	34,	'48',	'O5 BK Furča- Ko'),
(728,	40,	96,	's',	'02:14:39',	30,	'10',	'O5 BK Furča-Košice'),
(729,	42,	96,	'B',	'03:54:05',	35,	'50',	'05 Bežecký Klub Furča'),
(730,	44,	96,	'B',	'03:56:24',	16,	'119',	'O5 Bežecký klub Furča Košice'),
(731,	45,	96,	'B',	'03:58:24',	26,	'3',	'O5 BK Furča Košice'),
(732,	47,	96,	'B',	'04:05:46',	15,	'25',	'ValSport'),
(733,	7,	97,	's',	'01:40:40',	7,	'86',	'neuvedený'),
(734,	10,	97,	's',	'01:46:50',	19,	'75',	'IPA Košice'),
(735,	11,	97,	'A',	'04:39:48',	39,	'44',	'IPA Košice'),
(736,	13,	97,	's',	'01:46:46',	21,	'53',	'IPA Košice'),
(737,	7,	98,	's',	'01:44:37',	12,	'90',	'Metropol Košice'),
(738,	20,	98,	'C',	'03:53:55',	25,	'8',	'HO Metropol Košice'),
(739,	23,	98,	'C',	'03:55:11',	9,	'35',	'HO Metropol Košice'),
(740,	32,	98,	'C',	'03:34:48',	7,	'113',	'HK Metropol Košice'),
(741,	34,	98,	's',	'01:32:32',	3,	'8B',	'HO Metropol'),
(742,	35,	98,	'C',	'03:31:39',	10,	'129',	'Metropol Kosice'),
(743,	39,	98,	'C',	'03:11:14',	9,	'39',	'Metropol Košice'),
(744,	43,	98,	'S',	'01:31:46',	4,	'6B',	'Metropol Košice'),
(745,	44,	98,	'C',	'03:39:41',	11,	'131',	'Metropol Košice'),
(746,	46,	98,	'M',	'01:35:37',	12,	NULL,	'Metropol Košice'),
(747,	47,	98,	'C',	'03:50:38',	8,	'42',	'Metropol Košice'),
(748,	7,	99,	's',	'01:50:13',	13,	'94',	'Košice Barca'),
(749,	7,	100,	's',	'01:47:25',	14,	'91',	'MK Košice'),
(750,	7,	101,	's',	'01:45:26',	14,	'91',	'Košice'),
(751,	9,	101,	'C',	'04:15:03',	37,	'12',	'Maraton.klub Košice'),
(752,	12,	101,	'C',	'03:57:13',	32,	'28',	'Maratónsky klub Košice'),
(753,	16,	101,	's',	'01:46:50',	14,	'8A',	'MK Košice'),
(754,	19,	101,	's',	'01:59:15',	17,	'8B',	'Tepláreň Košice'),
(755,	7,	102,	's',	'01:35:24',	15,	'76',	'Polysoft Košice'),
(756,	9,	102,	'C',	'03:08:12',	7,	'40',	'Lanofer s.r.o.'),
(757,	12,	102,	'C',	'03:06:37',	7,	'45',	'Košice'),
(758,	15,	102,	'D',	'03:29:44',	15,	'36',	'Polysoft Košice'),
(759,	18,	102,	'D',	'03:22:12',	11,	'47',	'Polysoft Košice'),
(760,	21,	102,	'D',	'03:28:53',	16,	'48',	'Belle Export-Import'),
(761,	27,	102,	'D',	'03:44:44',	24,	'48',	'Belle Ex - Im KE'),
(762,	30,	102,	'D',	'03:51:41',	30,	'63',	'Belle Export Import Košice'),
(763,	44,	102,	'D',	'04:02:57',	22,	'142',	'BK Spartak Medzev'),
(764,	7,	103,	's',	'01:57:49',	15,	'76',	'MŠK Vranov'),
(765,	10,	103,	's',	'01:55:12',	21,	'55',	'MŠK Vranov'),
(766,	7,	104,	's',	'01:50:30',	16,	'84',	'Alfa a Omega Krompachy'),
(767,	10,	104,	's',	'01:40:25',	18,	'53',	'Alfa Omega Krompachy'),
(768,	12,	104,	'C',	'05:10:05',	48,	'13',	'Alfa-Omega Krompachy'),
(769,	39,	104,	'C',	'05:03:34',	52,	'33',	'Supermarket Klas'),
(770,	42,	104,	'C',	'04:30:36',	52,	'66',	'Supermarket KLAS Košice'),
(771,	44,	104,	'D',	'04:38:49',	38,	'148',	'Supermarket KLAS Košice'),
(772,	7,	105,	's',	'01:42:56',	17,	'85',	'Košice'),
(773,	7,	106,	's',	'01:58:14',	17,	'85',	'neuvedený'),
(774,	10,	106,	's',	'01:57:37',	19,	'75',	'neuvedený'),
(775,	13,	106,	's',	'02:06:00',	31,	'54',	'Stator Košice'),
(776,	7,	107,	's',	'01:52:28',	18,	'80',	'Metropol Košice'),
(777,	10,	107,	's',	'01:58:53',	21,	'55',	'Metropol Košice'),
(778,	7,	108,	's',	'01:52:28',	18,	'80',	'Premiér'),
(779,	8,	109,	'e',	'03:58:37',	7,	'58',	'Akuma Košice'),
(780,	11,	109,	'B',	'03:14:16',	6,	'34',	'Akuna Košice'),
(781,	12,	109,	'B',	'02:56:15',	3,	'35',	'Akuna'),
(782,	14,	109,	'e',	'03:18:39',	3,	'84',	'Akuma Košice'),
(783,	15,	109,	'B',	'03:09:32',	7,	'28',	'Akuna Košice'),
(784,	17,	109,	'e',	'03:07:58',	4,	'24',	'Akuna Košice'),
(785,	18,	109,	'B',	'03:01:32',	5,	'24',	'AKUNA'),
(786,	20,	109,	'B',	'03:12:46',	6,	'42',	'Akuna Košice'),
(787,	21,	109,	'B',	'02:51:20',	2,	'31',	'Akuna Košice'),
(788,	30,	109,	'C',	'02:58:34',	4,	'44',	'TJ Obal servis Košice'),
(789,	33,	109,	'C',	'03:44:28',	27,	'8',	'Obal servis Košice'),
(790,	39,	109,	'C',	'03:15:23',	10,	'26',	'TJ Obal Servis Košice'),
(791,	42,	109,	'C',	'03:23:17',	10,	'62',	'Tj Obal Servis Košice'),
(792,	45,	109,	'C',	'03:03:35',	5,	'32',	'TJ Obal servis Košice'),
(793,	8,	110,	'e',	'04:20:02',	12,	'59',	'Brandýs n/Labem'),
(794,	11,	110,	'B',	'03:44:57',	15,	'15',	'Brandís n/Labem'),
(795,	12,	110,	'B',	'03:32:01',	20,	'11',	'Brandýs nad Labem'),
(796,	15,	110,	'C',	'03:49:48',	24,	'12',	'Branýs nad Labem'),
(797,	18,	110,	'B',	'03:44:29',	21,	'10',	'Brandýs Nad Labem'),
(798,	20,	110,	'B',	'03:47:34',	19,	'45',	'neuvedený'),
(799,	23,	110,	'B',	'04:32:21',	22,	'31',	'Brandýs nad Labem'),
(800,	26,	110,	'C',	'03:54:54',	17,	'35',	'Brandýs nad Labem'),
(801,	38,	110,	'C',	'04:23:10',	20,	'123',	'-'),
(802,	8,	111,	'e',	'00:00:00',	21,	'64',	'Šaca'),
(803,	9,	112,	'A',	'02:48:12',	2,	'23',	'Mokroluh'),
(804,	14,	112,	'e',	'03:09:49',	2,	'95',	'Mokroluh'),
(805,	18,	112,	'A',	'02:55:12',	2,	'44',	'ULTRA TEAM'),
(806,	23,	112,	'A',	'02:53:51',	1,	'22',	'Partizán Bardejov'),
(807,	24,	112,	'A',	'02:59:10',	4,	'24',	'Partizán Bardejov'),
(808,	29,	112,	'A',	'03:02:26',	1,	'24',	'Partizán Bardejov'),
(809,	44,	112,	'B',	'04:02:25',	21,	'112',	'EVIN TEAM.SK'),
(810,	9,	113,	'B',	'02:56:10',	6,	'18',	'BK Steel Košice'),
(811,	11,	113,	'B',	'02:59:50',	4,	'26',	'BK Steel Košice'),
(812,	12,	113,	'B',	'02:57:36',	4,	'16',	'BK Steel Košice'),
(813,	16,	113,	's',	'01:25:15',	4,	'15A',	'BK Steel Košice'),
(814,	9,	114,	'B',	'03:16:40',	11,	'32',	'Stez - Sp.Nova Ves'),
(815,	15,	114,	'C',	'03:14:38',	8,	'18',	'STEZ-Spišská Nová Ves'),
(816,	9,	115,	'C',	'03:28:35',	17,	'21',	'MBK Veľké Kapušany'),
(817,	13,	115,	's',	'01:34:19',	5,	'59',	'MBK Veľké Kapušany'),
(818,	15,	115,	'C',	'03:20:58',	13,	'40',	'MBK-V.Kapušany'),
(819,	18,	115,	'C',	'03:41:10',	18,	'32',	'MBK V.Kapušany'),
(820,	22,	115,	's',	'01:34:07',	8,	'5B',	'BK-Kapušany'),
(821,	30,	115,	'C',	'03:39:16',	21,	'11',	'MBK Velke Kapusany'),
(822,	9,	116,	'C',	'03:49:32',	30,	'5',	'PRP Velky Krtiš'),
(823,	9,	117,	'F',	'03:50:33',	31,	'11',	'AK Tlmače'),
(824,	12,	117,	'F',	'03:50:59',	29,	'31',	'AK Tlmače'),
(825,	17,	117,	'e',	'03:53:25',	14,	'22',	'AK Tlmače'),
(826,	20,	117,	'F',	'03:50:59',	23,	'19',	'AK Tlmače'),
(827,	21,	117,	'F',	'03:50:03',	25,	'26',	'AK Tlmače'),
(828,	23,	117,	'F',	'04:11:36',	13,	'8',	'AK Tlmače'),
(829,	24,	117,	'F',	'04:37:54',	46,	'12',	'AK Tlmače'),
(830,	29,	117,	'F',	'04:11:25',	13,	'20',	'AK Tlmače'),
(831,	38,	117,	'F',	'04:22:47',	19,	'139',	'AK Tlmače'),
(832,	39,	117,	'F',	'04:04:18',	35,	'57',	'AK Tlmače'),
(833,	41,	117,	'maraton',	'04:14:21',	24,	'111',	'AK Tlmače'),
(834,	42,	117,	'F',	'04:11:34',	46,	'2',	'AK Tlmače'),
(835,	44,	117,	'G',	'04:18:59',	30,	'159',	'AK Tlmače'),
(836,	45,	117,	'F',	'04:16:42',	36,	'28',	'AK Tlmače'),
(837,	47,	117,	'G',	'04:22:16',	28,	'16',	'AK Tlmače'),
(838,	10,	118,	's',	'01:28:22',	3,	'57',	'AT Košice'),
(839,	10,	119,	's',	'01:28:26',	3,	'57',	'BK Steel Košice'),
(840,	10,	120,	's',	'01:30:57',	5,	'78',	'neuvedený'),
(841,	10,	121,	's',	'01:34:10',	7,	'73',	'DPMK Košice'),
(842,	13,	121,	's',	'01:31:52',	4,	'74',	'BKO Vyšná Myšľa'),
(843,	15,	121,	'B',	'03:19:22',	11,	'27',	'DPMK Košice'),
(844,	18,	121,	'C',	'03:14:23',	8,	'43',	'Dynamo DPMK Košice'),
(845,	21,	121,	'C',	'03:17:24',	13,	'18',	'DPMK Košice'),
(846,	23,	121,	'C',	'03:42:29',	6,	'15',	'Dynamok DPMK Košice'),
(847,	36,	121,	'C',	'03:20:03',	8,	'26',	'BKO Vyšna Myšla'),
(848,	44,	121,	'C',	'03:42:02',	13,	'134',	'BKOVyšna Myšla'),
(849,	10,	122,	's',	'01:34:58',	7,	'',	'DPMK Košice'),
(850,	15,	122,	'B',	'03:30:19',	16,	'33',	'DYNAMO DPMK Košice'),
(851,	17,	122,	'e',	'03:39:15',	10,	'26',	'DYNAMO DPMK Košice'),
(852,	21,	122,	'B',	'03:27:46',	15,	'19',	'DPMK Košice'),
(853,	10,	123,	's',	'01:39:50',	8,	'60',	'Košice'),
(854,	10,	124,	's',	'01:35:19',	8,	'',	'Košice'),
(855,	10,	125,	's',	'01:43:40',	9,	'64',	'BK Steel Košice'),
(856,	13,	125,	's',	'01:37:20',	7,	'70',	'BK Steel Košice'),
(857,	16,	125,	's',	'01:33:37',	4,	'15B',	'BK Steel Košice'),
(858,	10,	126,	's',	'01:34:35',	9,	'64',	'Bernolákovo'),
(859,	13,	126,	's',	'01:29:17',	7,	'70',	'Bernolákovo'),
(860,	46,	126,	'X',	'01:30:12',	3,	NULL,	'Bernolákovo'),
(861,	10,	127,	's',	'01:43:53',	10,	'67',	'Košice'),
(862,	10,	128,	's',	'01:32:09',	11,	'68',	'BK Steel Košice'),
(863,	13,	128,	's',	'01:36:53',	24,	'78',	'BK Steel Košice'),
(864,	10,	129,	's',	'01:38:30',	12,	'63',	'Fox Team KB Prešov'),
(865,	13,	129,	's',	'01:36:12',	14,	'77',	'FOX team Prešov'),
(866,	19,	129,	's',	'01:51:15',	20,	'10A',	'FOX KB Prešov'),
(867,	10,	130,	's',	'01:53:00',	12,	'63',	'Fox Team KB Prešov'),
(868,	13,	130,	's',	'01:50:00',	15,	'76',	'FOX team Prešov'),
(869,	10,	131,	's',	'01:54:58',	14,	'71',	'neuvedený'),
(870,	12,	131,	'B',	'03:51:30',	30,	'38',	'Košice'),
(871,	21,	131,	'B',	'03:39:35',	20,	'24',	'T-com Košice'),
(872,	24,	131,	'B',	'03:36:34',	16,	'26',	'BK Spartak Medzev'),
(873,	30,	131,	'C',	'03:55:41',	35,	'62',	'BK Spartak Medzev'),
(874,	10,	132,	's',	'01:44:30',	17,	'52',	'KTK Lipt.Mikuláš'),
(875,	10,	133,	's',	'01:54:32',	17,	'52',	'KTK Lipt.Mikuláš'),
(876,	7,	134,	's',	'01:49:23',	16,	'84',	'Metropol Košice'),
(877,	10,	134,	's',	'02:01:55',	18,	'53',	'Metropol Košice'),
(878,	10,	135,	's',	'02:02:06',	20,	'72',	'BK Steel Košice'),
(879,	12,	135,	'D',	'04:22:22',	44,	'21',	'BK Steel Košice'),
(880,	10,	136,	's',	'02:04:08',	22,	'69',	'Porostov'),
(881,	16,	136,	's',	'01:58:47',	13,	'4B',	'Jenkovce'),
(882,	10,	137,	's',	'01:56:15',	23,	'77',	'Košice'),
(883,	10,	138,	's',	'02:02:55',	23,	'77',	'Košice'),
(884,	10,	139,	's',	'02:11:05',	24,	'65',	'AC Michalovce'),
(885,	10,	140,	's',	'02:23:43',	24,	'65',	'AC Michalovce'),
(886,	19,	140,	's',	'02:17:45',	24,	'19A',	'AC Michalovce'),
(887,	22,	140,	's',	'02:28:42',	23,	'20B',	'AC Michalovce'),
(888,	11,	141,	'A',	'03:03:03',	5,	'16',	'Lipt.Mikuláš '),
(889,	11,	142,	'A',	'03:20:12',	8,	'28',	'MK Tatran SNV'),
(890,	20,	142,	'A',	'03:10:16',	4,	'39',	'BK Cyklosun Plus Sp. N. Ves'),
(891,	32,	142,	'B',	'03:59:15',	18,	'115',	'BK Cyklosun Plus Sp. Nová Ves'),
(892,	35,	142,	'B',	'04:10:55',	23,	'134',	'MK Tatran Spišská Nová Ves'),
(893,	11,	143,	'A',	'03:28:19',	11,	'71',	'Mlada Vořice'),
(894,	15,	143,	'A',	'03:04:34',	5,	'14',	'Mladá Vožice'),
(895,	11,	144,	'A',	'03:48:32',	17,	'31',	'Košice'),
(896,	14,	144,	'e',	'03:50:51',	8,	'83',	'Košice'),
(897,	17,	144,	'e',	'04:06:59',	20,	'15',	'Košice'),
(898,	20,	144,	'A',	'03:43:40',	16,	'10',	'Košice'),
(899,	26,	144,	'B',	'03:51:55',	16,	'6',	'Sparta'),
(900,	32,	144,	'B',	'03:55:46',	16,	'118',	'Spartans'),
(901,	35,	144,	'B',	'03:48:49',	15,	'135',	'Sparta'),
(902,	41,	144,	'maraton',	'03:49:14',	10,	'130',	'Spartans'),
(903,	47,	144,	'B',	'04:06:27',	18,	'30',	'Sparta'),
(904,	11,	145,	'A',	'03:49:26',	19,	'29',	'CoNET SERVIS SNV'),
(905,	12,	145,	'A',	'04:13:27',	38,	'6',	'Enervit'),
(906,	11,	146,	'B',	'03:58:31',	27,	'20',	'Lokomotíva Košice'),
(907,	12,	146,	'B',	'03:29:53',	18,	'98',	'Valaliky'),
(908,	30,	146,	'B',	'03:46:23',	29,	'4',	'Conditi club Valaliky'),
(909,	32,	146,	'B',	'03:52:55',	13,	'143',	'Condition club Valaliky'),
(910,	36,	146,	'B',	'04:03:46',	29,	'7',	'Condition club Valaliky'),
(911,	45,	146,	'C',	'03:57:53',	24,	'35',	'Condition club Valaliky'),
(912,	11,	147,	'F',	'03:59:10',	28,	'30',	'MK TATRAN SNV'),
(913,	13,	147,	's',	'01:51:15',	23,	'56',	'Mk Sp.Noná Ves'),
(914,	14,	147,	'e',	'04:09:22',	16,	'94',	'BK Cyklosun plus N.H.'),
(915,	15,	147,	'F',	'04:05:17',	30,	'29',	'BK Cyklosun Plus'),
(916,	17,	147,	'e',	'03:51:43',	13,	'20',	'BK Cyklosun Plus'),
(917,	18,	147,	'F',	'03:55:23',	30,	'37',	'BK CYKLOSUN SNV'),
(918,	20,	147,	'F',	'04:01:51',	29,	'19č',	'BK Cyklosun plus SNV'),
(919,	23,	147,	'F',	'04:24:28',	18,	'27',	'SNV'),
(920,	24,	147,	'F',	'04:13:07',	36,	'47',	'raptory'),
(921,	26,	147,	'F',	'03:58:29',	24,	'46',	'Raptory'),
(922,	29,	147,	'F',	'04:33:27',	23,	'25',	'MK Tatran Sp.N. Ves'),
(923,	32,	147,	'F',	'04:11:03',	24,	'114',	'SNV Košiarny briežok'),
(924,	33,	147,	'F',	'03:56:52',	41,	'15',	'Slovenský raj'),
(925,	11,	148,	'A',	'04:16:44',	32,	'12',	'Pitsburgh'),
(926,	11,	149,	'F',	'04:32:05',	36,	'75',	'Smolotely'),
(927,	11,	150,	'C',	'04:44:11',	40,	'37',	'TEKRO '),
(928,	13,	150,	's',	'01:49:12',	20,	'51',	'O5 bežecký klub Furča'),
(929,	14,	150,	'e',	'04:27:12',	21,	'91',	'TEKRO '),
(930,	15,	150,	'C',	'04:14:30',	33,	'46',	'O5 bežecký klub Furča'),
(931,	17,	150,	'e',	'04:25:45',	25,	'33',	'O5 bežecký klub Furča'),
(932,	18,	150,	'C',	'03:56:57',	31,	'4',	'05 BK Furča'),
(933,	20,	150,	'C',	'04:22:56',	43,	'27',	'O5 BK FURČA Košice'),
(934,	21,	150,	'C',	'04:04:10',	31,	'12',	'O5 BK Furča- Košice'),
(935,	23,	150,	'C',	'04:47:10',	29,	'30',	'05 BK Furča Košice'),
(936,	24,	150,	'D',	'04:06:29',	31,	'60',	'O5 BK Furča- Košice'),
(937,	11,	151,	'B',	'00:00:00',	42,	'24',	'GETRAG - KECHNEC'),
(938,	11,	152,	'B',	'00:00:00',	43,	'46',	'PREŠOV'),
(939,	12,	152,	'B',	'04:11:47',	37,	'48',	'Prešov'),
(940,	15,	152,	'B',	'04:26:28',	38,	'32',	'Prešov'),
(941,	17,	152,	'e',	'04:44:40',	29,	'14',	'Prešov'),
(942,	18,	152,	'B',	'04:54:40',	48,	'46',	'Prešov'),
(943,	20,	152,	'B',	'04:25:15',	45,	'41',	'OBS Prešov'),
(944,	21,	152,	'B',	'04:09:07',	32,	'38',	'OBS Prešov'),
(945,	24,	152,	'B',	'04:23:50',	41,	'32',	'OBS Prešov'),
(946,	26,	152,	'B',	'04:05:51',	28,	'22',	'OBS Prešov'),
(947,	27,	152,	'B',	'05:03:52',	49,	'33',	'OBS Prešov'),
(948,	29,	152,	'B',	'05:51:49',	35,	'36',	'OBS Prešov'),
(949,	30,	152,	'B',	'04:15:19',	45,	'51',	'OBS Prešov'),
(950,	33,	152,	'C',	'04:45:50',	55,	'18',	'OBS Prešov'),
(951,	35,	152,	'C',	'05:18:48',	38,	'123',	'OBS Prešov'),
(952,	36,	152,	'C',	'05:11:56',	50,	'27',	'OBS Prešov'),
(953,	42,	152,	'C',	'05:07:16',	62,	'67',	'OBS Prešov'),
(954,	45,	152,	'C',	'05:13:33',	54,	'44',	'Prešov'),
(955,	47,	152,	'C',	'00:00:00',	50,	'36',	'Prešov'),
(956,	11,	153,	'B',	'00:00:00',	44,	'49',	'Vietnam'),
(957,	12,	154,	'A',	'03:16:22',	8,	'36',	'SCMT'),
(958,	21,	154,	'A',	'03:10:36',	9,	'6',	'Sri Chinmoy Marathon Team'),
(959,	24,	154,	'A',	'03:16:33',	9,	'30',	'SRI CHINMOY MT'),
(960,	12,	155,	'A',	'03:16:33',	9,	'15',	'MK Tatran Sp.N.Ves'),
(961,	20,	155,	'B',	'03:11:43',	5,	'40',	'MK Tatran Spišská Nová Ves'),
(962,	30,	155,	'C',	'03:25:47',	11,	'50',	'MK Tatran Sp. Nová Ves'),
(963,	6,	156,	'C',	'03:18:37',	9,	'7',	'AO Svit'),
(964,	9,	156,	'C',	'03:20:58',	13,	'2',	'TJ Svit'),
(965,	12,	156,	'C',	'03:26:04',	13,	'5',	'Chemosvit Svit'),
(966,	14,	156,	'e',	'03:23:32',	4,	'92',	'AK Svit'),
(967,	15,	156,	'C',	'03:23:52',	14,	'16',	'AC Svit'),
(968,	18,	156,	'C',	'03:16:09',	9,	'40',	'AO Svit'),
(969,	24,	156,	'D',	'03:20:11',	12,	'31',	'Chemosvit Svit'),
(970,	26,	156,	'D',	'03:32:01',	9,	'50',	'Chemosvit Svit'),
(971,	27,	156,	'D',	'03:25:52',	12,	'51',	'Chemosvit Svit'),
(972,	30,	156,	'D',	'00:00:00',	66,	'57',	'AO Chemosvit Svit'),
(973,	12,	157,	'C',	'03:44:37',	26,	'50',	'Košice'),
(974,	15,	157,	'C',	'04:01:07',	27,	'19',	'Košice'),
(975,	12,	158,	'D',	'03:53:28',	31,	'32',	'BS ĽG Zvolen'),
(976,	20,	158,	'D',	'04:22:36',	42,	'7',	'BSĽG Zvolen'),
(977,	23,	158,	'D',	'06:09:52',	38,	'36',	'BSĽG Zvolen'),
(978,	12,	159,	'A',	'04:45:25',	46,	'9',	'BCL Otrokovice'),
(979,	14,	159,	'e',	'05:06:31',	25,	'80',	'BCL Otrokovice'),
(980,	15,	159,	'A',	'04:37:08',	39,	'5',	'BCL Otrokovice'),
(981,	17,	159,	'e',	'04:59:51',	31,	'18',	'BCL Otrokovice'),
(982,	20,	159,	'A',	'04:50:31',	47,	'2',	'BCL Otrokovice'),
(983,	21,	159,	'A',	'05:03:46',	49,	'3',	'BCL Otrokovice'),
(984,	23,	159,	'A',	'04:59:22',	33,	'2',	'BCL Otrokovice'),
(985,	24,	159,	'A',	'04:31:18',	42,	'34',	'Vážany u Uherského Hradiště'),
(986,	26,	159,	'A',	'04:22:07',	35,	'8',	'MK Seitl Ostrava'),
(987,	29,	159,	'A',	'05:08:21',	31,	'15',	'Maraton Klub Seitl Ostrava'),
(988,	30,	159,	'A',	'04:53:19',	62,	'42',	'Maraton Klub Seitl Ostrava'),
(989,	41,	159,	'maraton',	'05:12:35',	36,	'116',	'MK Seitl Ostrava'),
(990,	42,	159,	'A',	'04:57:59',	61,	'23',	'Maraton Klub Seitl Ostrava'),
(991,	44,	159,	'A',	'05:13:45',	46,	'109',	'MK Seitl Ostrava'),
(992,	45,	159,	'A',	'05:31:58',	55,	'59',	'Maraton Klub Seitl Ostrava'),
(993,	47,	159,	'A',	'05:55:25',	46,	'10',	'MK Seitl Ostrava'),
(994,	12,	160,	'A',	'00:00:00',	49,	'14',	'BŠK Bardejov'),
(995,	12,	161,	'A',	'00:00:00',	50,	'49',	'OAIM'),
(996,	22,	161,	's',	'01:58:48',	15,	'21A',	'DAIM Košice'),
(997,	13,	162,	's',	'01:21:22',	1,	'73',	'TJ Obalservis Košice'),
(998,	16,	162,	's',	'01:18:49',	2,	'9B',	'TJ Obalservis Košice'),
(999,	22,	162,	's',	'01:15:03',	3,	'13B',	'JM Demolex Bardejov'),
(1000,	45,	162,	'A',	'02:35:27',	1,	'51',	'Obalservis Kosice - MagnetiMarelli'),
(1001,	13,	163,	's',	'01:24:22',	3,	'66',	'KB Slovan Trenč. Teplice'),
(1002,	13,	164,	's',	'01:24:08',	3,	'66',	'Trenčín'),
(1003,	13,	165,	's',	'01:33:29',	6,	'81',	'Carmeuse Slovakia'),
(1004,	37,	165,	's',	'01:39:18',	14,	'14B',	'Carmeuse Slovakia'),
(1005,	13,	166,	's',	'01:33:31',	8,	'79',	'Sopka Seňa'),
(1006,	27,	166,	'D',	'03:57:25',	30,	'44',	'SOPKA Seňa'),
(1007,	33,	166,	'D',	'03:56:12',	40,	'62',	'Sopka Sena'),
(1008,	13,	167,	's',	'01:43:48',	9,	'52',	'Kežmarok'),
(1009,	13,	168,	's',	'01:36:00',	9,	'52',	'Rožňava'),
(1010,	15,	168,	'A',	'03:59:06',	26,	'6',	'Rožňava'),
(1011,	18,	168,	'A',	'03:49:25',	23,	'45',	'Rožňava'),
(1012,	21,	168,	'A',	'03:31:19',	17,	'23',	'Drnava'),
(1013,	26,	168,	'A',	'03:26:25',	6,	'15',	'Drnava'),
(1014,	27,	168,	'A',	'03:15:35',	8,	'41',	'Drnava'),
(1015,	29,	168,	'A',	'03:27:36',	5,	'22',	'Drnava'),
(1016,	36,	168,	'B',	'03:14:15',	6,	'6',	'Drnava'),
(1017,	42,	168,	'B',	'03:34:03',	16,	'47',	'Drnava'),
(1018,	45,	168,	'B',	'03:44:24',	17,	'14',	'Drnava'),
(1019,	13,	169,	's',	'01:40:28',	11,	'67',	'SCMT'),
(1020,	13,	170,	's',	'01:40:21',	11,	'67',	'SCMT'),
(1021,	13,	171,	's',	'01:39:50',	12,	'75',	'Poprad'),
(1022,	13,	172,	's',	'01:37:10',	13,	'71',	'INK USA'),
(1023,	13,	173,	's',	'01:46:40',	13,	'71',	'INKA Bohdanovce'),
(1024,	16,	173,	's',	'01:52:50',	16,	'16B',	'Inka Bohdanovce'),
(1025,	13,	174,	's',	'01:49:26',	14,	'77',	'FOX team Prešov'),
(1026,	13,	175,	's',	'01:36:12',	15,	'76',	'FOX team Prešov'),
(1027,	13,	176,	's',	'01:45:06',	16,	'63',	'BK Steel Košice'),
(1028,	16,	176,	's',	'01:47:13',	18,	'20B',	'BK Steel Košice'),
(1029,	19,	176,	's',	'01:44:45',	11,	'17B',	'BK Steel Košice'),
(1030,	13,	177,	's',	'01:43:56',	16,	'63',	'Sopka Seňa'),
(1031,	13,	178,	's',	'01:57:10',	17,	'58',	'Michalovce'),
(1032,	19,	178,	's',	'01:54:53',	22,	'20B',	'Michalovce'),
(1033,	22,	178,	's',	'02:11:44',	20,	'19B',	'Michalovce'),
(1034,	28,	178,	's',	'02:13:14',	17,	'12B',	'Hatalov'),
(1035,	31,	178,	's',	'02:02:42',	22,	'28A',	'Michalovce'),
(1036,	34,	178,	's',	'01:57:06',	9,	'4B',	'neuvedený'),
(1037,	36,	178,	'C',	'05:02:08',	47,	'58',	'Michalovce'),
(1038,	39,	178,	'F',	'04:30:50',	46,	'60',	'AC Michalovce'),
(1039,	42,	178,	'C',	'04:43:50',	55,	'74',	'AC Michalovce'),
(1040,	13,	179,	's',	'01:38:36',	18,	'57',	'Kama Prešov'),
(1041,	13,	180,	's',	'01:55:18',	22,	'82',	'Družstevník Budimír'),
(1042,	19,	180,	's',	'01:49:41',	16,	'23B',	'ŠK Čižatice'),
(1043,	13,	181,	's',	'01:44:05',	22,	'82',	'Družstevník Budimír'),
(1044,	16,	181,	's',	'01:44:03',	8,	'13B',	'ŠK Budimír'),
(1045,	19,	181,	's',	'01:44:55',	16,	'23A',	'ŠKB Budimír'),
(1046,	13,	182,	's',	'01:49:48',	23,	'56',	'Mk Sp.Noná Ves'),
(1047,	14,	182,	'e',	'04:17:23',	18,	'93',	'BK Cyklosun plus N.H.'),
(1048,	17,	182,	'e',	'04:08:59',	21,	'11',	'Mk Sp.Noná Ves'),
(1049,	20,	182,	'F',	'04:10:33',	36,	'1č',	'Cyklosun Novoveská Huta'),
(1050,	32,	182,	'F',	'04:02:39',	22,	'122',	'Spišská Nová Ves'),
(1051,	35,	182,	'F',	'04:07:26',	21,	'113',	'Spišská Nová Ves'),
(1052,	47,	182,	'G',	'04:35:33',	34,	'15',	'ŠKP Spišská Nová Ves'),
(1053,	13,	183,	's',	'02:04:33',	24,	'78',	'Košice'),
(1054,	13,	184,	's',	'02:05:05',	25,	'68',	'MBK Veľké Kapušany'),
(1055,	13,	185,	's',	'01:38:04',	25,	'68',	'ŠKB Budimír'),
(1056,	16,	185,	's',	'01:34:21',	7,	'22A',	'ŠKB Budimír'),
(1057,	19,	185,	's',	'01:36:50',	17,	'8A',	'ŠKB Budimír'),
(1058,	25,	185,	's',	'01:34:58',	7,	'13B',	'ŠKB Budimír'),
(1059,	31,	185,	's',	'01:41:25',	11,	'24A',	'ŠKB Budimír'),
(1060,	46,	185,	'M',	'01:55:07',	18,	NULL,	'-'),
(1061,	10,	186,	's',	'01:47:08',	13,	'74',	'3-Klub Michalovce'),
(1062,	13,	186,	's',	'01:49:12',	26,	'65',	'TRi clu MI'),
(1063,	13,	187,	's',	'01:45:06',	27,	'60',	'O5 bežecký klub Furča'),
(1064,	16,	187,	's',	'01:53:25',	11,	'3A',	'O5 bežecký klub Furča'),
(1065,	18,	187,	'C',	'04:02:35',	34,	'50',	'05 BK Furča'),
(1066,	13,	188,	's',	'01:46:29',	28,	'64',	'Šaca'),
(1067,	16,	188,	's',	'01:47:40',	10,	'6B',	'Maratónsky klub'),
(1068,	19,	188,	's',	'01:48:43',	15,	'4A',	'Šaca'),
(1069,	28,	188,	's',	'01:53:40',	8,	'17A',	'Košice-Šaca'),
(1070,	13,	189,	's',	'02:03:27',	29,	'80',	'Bobor Košice'),
(1071,	13,	190,	's',	'01:52:05',	29,	'80',	'Košice'),
(1072,	19,	190,	's',	'01:46:26',	19,	'15B',	'Košice'),
(1073,	25,	190,	's',	'01:50:56',	11,	'03A',	'O5 BK Furča Košice'),
(1074,	31,	190,	's',	'01:48:59',	9,	'05B',	'O5 BK Furča- Košice'),
(1075,	37,	190,	's',	'01:50:40',	17,	'10B',	'O5 BK Furča Košice'),
(1076,	43,	190,	'S',	'01:47:07',	5,	'5B',	'O5 Bežecký klub Furča'),
(1077,	13,	191,	's',	'02:15:28',	30,	'72',	'Košice'),
(1078,	13,	192,	's',	'01:54:04',	31,	'54',	'Stator Košice'),
(1079,	37,	192,	's',	'01:57:03',	18,	'4B',	'behnaboso.sk'),
(1080,	42,	192,	'A',	'04:36:34',	53,	'27',	'-'),
(1081,	13,	193,	's',	'02:05:47',	32,	'55',	'Košice'),
(1082,	13,	194,	's',	'02:13:36',	32,	'55',	'Dara A Julka\'s'),
(1083,	14,	195,	'e',	'03:24:51',	6,	'75',	'PENATI'),
(1084,	17,	195,	'e',	'03:33:01',	8,	'9',	'PENATI'),
(1085,	20,	195,	'B',	'03:27:54',	9,	'3',	'PENATI Bratislava'),
(1086,	14,	196,	'e',	'04:04:29',	12,	'89',	'AK Svit'),
(1087,	26,	196,	'F',	'03:55:44',	21,	'14',	'AO Svit'),
(1088,	30,	196,	'F',	'04:08:02',	40,	'3',	'AO Svit'),
(1089,	32,	196,	'F',	'03:59:16',	19,	'105',	'AO Svit'),
(1090,	14,	197,	'e',	'04:11:21',	17,	'79',	'Metropol Košice'),
(1091,	15,	198,	'B',	'02:54:36',	2,	'43',	'Gelnica'),
(1092,	39,	198,	'C',	'03:03:03',	4,	'37',	'ŠK Budimír'),
(1093,	15,	199,	'A',	'03:06:25',	6,	'39',	'Jogging klub Dubnica n/V'),
(1094,	15,	200,	'B',	'03:39:00',	20,	'8',	'KHB Radegast'),
(1095,	15,	201,	'B',	'04:07:32',	31,	'20',	'Forma W.S.'),
(1096,	17,	201,	'e',	'04:32:38',	27,	'12',	'Forma W.S.'),
(1097,	20,	201,	'B',	'04:07:52',	33,	'11',	'FORMA Wodzislaw Slaski'),
(1098,	21,	201,	'B',	'04:39:05',	46,	'39',	'JAMES'),
(1099,	23,	201,	'A',	'05:36:18',	37,	'6',	'Forma Wodzislaw Slaski'),
(1100,	26,	201,	'B',	'04:44:40',	43,	'23',	'JAMES '),
(1101,	29,	201,	'B',	'05:31:18',	34,	'11',	'JAMES'),
(1102,	30,	201,	'C',	'04:48:28',	58,	'25',	'MARAS team'),
(1103,	32,	201,	'C',	'04:32:16',	32,	'145',	'MARAS team'),
(1104,	33,	201,	'C',	'04:35:39',	51,	'35',	'MARAS team'),
(1105,	35,	201,	'C',	'05:05:24',	36,	'122',	'MARAS team'),
(1106,	36,	201,	'C',	'04:57:17',	46,	'32',	'MARAS team'),
(1107,	15,	202,	'C',	'04:14:39',	34,	'10',	'HGM Žilina'),
(1108,	15,	203,	'A',	'04:25:19',	37,	'23',	'Tušická Nová Ves'),
(1109,	15,	204,	'B',	'04:37:23',	40,	'22',	'WKB Meta Lubliniec'),
(1110,	15,	205,	'F',	'00:00:00',	45,	'21',	'WKB Meta Lubliniec'),
(1111,	10,	206,	's',	'01:16:30',	2,	'59',	'Energetik TU Košice'),
(1112,	16,	206,	's',	'01:20:02',	1,	'17B',	'TJ Obalservis Košice'),
(1113,	16,	207,	's',	'01:24:55',	2,	'9A',	'TJ Obalservis Košice'),
(1114,	16,	208,	's',	'01:21:16',	3,	'10A',	'MBK Veľké Kapušany'),
(1115,	16,	209,	's',	'01:25:51',	3,	'10B',	'OŠK Vinné'),
(1116,	16,	210,	's',	'01:28:55',	5,	'5A',	'Košice'),
(1117,	19,	210,	's',	'01:37:27',	5,	'2B',	'05 BK Furča'),
(1118,	22,	210,	's',	'01:23:50',	2,	'11B',	'05 BK Furča Košice'),
(1119,	23,	210,	'A',	'04:09:47',	12,	'29',	'05 BK Furča Košice'),
(1120,	25,	210,	's',	'01:22:32',	1,	'02A',	'O5 BK Furča Košice'),
(1121,	26,	210,	'A',	'03:05:40',	4,	'2',	'O5 BK Furča- Košice'),
(1122,	28,	210,	's',	'01:21:21',	1,	'2A',	'O5 BK Furča Košice'),
(1123,	31,	210,	's',	'01:20:54',	2,	'01B',	'O5 BK Furča- Košice'),
(1124,	34,	210,	's',	'01:20:37',	1,	'1A',	'O5 BK Furča Košice'),
(1125,	35,	210,	'A',	'03:12:29',	3,	'137',	'05 BK Furča - Košice'),
(1126,	37,	210,	's',	'01:24:03',	9,	'1B',	'O5 BK Furča Košice'),
(1127,	38,	210,	'A',	'03:10:41',	2,	'121',	'O5 BK Furča-Košice'),
(1128,	40,	210,	's',	'01:19:46',	1,	'25',	'O5 Bežecký klub Furča'),
(1129,	41,	210,	'maraton',	'03:19:19',	4,	'103',	'O5 BK Furča - Košice'),
(1130,	42,	210,	'A',	'03:12:27',	7,	'33',	'O5 BK Furča - Košice'),
(1131,	44,	210,	'A',	'03:13:17',	2,	'102',	'O5 Bežecký klub Furča'),
(1132,	46,	210,	'M',	'01:23:10',	1,	NULL,	'O5 Bežecký klub Furča'),
(1133,	47,	210,	'A',	'03:14:31',	2,	'13',	'O5 BK Furča - Košice'),
(1134,	16,	211,	's',	'01:38:49',	8,	'13A',	'KST Spišská Nová Ves'),
(1135,	38,	211,	'D',	'03:47:27',	8,	'127',	'MK Tatran Spišská Nová Ves'),
(1136,	16,	212,	's',	'01:54:13',	9,	'21A',	'Košice'),
(1137,	19,	212,	's',	'01:48:04',	13,	'1B',	'Košice'),
(1138,	21,	212,	'B',	'04:18:15',	37,	'2',	'neregistrovaný'),
(1139,	25,	212,	's',	'01:37:33',	10,	'21A',	'Košice'),
(1140,	27,	212,	'C',	'03:30:50',	14,	'45',	'Košice'),
(1141,	29,	212,	'C',	'04:00:35',	11,	'32',	'Košice'),
(1142,	16,	213,	's',	'01:38:25',	9,	'21B',	'Košice'),
(1143,	17,	213,	'e',	'03:57:32',	15,	'23',	'Košice'),
(1144,	16,	214,	's',	'01:53:13',	14,	'8B',	'MK Košice'),
(1145,	22,	214,	's',	'01:54:04',	14,	'6B',	'Maratónsky Klub Košice'),
(1146,	25,	214,	's',	'01:41:40',	5,	'16A',	'Maratónsky Klub Košice'),
(1147,	46,	214,	'M',	'01:52:08',	13,	NULL,	'Maratónsky klub Košice'),
(1148,	16,	215,	's',	'01:20:58',	15,	'7A',	'BK Šaca'),
(1149,	22,	215,	's',	'01:20:12',	2,	'11A',	'BK Šaca'),
(1150,	25,	215,	's',	'01:26:06',	1,	'02B',	'BK Šaca'),
(1151,	30,	215,	'C',	'00:00:00',	67,	'66',	'BK Šaca'),
(1152,	16,	216,	's',	'02:20:42',	15,	'7B',	'BK Steel Košice'),
(1153,	19,	216,	's',	'02:17:05',	24,	'19B',	'BK Steel Košice'),
(1154,	22,	216,	's',	'02:05:11',	23,	'20A',	'BK Steel Košice'),
(1155,	25,	216,	's',	'01:55:08',	20,	'20A',	'BK Steel Košice'),
(1156,	16,	217,	's',	'01:50:32',	16,	'16A',	'BK Steel Košice'),
(1157,	16,	218,	's',	'01:48:35',	17,	'14A',	'Metropol Košice'),
(1158,	19,	218,	's',	'01:46:56',	14,	'3A',	'TJ Metropol Košice'),
(1159,	22,	218,	's',	'01:43:06',	13,	'22A',	'Metropol Košice'),
(1160,	25,	218,	's',	'01:41:35',	9,	'17A',	'Metropol Košice'),
(1161,	28,	218,	's',	'01:40:30',	13,	'16A',	'metropol KOSICE'),
(1162,	16,	219,	's',	'01:58:58',	20,	'19A',	'O5 bežecký klub Furča'),
(1163,	16,	220,	's',	'02:21:30',	21,	'2A',	'Marha83'),
(1164,	16,	221,	's',	'01:57:04',	21,	'2B',	'Marha83'),
(1165,	17,	222,	'e',	'04:03:27',	18,	'25',	'Golden Royal Košice'),
(1166,	18,	222,	'A',	'03:32:24',	16,	'26',	'GRE NAT Košice'),
(1167,	20,	222,	'A',	'03:48:46',	21,	'12',	'Shell Košice'),
(1168,	22,	222,	's',	'01:30:02',	4,	'18A',	'GRENAT Košice'),
(1169,	25,	222,	's',	'01:30:29',	2,	'05B',	'ALL4RUN Košice'),
(1170,	28,	222,	's',	'01:43:24',	6,	'25A',	'ALL4RUN Košice'),
(1171,	37,	222,	's',	'01:34:28',	3,	'5A',	'All4Run Košice'),
(1172,	38,	222,	'B',	'03:15:33',	4,	'134',	'ALL4RUN Košice'),
(1173,	18,	223,	'A',	'03:12:24',	7,	'38',	'KST Margecany'),
(1174,	21,	223,	'A',	'03:06:17',	6,	'43',	'KST Margecany'),
(1175,	24,	223,	'A',	'02:59:21',	5,	'25',	'KST Margecany'),
(1176,	27,	223,	'A',	'03:05:52',	4,	'42',	'All4run Košice'),
(1177,	30,	223,	'A',	'03:03:29',	6,	'41',	'All4Run Margecany'),
(1178,	33,	223,	'A',	'02:50:25',	1,	'25',	'All4Run Margecany'),
(1179,	36,	223,	'A',	'02:53:27',	1,	'1',	'All4Run Margecany'),
(1180,	39,	223,	'B',	'02:51:21',	2,	'1',	'All4Run Margecany'),
(1181,	42,	223,	'B',	'02:52:50',	1,	'41',	'All4Run Margecany'),
(1182,	45,	223,	'B',	'02:56:47',	2,	'1',	'All4Run Margecany'),
(1183,	18,	224,	'C',	'03:29:52',	15,	'34',	'OŠK-Budkovce'),
(1184,	28,	224,	's',	'01:31:10',	9,	'15A',	'OcU Budkovce'),
(1185,	18,	225,	'C',	'03:42:16',	19,	'16',	'Liga 100 Praha'),
(1186,	18,	226,	'C',	'03:50:32',	25,	'22',	'Performance Art Sport Ke'),
(1187,	18,	227,	'B',	'03:54:47',	28,	'6',	'BSĽG Zvolen'),
(1188,	24,	227,	'B',	'03:42:19',	17,	'7',	'BSĽG Zvolen'),
(1189,	18,	228,	'A',	'04:21:57',	43,	'9',	'Železničná polícia Košice'),
(1190,	20,	228,	'A',	'04:17:06',	39,	'5',	'Železničná polícia Košice'),
(1191,	21,	228,	'A',	'04:24:52',	39,	'4',	'Železničná polícia KE'),
(1192,	23,	228,	'A',	'04:46:43',	28,	'16',	'Železničná polícia Košice'),
(1193,	24,	228,	'A',	'04:32:07',	44,	'8',	'Prezidium Policajného Zboru'),
(1194,	26,	228,	'A',	'04:44:15',	42,	'12',	'POLICAJNÝ ZBOR SK'),
(1195,	27,	228,	'A',	'04:44:44',	46,	'11',	'Policajný Zbor SR'),
(1196,	29,	228,	'A',	'05:09:19',	32,	'7',	'Policajný Zbor SR'),
(1197,	30,	228,	'A',	'04:52:47',	61,	'39',	'PZ'),
(1198,	32,	228,	'A',	'05:13:40',	35,	'141',	'MARAS team'),
(1199,	33,	228,	'B',	'04:55:20',	57,	'39',	'maras team'),
(1200,	35,	228,	'B',	'05:09:51',	37,	'121',	'maras team'),
(1201,	36,	228,	'B',	'05:04:36',	48,	'10',	'Maras - TEAM'),
(1202,	18,	229,	'B',	'04:36:50',	45,	'14',	'Bez klubu'),
(1203,	21,	229,	'B',	'04:34:19',	45,	'5',	'neuvedený'),
(1204,	23,	229,	'B',	'04:23:21',	16,	'13',	'Gelnica'),
(1205,	18,	230,	'B',	'04:48:17',	47,	'11',	'nieszrzeszony'),
(1206,	18,	231,	'D',	'05:14:27',	51,	'23',	'SABZO Praha'),
(1207,	18,	232,	'A',	'00:00:00',	52,	'2M',	'LB Slančík'),
(1208,	18,	233,	'A',	'00:00:00',	53,	'3M',	'Supernova'),
(1209,	21,	233,	'A',	'00:00:00',	50,	'35',	'Supernova'),
(1210,	19,	234,	's',	'01:16:32',	1,	'7A',	'BK Šaca'),
(1211,	25,	234,	's',	'01:36:39',	12,	'10A',	'BK Šaca'),
(1212,	27,	234,	'A',	'03:08:25',	5,	'30',	'BK Saca'),
(1213,	19,	235,	's',	'01:19:33',	1,	'7B',	'ŠK Bánske'),
(1214,	22,	235,	's',	'01:18:20',	1,	'8B',	'ŠK Banské'),
(1215,	19,	236,	's',	'01:17:56',	2,	'12B',	'MBO OPARM Strážske'),
(1216,	22,	236,	's',	'01:16:35',	1,	'8A',	'MBO Strážske'),
(1217,	24,	236,	'B',	'02:47:45',	1,	'37',	'MBO Strážske'),
(1218,	36,	236,	'B',	'03:01:16',	3,	'2',	'MBO Strážske'),
(1219,	19,	237,	's',	'01:23:06',	3,	'11B',	'BKO Vyšná Myšľa'),
(1220,	31,	237,	's',	'01:17:52',	1,	'25B',	'Obal Servis Košice'),
(1221,	19,	238,	's',	'01:27:31',	4,	'22A',	'BK Steel Košice'),
(1222,	37,	238,	's',	'01:27:04',	2,	'2A',	'all4run'),
(1223,	19,	239,	's',	'01:41:44',	4,	'22B',	'BK Steel Košice'),
(1224,	19,	240,	's',	'01:37:27',	6,	'16A',	'MŠK TDM Klub Krompachy'),
(1225,	19,	241,	's',	'01:51:28',	8,	'24A',	'ART Optika'),
(1226,	19,	242,	's',	'01:24:50',	8,	'24B',	'ART Optika'),
(1227,	28,	242,	's',	'01:25:38',	24,	'24A',	'Art Optika Košice'),
(1228,	31,	242,	's',	'01:25:16',	3,	'03B',	'ART Optika Kosice'),
(1229,	19,	243,	's',	'01:37:35',	9,	'6A',	'BK Steel Košice'),
(1230,	19,	244,	's',	'01:39:05',	9,	'6B',	'BK Steel Košice'),
(1231,	25,	244,	's',	'01:27:32',	5,	'16B',	'BK Steel Košice'),
(1232,	28,	244,	's',	'01:24:40',	2,	'13B',	'Bk Steel Košice'),
(1233,	33,	244,	'A',	'03:05:09',	5,	'57',	'BK Steel Košice'),
(1234,	37,	244,	's',	'01:25:50',	8,	'3B',	'BK Steel Košice'),
(1235,	40,	244,	's',	'01:22:30',	2,	'11',	'BK Steel Košice'),
(1236,	43,	244,	'S',	'01:24:25',	3,	'51B',	'BK Steel Košice'),
(1237,	44,	244,	'A',	'03:27:28',	8,	'103',	'BK Steel Košice'),
(1238,	46,	244,	'M',	'01:28:57',	2,	NULL,	'BK Steel Košice'),
(1239,	19,	245,	's',	'01:38:35',	10,	'13A',	'MBO OPARM Strážske'),
(1240,	19,	246,	's',	'01:38:51',	10,	'13B',	'MBO OPARM Strážske'),
(1241,	22,	246,	's',	'01:33:32',	3,	'13A',	'MBO Strážske'),
(1242,	19,	247,	's',	'01:41:22',	12,	'18A',	'BK Steel Košice'),
(1243,	22,	247,	's',	'01:41:51',	7,	'23B',	'BK Steel Košice'),
(1244,	46,	247,	'X',	'01:34:36',	3,	NULL,	'BK Steel Košice'),
(1245,	16,	248,	's',	'01:47:18',	10,	'6A',	'Malé Ozorovce'),
(1246,	19,	248,	's',	'01:43:18',	15,	'4B',	'Malé Ozorovce'),
(1247,	25,	248,	's',	'01:40:00',	15,	'18A',	'Malé Ozorovce'),
(1248,	19,	249,	's',	'01:49:52',	18,	'5A',	'Košice'),
(1249,	19,	250,	's',	'01:49:36',	18,	'5B',	'Košice'),
(1250,	21,	250,	'B',	'00:00:00',	52,	'45',	'neuvedený'),
(1251,	34,	250,	's',	'01:35:24',	5,	'11A',	'BK PESA Kosice'),
(1252,	35,	250,	'C',	'03:37:09',	13,	'131',	'Bk pesa Kosice'),
(1253,	46,	250,	'X',	'01:40:39',	16,	NULL,	'BK Pesa Kosice'),
(1254,	19,	251,	's',	'01:56:06',	20,	'10B',	'FOX KB Prešov'),
(1255,	19,	252,	's',	'01:46:55',	21,	'9A',	'SRO Košice'),
(1256,	19,	253,	's',	'02:01:33',	21,	'9B',	'Košice'),
(1257,	20,	253,	'A',	'04:05:04',	31,	'26',	'-'),
(1258,	19,	254,	's',	'02:00:02',	22,	'20A',	'Lesy Slovenskej republiky'),
(1259,	19,	255,	's',	'02:02:15',	23,	'21A',	'Pohrebníctvo AVE Košice'),
(1260,	22,	255,	's',	'01:53:12',	19,	'2A',	'URAM-Kamenosochárstvo'),
(1261,	19,	256,	's',	'02:01:17',	23,	'21B',	'Pohrebníctvo AVE Košice'),
(1262,	25,	256,	's',	'02:04:00',	15,	'18B',	'Enduro KLNB Kavečany'),
(1263,	28,	256,	's',	'02:04:14',	20,	'21B',	'Kavečany'),
(1264,	20,	257,	'A',	'03:09:36',	2,	'16',	'TJ Start Náchod'),
(1265,	21,	257,	'A',	'03:09:56',	8,	'42',	'TJ START Náchod'),
(1266,	20,	258,	'A',	'03:27:10',	8,	'25',	'Košice'),
(1267,	42,	258,	'B',	'03:28:58',	11,	'53',	'O5 BK Furča - Košice'),
(1268,	44,	258,	'B',	'03:25:03',	7,	'117',	'Cesty Košice'),
(1269,	45,	258,	'B',	'03:21:34',	11,	'9',	'Ires Košice'),
(1270,	6,	259,	'B',	'02:40:14',	1,	'35',	'ENCS Hungary'),
(1271,	9,	259,	'B',	'03:11:33',	9,	'1',	'Brooks'),
(1272,	11,	259,	'B',	'02:51:18',	1,	'21',	'EUSC'),
(1273,	15,	259,	'B',	'02:50:52',	1,	'15',	'Belle Ex.Imp.Košice'),
(1274,	17,	259,	'e',	'03:07:02',	2,	'13',	'HELL Energy Encs'),
(1275,	18,	259,	'B',	'04:14:10',	40,	'1',	'Košice'),
(1276,	20,	259,	'B',	'03:33:28',	10,	'1',	'Encs'),
(1277,	21,	259,	'B',	'03:11:45',	11,	'32',	'Encs.Unix'),
(1278,	23,	259,	'B',	'03:03:07',	2,	'4',	'Encs Unix'),
(1279,	24,	259,	'B',	'02:53:49',	3,	'21',	'Encs Hungary'),
(1280,	29,	259,	'B',	'03:07:36',	2,	'1',	'Encs'),
(1281,	30,	259,	'B',	'02:57:35',	3,	'35',	'Madarsko'),
(1282,	32,	259,	'B',	'03:01:21',	1,	'101',	'Encs'),
(1283,	33,	259,	'C',	'02:55:08',	2,	'2',	'Forró'),
(1284,	35,	259,	'C',	'03:16:35',	4,	'101',	'FORRÓENCS'),
(1285,	36,	259,	'C',	'02:56:59',	2,	'23',	'BOLDOGKŐ VÁRA'),
(1286,	38,	259,	'C',	'03:07:07',	1,	'114',	'Boldogkovara'),
(1287,	39,	259,	'C',	'03:06:42',	5,	'11',	'FORRÓ'),
(1288,	41,	259,	'maraton',	'03:08:47',	3,	'101',	'FORRÓ - FANCSAL'),
(1289,	42,	259,	'C',	'03:18:58',	9,	'61',	'FORRÓ FANCSAL'),
(1290,	45,	259,	'C',	'02:59:18',	3,	'31',	'HEGYALJA 2050'),
(1291,	47,	259,	'C',	'03:18:38',	3,	'37',	'Hegyalja 2050'),
(1292,	20,	260,	'B',	'03:38:33',	13,	'33',	'Joging Trnava'),
(1293,	36,	260,	'C',	'04:06:21',	31,	'25',	'BK Malženice'),
(1294,	38,	260,	'C',	'04:20:59',	17,	'105',	'BK Malženice'),
(1295,	41,	260,	'maraton',	'05:15:59',	37,	'104',	'Ada Waste s.r.o.'),
(1296,	42,	260,	'C',	'04:48:44',	57,	'63',	'Ada Waste s.r.o.'),
(1297,	44,	260,	'C',	'04:33:50',	35,	'141',	'Ada Waste s.r.o'),
(1298,	45,	260,	'C',	'05:04:41',	52,	'42',	'Ada waste sro'),
(1299,	47,	260,	'C',	'05:08:24',	42,	'34',	'Ada Waste s.r.o'),
(1300,	20,	261,	'A',	'03:43:07',	15,	'35',	'neuvedený'),
(1301,	22,	261,	's',	'01:42:29',	18,	'7B',	'Košice'),
(1302,	20,	262,	'C',	'03:56:49',	27,	'6',	'US Steel.Sk'),
(1303,	20,	263,	'D',	'03:59:03',	28,	'38',	'MK Tatran Sp. Nová Ves'),
(1304,	23,	263,	'D',	'04:24:29',	19,	'9',	'MK Tatran Spišská NV'),
(1305,	24,	263,	'D',	'04:04:11',	29,	'23',	'MK Tatran Sp. Nová Ves'),
(1306,	26,	263,	'D',	'04:10:28',	32,	'25',	'MK Tatran Sp. Nová Ves'),
(1307,	27,	263,	'D',	'04:04:51',	38,	'26',	'MK Tatran Sp. Nová Ves'),
(1308,	29,	263,	'D',	'04:30:45',	22,	'28',	'MK Tatran Sp. Nová Ves'),
(1309,	30,	263,	'D',	'04:25:17',	50,	'32',	'MK Tatran Sp. Nová Ves'),
(1310,	32,	263,	'D',	'04:43:42',	33,	'142',	'MK Tatran Sp.Nová Ves'),
(1311,	33,	263,	'D',	'04:17:49',	49,	'50',	'MK Tatran Spišská Nová Ves'),
(1312,	35,	263,	'D',	'04:43:16',	30,	'118',	'MK Tatran Sp. Nová Ves'),
(1313,	36,	263,	'D',	'04:25:57',	38,	'46',	'MK Tatran Spišská Nová Ves'),
(1314,	38,	263,	'D',	'04:46:07',	25,	'129',	'MK Tatran Spišská Nová Ves'),
(1315,	39,	263,	'D',	'04:24:43',	44,	'53',	'MK Tatran Sp.Nová Ves'),
(1316,	41,	263,	'maraton',	'04:43:06',	32,	'106',	'MK Tatran Sp.Nová Ves'),
(1317,	44,	263,	'E',	'04:35:42',	36,	'152',	'MK Tatran Sp.N.Ves'),
(1318,	47,	263,	'E',	'04:52:52',	40,	'52',	'MK Tatran Sp.Nová Ves'),
(1319,	20,	264,	'A',	'04:16:52',	38,	'23',	'Bardejov'),
(1320,	20,	265,	'C',	'04:24:15',	44,	'15',	'Prešov'),
(1321,	21,	265,	'C',	'04:29:35',	42,	'29',	'Prešov'),
(1322,	23,	265,	'C',	'04:32:58',	23,	'18',	'Prešov'),
(1323,	24,	265,	'C',	'04:03:00',	28,	'18',	'Prešov'),
(1324,	26,	265,	'C',	'03:58:29',	23,	'7',	'Prešov'),
(1325,	27,	265,	'C',	'04:12:43',	40,	'34',	'Prešov'),
(1326,	30,	265,	'C',	'04:07:23',	39,	'31',	'OBS Prešov'),
(1327,	20,	266,	'A',	'04:33:19',	46,	'50',	'MK ZEBRÁK'),
(1328,	21,	266,	'A',	'04:09:59',	33,	'8',	'MK Kladno'),
(1329,	23,	266,	'A',	'05:01:50',	35,	'32',	'MK Kladno'),
(1330,	26,	266,	'A',	'04:18:51',	34,	'36',	'MK Kladno'),
(1331,	35,	266,	'A',	'04:39:08',	29,	'141',	'MK Kladno'),
(1332,	38,	266,	'A',	'04:20:53',	16,	'138',	'MK Kladno'),
(1333,	41,	266,	'maraton',	'04:27:06',	27,	'115',	'MK Kladno'),
(1334,	44,	266,	'B',	'04:43:56',	41,	'124',	'MK Kladno'),
(1335,	45,	266,	'A',	'05:03:53',	51,	'55',	'MK Kladno'),
(1336,	20,	267,	'A',	'00:00:00',	49,	'46',	'Košice - Furča'),
(1337,	21,	268,	'C',	'03:11:00',	10,	'34',	'OBS Prešov'),
(1338,	21,	269,	'A',	'03:32:08',	18,	'7',	'neregistrovaný'),
(1339,	23,	269,	'A',	'03:48:22',	7,	'20',	'BKP'),
(1340,	26,	269,	'A',	'03:35:12',	10,	'4',	'O5 BK Furča- Košice'),
(1341,	31,	269,	's',	'01:32:25',	9,	'05A',	'O5 BK Furča- Košice'),
(1342,	33,	269,	'A',	'00:00:00',	61,	'32',	'O5 BK Furča'),
(1343,	21,	270,	'D',	'03:44:10',	23,	'37',	'Poprad - Stráže'),
(1344,	23,	270,	'D',	'04:03:01',	11,	'21',	'Poprad - Stráže'),
(1345,	24,	270,	'D',	'03:48:21',	22,	'36',	'Poprad - Stráže'),
(1346,	27,	270,	'D',	'03:53:29',	28,	'52',	'Poprad - Stráže'),
(1347,	30,	270,	'D',	'03:58:52',	37,	'67',	'Poprad - Stráže'),
(1348,	1,	271,	'E',	'03:54:20',	20,	'0',	'ROTOR KE'),
(1349,	3,	271,	'E',	'03:48:12',	20,	'17',	'05 BK Furča'),
(1350,	6,	271,	'F',	'04:21:10',	30,	'19',	'O5 BK Furča - Košice'),
(1351,	9,	271,	'F',	'04:05:10',	35,	'17',	'O5 BK Furča'),
(1352,	11,	271,	'F',	'03:57:10',	24,	'40',	'O5 BK Furča- Košice'),
(1353,	12,	271,	'F',	'03:59:55',	34,	'17',	'O5 bežecký klub Furča'),
(1354,	15,	271,	'F',	'04:40:46',	41,	'17',	'O5 bežecký klub Furča'),
(1355,	18,	271,	'F',	'03:55:08',	29,	'17',	'05 BK Furča'),
(1356,	20,	271,	'F',	'03:50:16',	22,	'17č',	'O5 BK FURČA Košice'),
(1357,	21,	271,	'F',	'03:59:24',	29,	'17',	'O5 BK Furča Košice'),
(1358,	24,	271,	'F',	'03:58:41',	27,	'13',	'O5 BK Furča Košice'),
(1359,	27,	271,	'F',	'04:09:52',	39,	'7',	'O5 BK Furča'),
(1360,	30,	271,	'F',	'03:58:31',	36,	'19',	'O5 BK Furča- Košice'),
(1361,	32,	271,	'F',	'04:02:23',	21,	'125',	'O5 BK Furča- Košice'),
(1362,	33,	271,	'F',	'03:57:51',	42,	'17',	'O5 BK Furča'),
(1363,	36,	271,	'F',	'03:59:22',	27,	'56',	'O5 BK Furča Košice'),
(1364,	41,	271,	'maraton',	'03:56:00',	15,	'110',	'O5 BK Furča - Košice'),
(1365,	21,	272,	'A',	'04:20:55',	38,	'16',	'Reštaurácia Rubín - Krásna'),
(1366,	23,	272,	'A',	'04:16:46',	15,	'7',	'Reštaurácia Rubín KE - Krásna'),
(1367,	27,	272,	'B',	'03:57:35',	31,	'40',	'Reštaurácia Rubín, KE-Krásna'),
(1368,	30,	272,	'B',	'04:27:50',	52,	'27',	'Reštaurácia RUBÍN Ke-Krásna'),
(1369,	32,	272,	'B',	'04:18:48',	29,	'109',	'Reštaurácia RUBÍN KE- Krásna'),
(1370,	33,	272,	'B',	'03:54:28',	39,	'45',	'Reštaurácia RUBÍN Košice - Krásna'),
(1371,	38,	272,	'B',	'04:36:59',	24,	'135',	'Rešt.Rubín Košice-Krásna'),
(1372,	39,	272,	'B',	'04:22:13',	43,	'58',	'ReštauráciaRUBÍN Košice-Krásna'),
(1373,	41,	272,	'maraton',	'04:41:12',	31,	'133',	'Rešt. RUBÍN Košice - Krásna'),
(1374,	42,	272,	'B',	'04:23:14',	49,	'52',	'Reštaurácia RUBÍN Košice - Krásna'),
(1375,	44,	272,	'B',	'04:26:27',	33,	'123',	'Reštaurácia RUBÍN Košice - Krásna'),
(1376,	21,	273,	'C',	'04:25:15',	40,	'10',	'ME Martin'),
(1377,	27,	273,	'D',	'04:02:52',	36,	'12',	'Bs Tatran Turany'),
(1378,	29,	273,	'D',	'04:44:49',	27,	'9',	'Tatran Turany'),
(1379,	35,	273,	'D',	'04:22:29',	28,	'127',	'BS Tatran Turany'),
(1380,	38,	273,	'D',	'04:59:19',	27,	'125',	'bs Tatran Turany'),
(1381,	42,	273,	'D',	'04:42:03',	54,	'89',	'BS Tatran Turany'),
(1382,	44,	273,	'D',	'04:58:36',	44,	'146',	'bsTatran Turany'),
(1383,	22,	274,	's',	'01:30:17',	4,	'18B',	'Stročín'),
(1384,	25,	274,	's',	'01:25:58',	2,	'05A',	'ALL4RUN Košice'),
(1385,	28,	274,	's',	'01:25:38',	6,	'25B',	'ALL4RUN Stročín'),
(1386,	37,	274,	's',	'01:26:35',	2,	'2B',	'all4run'),
(1387,	22,	275,	's',	'01:31:00',	5,	'14A',	'MŠK TDM klub Krompachy'),
(1388,	22,	276,	's',	'01:44:52',	6,	'9B',	'05 BK Furča Košice'),
(1389,	24,	276,	'A',	'03:43:33',	19,	'14',	'O5 BK Furča Košice'),
(1390,	26,	276,	'A',	'03:55:37',	20,	'21',	'O5 BK Furča- Košice'),
(1391,	27,	276,	'A',	'03:33:12',	16,	'4',	'O5 BK Furča Košice'),
(1392,	29,	276,	'A',	'03:49:11',	7,	'14',	'O5 BK Furča Košice'),
(1393,	30,	276,	'A',	'03:40:32',	22,	'36',	'O5 BK Furča- Košice'),
(1394,	32,	276,	'A',	'03:47:17',	11,	'103',	'O5 BK Furča- Košice'),
(1395,	34,	276,	's',	'01:38:41',	4,	'14B',	'O5 BEŽECKÝ KLUB FURČA'),
(1396,	39,	276,	'A',	'03:31:03',	14,	'3',	'O5 BK Furča-Košice'),
(1397,	22,	277,	's',	'01:40:58',	7,	'23A',	'BK Spišský Hrhov'),
(1398,	31,	277,	's',	'01:28:29',	7,	'29B',	'BK Spišský Hrhov'),
(1399,	22,	278,	's',	'01:45:38',	9,	'10A',	'Ružino Košice'),
(1400,	25,	278,	's',	'01:39:44',	6,	'19B',	'Maratónsky Klub Košice'),
(1401,	31,	278,	's',	'01:33:28',	5,	'15A',	'OZ BUNKRE'),
(1402,	22,	279,	's',	'01:39:14',	9,	'10B',	'Ružino Košice'),
(1403,	25,	279,	's',	'01:32:22',	6,	'19A',	'Maratónsky Klub Košice'),
(1404,	31,	279,	's',	'01:30:03',	5,	'15B',	'Maratónsky klub Košice'),
(1405,	22,	280,	's',	'01:50:03',	10,	'12A',	'ŠK Vyšná Šebastová'),
(1406,	28,	280,	's',	'01:47:53',	10,	'23A',	'Prešov'),
(1407,	40,	280,	's',	'01:45:13',	8,	'35',	'Pomôž chudobným'),
(1408,	22,	281,	's',	'01:37:04',	10,	'12B',	'ŠK Vyšná Šebastová'),
(1409,	22,	282,	's',	'01:28:29',	11,	'3A',	'BK Steel Košice'),
(1410,	22,	283,	's',	'01:59:17',	11,	'3B',	'Košice - KVP'),
(1411,	22,	284,	's',	'01:43:02',	12,	'17A',	'Sopka Seňa'),
(1412,	25,	284,	's',	'01:46:10',	13,	'04B',	'SOPKA Seňa'),
(1413,	22,	285,	's',	'01:46:26',	12,	'17B',	'Sečovce'),
(1414,	31,	285,	's',	'01:53:06',	18,	'35B',	'Sečovce'),
(1415,	22,	286,	's',	'01:47:08',	13,	'22B',	'CMTC Trebišov'),
(1416,	25,	286,	's',	'01:48:48',	16,	'07A',	'Fun Runners Trebišov'),
(1417,	22,	287,	's',	'01:42:16',	14,	'6A',	'Maratónsky Klub Košice'),
(1418,	45,	287,	'C',	'04:26:12',	44,	'37',	'Gorlicka Grupa Biegowa'),
(1419,	13,	288,	's',	'01:41:55',	12,	'75',	'Kežmarok'),
(1420,	22,	288,	's',	'01:25:01',	17,	'16A',	'Kežmarok'),
(1421,	25,	288,	's',	'01:30:47',	18,	'11A',	'Kežmarok'),
(1422,	22,	289,	's',	'02:19:43',	17,	'16B',	'Kežmarok'),
(1423,	22,	290,	's',	'02:03:01',	18,	'7A',	'Košice   '),
(1424,	22,	291,	's',	'01:57:34',	19,	'2B',	'URAM-Kamenosochárstvo'),
(1425,	31,	291,	's',	'01:19:06',	1,	'25A',	'ATU Košice'),
(1426,	22,	292,	's',	'01:52:05',	20,	'19A',	'Hatalov'),
(1427,	28,	292,	's',	'01:47:01',	17,	'12A',	'Hatalov'),
(1428,	31,	292,	's',	'01:42:45',	22,	'28B',	'Hatalov'),
(1429,	34,	292,	's',	'01:40:55',	9,	'4A',	'AC Michalovcce'),
(1430,	36,	292,	'C',	'04:16:23',	36,	'35',	'AC Michalovce'),
(1431,	39,	292,	'C',	'03:57:02',	29,	'30',	'AC Michalovce'),
(1432,	42,	292,	'C',	'03:54:59',	36,	'73',	'AC Michalovce'),
(1433,	45,	292,	'C',	'04:29:18',	45,	'41',	'AC-Michalovce'),
(1434,	47,	292,	'C',	'04:40:16',	35,	'38',	'AC Michalovce'),
(1435,	22,	293,	's',	'02:10:43',	22,	'24A',	'neuvedený'),
(1436,	22,	294,	's',	'02:08:08',	22,	'24B',	'Metropol Košice'),
(1437,	28,	294,	's',	'01:58:55',	13,	'16B',	'Metropol KOSICE'),
(1438,	31,	294,	's',	'02:03:53',	27,	'07A',	'Metropol Košice'),
(1439,	22,	295,	's',	'00:00:00',	24,	'1A',	'URAM-Kamenosochárstvo'),
(1440,	22,	296,	's',	'00:00:00',	24,	'1B',	'URAM-Kamenosochárstvo'),
(1441,	23,	297,	'B',	'03:58:05',	10,	'26',	'AŠKP Žilina'),
(1442,	24,	297,	'B',	'03:54:58',	25,	'40',	'AŠKP Žilina'),
(1443,	26,	297,	'B',	'03:43:41',	14,	'47',	'AŠKP Žilina'),
(1444,	29,	297,	'B',	'03:57:22',	8,	'31',	'ŠKP Žilina'),
(1445,	30,	297,	'B',	'03:35:38',	16,	'14',	'SKP Žilina'),
(1446,	33,	297,	'C',	'03:38:51',	24,	'38',	'ŠKP Žilina'),
(1447,	35,	297,	'C',	'04:07:18',	20,	'109',	'ŠKP Žilina'),
(1448,	36,	297,	'C',	'03:41:29',	15,	'33',	'ŠKP Žilina'),
(1449,	38,	297,	'C',	'03:44:10',	6,	'108',	'ŠKP Žilina'),
(1450,	39,	297,	'C',	'03:35:45',	15,	'36',	'ŠKP Žilina'),
(1451,	41,	297,	'maraton',	'03:54:39',	14,	'113',	'ŠKP Žilina'),
(1452,	45,	297,	'C',	'04:10:33',	31,	'34',	'ŠKP Žilina'),
(1453,	47,	297,	'C',	'04:18:01',	23,	'40',	'Žilina'),
(1454,	23,	298,	'A',	'04:28:40',	21,	'11',	'Košice'),
(1455,	24,	298,	'A',	'04:19:35',	40,	'5',	'O5 BK Furča Košice'),
(1456,	26,	298,	'A',	'04:03:45',	26,	'24',	'O5 BK Furča- Košice'),
(1457,	30,	298,	'A',	'00:00:00',	65,	'30',	'05 BK Furča- Košice'),
(1458,	32,	298,	'A',	'04:12:49',	25,	'104',	'O5 BK Furča- Košice'),
(1459,	38,	298,	'A',	'05:53:58',	30,	'126',	'O5 BK Furča-Košice'),
(1460,	39,	298,	'A',	'05:07:35',	53,	'7',	'O5 BK Furča-Košice'),
(1461,	41,	298,	'maraton',	'05:11:57',	35,	'117',	'O5 BK Furča - Košice'),
(1462,	44,	298,	'A',	'04:50:16',	42,	'110',	'o5 BK Furča - Košice'),
(1463,	45,	298,	'A',	'04:52:39',	48,	'58',	'o5 BK Furča - Košice'),
(1464,	47,	298,	'A',	'04:28:27',	30,	'9',	'O5 BK Furča - Košice'),
(1465,	23,	299,	'C',	'05:27:02',	36,	'5',	'Forma Wodzislaw Slaski'),
(1466,	26,	299,	'C',	'04:32:41',	39,	'28',	'SOAZ Prešov'),
(1467,	30,	299,	'D',	'04:51:31',	59,	'20',	'MARAS team'),
(1468,	24,	300,	'A',	'03:08:39',	8,	'17',	'O5 BK Furča Košice'),
(1469,	26,	300,	'A',	'03:04:09',	3,	'17',	'O5 BK Furča- Košice'),
(1470,	27,	300,	'A',	'03:05:15',	3,	'17',	'TJ Obal Servis Kosice'),
(1471,	30,	300,	'A',	'03:14:04',	9,	'17',	'TJ Obalservis Košice'),
(1472,	33,	300,	'A',	'03:26:22',	16,	'14',	'Kosice'),
(1473,	36,	300,	'A',	'03:14:52',	7,	'17',	'Košice'),
(1474,	24,	301,	'C',	'03:22:26',	13,	'46',	'Obalservis Košice'),
(1475,	27,	301,	'C',	'03:22:21',	9,	'55',	'Obalservis Košice'),
(1476,	24,	302,	'D',	'03:31:00',	15,	'15',	'OŠK Dobrá Niva'),
(1477,	27,	302,	'D',	'03:35:05',	18,	'14',	'OŠK Dobrá Niva'),
(1478,	29,	302,	'D',	'04:00:22',	10,	'4',	'OŠK Dobrá Niva'),
(1479,	32,	302,	'D',	'03:55:40',	15,	'121',	'OŠK Dobrá Niva'),
(1480,	36,	302,	'D',	'03:56:01',	26,	'49',	'OŠK Dobrá Niva'),
(1481,	41,	302,	'maraton',	'03:51:43',	12,	'114',	'OŠK Dobrá Niva'),
(1482,	42,	302,	'D',	'03:51:51',	30,	'83',	'Obecný športový klub Dobrá Niva'),
(1483,	44,	302,	'D',	'04:18:57',	29,	'143',	'OŠK Dobrá niva'),
(1484,	45,	302,	'D',	'03:39:49',	15,	'20',	'Obecný športový klub Dobrá Niva'),
(1485,	47,	302,	'D',	'04:41:55',	36,	'49',	'OŠK Dobrá Niva'),
(1486,	24,	303,	'C',	'03:44:06',	20,	'3',	'O5 BK Furča Košice'),
(1487,	37,	303,	's',	'02:03:29',	20,	'21B',	'O5 BK Furča Košice'),
(1488,	40,	303,	's',	'01:54:03',	25,	'7',	'O5 BK Furča-Košice'),
(1489,	46,	303,	'M',	'02:08:58',	20,	NULL,	'O5 BK Furča Košice'),
(1490,	24,	304,	'A',	'03:53:41',	24,	'35',	'Košice'),
(1491,	24,	305,	'A',	'04:11:39',	35,	'2',	'O5 BK Furča Košice'),
(1492,	46,	305,	'M',	'01:54:26',	20,	NULL,	'O5 BK Furča Košice'),
(1493,	24,	306,	'A',	'04:15:42',	37,	'27',	'O5 BK Furča Košice'),
(1494,	28,	306,	's',	'01:47:25',	12,	'7A',	'O5 BK Furča Košice'),
(1495,	31,	306,	's',	'01:46:24',	19,	'04A',	'O5 BK Furča- Košice'),
(1496,	34,	306,	's',	'01:43:38',	8,	'9A',	'O5 BK Furča- Košice'),
(1497,	36,	306,	'B',	'04:36:50',	41,	'11',	'O5 BK Furča Košice'),
(1498,	24,	307,	'A',	'04:17:30',	38,	'29',	'Košice'),
(1499,	24,	308,	'F',	'04:35:25',	45,	'33',	'Slávia PU Prešov'),
(1500,	26,	308,	'F',	'04:35:32',	40,	'26',	'Slávia PU Prešov'),
(1501,	30,	308,	'F',	'04:10:02',	41,	'33',	'LC basecamp Wipptal'),
(1502,	25,	309,	's',	'01:30:12',	3,	'06A',	'O5 BK Furča Košice'),
(1503,	26,	309,	'A',	'03:37:49',	13,	'10',	'O5 BK Furča- Košice'),
(1504,	27,	309,	'A',	'00:00:00',	50,	'10',	'05 BK Furča Košice'),
(1505,	29,	309,	'A',	'04:25:22',	20,	'6',	'O5 BK Furča Košice'),
(1506,	31,	309,	's',	'01:31:00',	3,	'03A',	'O5 BK Furča- Košice'),
(1507,	34,	309,	's',	'01:31:16',	2,	'3B',	'O5 BK Furča'),
(1508,	35,	309,	'A',	'03:50:19',	16,	'138',	'05 BK Furča - Košice'),
(1509,	25,	310,	's',	'01:36:39',	3,	'06B',	'Košice'),
(1510,	26,	310,	'A',	'04:08:30',	31,	'30',	'EMER Servis Košice'),
(1511,	27,	310,	'A',	'03:34:38',	17,	'35',	'www.misia24.sk'),
(1512,	29,	310,	'A',	'03:38:03',	6,	'26',	'www.Misia24.sk'),
(1513,	30,	310,	'A',	'03:33:38',	14,	'21',	'misia24.sk'),
(1514,	33,	310,	'A',	'03:19:27',	11,	'30',	'MISIA24.sk'),
(1515,	35,	310,	'A',	'03:34:45',	12,	'106',	'MISIA24.sk'),
(1516,	25,	311,	's',	'01:30:11',	4,	'12A',	'Ocu Rokycany'),
(1517,	30,	311,	'B',	'03:39:10',	20,	'23',	'Ocu Rokycany'),
(1518,	32,	311,	'B',	'03:42:58',	9,	'127',	'Ocu Rokycany'),
(1519,	36,	311,	'B',	'03:46:26',	18,	'13',	'Ocu Rokycany'),
(1520,	38,	311,	'B',	'03:57:41',	10,	'111',	'Ocu Rokycany'),
(1521,	42,	311,	'C',	'03:44:10',	24,	'68',	'Ocu rokycany'),
(1522,	44,	311,	'C',	'04:05:48',	23,	'136',	'Rokycany'),
(1523,	45,	311,	'C',	'04:05:12',	29,	'40',	'Rokycany'),
(1524,	25,	312,	's',	'01:37:49',	4,	'12B',	'Ocu Brežany'),
(1525,	25,	313,	's',	'01:43:15',	8,	'15A',	'BK Spartak Medzev'),
(1526,	31,	313,	's',	'01:44:30',	11,	'24B',	'BK Spartak Medzev'),
(1527,	40,	313,	's',	'01:44:33',	20,	'33',	'BK Spartak Medzev'),
(1528,	42,	313,	'B',	'04:14:32',	47,	'51',	'BK Spartak Medzev'),
(1529,	45,	313,	'B',	'04:20:31',	41,	'12',	'BK Spartak Medzev'),
(1530,	25,	314,	's',	'01:35:05',	8,	'15B',	'BK Spartak Medzev'),
(1531,	40,	314,	's',	'01:34:01',	13,	'31',	'BK SPARTAK MEDZEV'),
(1532,	25,	315,	's',	'01:39:33',	9,	'17B',	'BK Šaca'),
(1533,	25,	316,	's',	'01:40:04',	11,	'03B',	'Zemplínske Hradište'),
(1534,	25,	317,	's',	'01:55:07',	12,	'10B',	'Košice'),
(1535,	28,	317,	's',	'02:09:11',	22,	'18B',	'www.bikepoint.sk'),
(1536,	25,	318,	's',	'01:46:05',	14,	'08A',	'Sečovce'),
(1537,	25,	319,	's',	'01:49:53',	14,	'08B',	'Košice'),
(1538,	25,	320,	's',	'01:55:41',	16,	'07B',	'Dobšiná'),
(1539,	25,	321,	's',	'01:46:07',	17,	'14A',	'BK Spišská Teplica'),
(1540,	25,	322,	's',	'02:24:21',	18,	'11B',	'Kežmarok'),
(1541,	25,	323,	's',	'02:08:09',	19,	'09A',	'Košice'),
(1542,	25,	324,	's',	'02:02:28',	19,	'09B',	'Košice'),
(1543,	31,	324,	's',	'01:46:56',	25,	'09B',	'Košice'),
(1544,	25,	325,	's',	'02:24:58',	20,	'20B',	'Košice'),
(1545,	37,	325,	's',	'02:16:13',	22,	'34B',	'bez príslušnosti'),
(1546,	26,	326,	'D',	'04:04:44',	27,	'18',	'Štart Kežmarok'),
(1547,	29,	326,	'D',	'04:21:07',	18,	'3',	'Kežmarok'),
(1548,	33,	326,	'D',	'04:07:09',	45,	'58',	'MŠK Kežmarok'),
(1549,	27,	328,	'A',	'02:50:25',	1,	'21',	'ZS KORCZYNA'),
(1550,	27,	329,	'B',	'03:10:12',	6,	'24',	'Krosno-Suchodół'),
(1551,	27,	330,	'B',	'03:22:26',	10,	'53',	'Konomet Košice'),
(1552,	30,	330,	'B',	'03:03:56',	7,	'10',	'Buc Team Košice'),
(1553,	33,	330,	'B',	'03:08:30',	7,	'42',	'Slávia TU Košice'),
(1554,	27,	331,	'A',	'03:31:22',	15,	'25',	'New York Road Runners'),
(1555,	30,	331,	'A',	'03:33:49',	15,	'49',	'Mesto Svidnik'),
(1556,	33,	331,	'B',	'03:20:34',	12,	'49',	'Mesto Svidnik'),
(1557,	40,	331,	's',	'01:40:50',	22,	'6',	'Hasici Svidnik'),
(1558,	27,	332,	'A',	'03:38:00',	21,	'23',	'Krosno-Suchodół'),
(1559,	27,	333,	'B',	'03:40:52',	23,	'31',	'Rudník'),
(1560,	27,	334,	'A',	'03:47:00',	25,	'29',	'AT&T Kosice'),
(1561,	30,	334,	'A',	'03:42:43',	23,	'45',	'Ťahanovce'),
(1562,	33,	334,	'B',	'03:23:52',	13,	'19',	'AT&T Kosice'),
(1563,	27,	335,	'D',	'03:57:25',	29,	'43',	'Kechnec'),
(1564,	30,	335,	'D',	'04:00:47',	38,	'1',	'Kechnec'),
(1565,	33,	335,	'D',	'03:53:12',	37,	'23',	'Kechnec'),
(1566,	36,	335,	'D',	'03:54:53',	24,	'43',	'Kechnec'),
(1567,	39,	335,	'D',	'04:02:21',	33,	'47',	'Kechnec'),
(1568,	6,	336,	'B',	'04:25:09',	33,	'23',	'eMTe Trebišov'),
(1569,	12,	336,	'B',	'04:15:47',	41,	'42',	'EMTE Trebišov'),
(1570,	15,	336,	'B',	'04:15:32',	35,	'24',	'EMTE Trebišov'),
(1571,	17,	336,	'e',	'03:57:32',	16,	'28',	'eMTe Trebišov'),
(1572,	18,	336,	'B',	'04:13:04',	39,	'33',	'EVA Hrušov'),
(1573,	21,	336,	'B',	'04:03:46',	30,	'46',	'eMTe Trebišov'),
(1574,	24,	336,	'B',	'03:51:49',	23,	'45',	'eMTe Trebišov'),
(1575,	27,	336,	'C',	'03:59:31',	35,	'27',	'eMTe Trebišov'),
(1576,	30,	336,	'C',	'04:46:34',	57,	'55',	'eMTe TREBIŠOV'),
(1577,	33,	336,	'C',	'04:36:39',	52,	'51',	'eMTe Trebišov'),
(1578,	35,	336,	'C',	'04:49:49',	32,	'119',	'eMTe Trebišov'),
(1579,	36,	336,	'C',	'04:52:17',	44,	'38',	'eMTe TREBIŠOV'),
(1580,	39,	336,	'C',	'04:52:35',	48,	'42',	'eMTe Trebišov'),
(1581,	42,	336,	'C',	'04:18:38',	48,	'64',	'eMTe Trebišov'),
(1582,	45,	336,	'C',	'04:18:14',	40,	'38',	'eMTe Trebišov'),
(1583,	47,	336,	'C',	'04:22:01',	27,	'44',	'eMTe Trebišov'),
(1584,	27,	337,	'C',	'04:19:33',	42,	'16',	'TJ Sokol Ľubotice'),
(1585,	30,	337,	'C',	'04:23:38',	49,	'22',	'MARAS team'),
(1586,	27,	338,	'C',	'04:58:57',	48,	'36',	'OBS Prešov'),
(1587,	28,	339,	's',	'01:22:10',	1,	'2B',	'Chemosvit Svit'),
(1588,	30,	339,	'A',	'03:07:01',	8,	'56',	'AO Chemosvit Svit'),
(1589,	33,	339,	'A',	'02:58:41',	3,	'22',	'AO Svit'),
(1590,	28,	340,	's',	'01:29:30',	2,	'13A',	'ŠK Pegas Košice'),
(1591,	29,	340,	'A',	'00:00:00',	36,	'13',	'Pegas Košice'),
(1592,	33,	340,	'B',	'03:25:10',	15,	'28',	'Triatlonový klub Košice'),
(1593,	40,	340,	's',	'01:23:09',	2,	'11',	'BK Steel Košice'),
(1594,	28,	341,	's',	'01:41:26',	3,	'10B',	'BK Steel Košice'),
(1595,	28,	342,	's',	'01:34:57',	4,	'8A',	'Metropol KE'),
(1596,	31,	342,	's',	'01:32:48',	6,	'12A',	'HK Metropol Kosice'),
(1597,	28,	343,	's',	'01:36:27',	4,	'8B',	'Metropol KE'),
(1598,	31,	343,	's',	'01:35:13',	6,	'12B',	'Kalas Racing Team'),
(1599,	28,	344,	's',	'01:32:13',	5,	'4A',	'Košická Nová Ves'),
(1600,	31,	344,	's',	'01:48:37',	10,	'11B',	'Košická Nová Ves'),
(1601,	34,	344,	's',	'01:27:13',	2,	'3A',	'neuvedený'),
(1602,	28,	345,	's',	'01:41:09',	5,	'4B',	'Košice'),
(1603,	31,	345,	's',	'01:35:17',	10,	'11A',	'T-Systems'),
(1604,	28,	346,	's',	'01:35:26',	7,	'22A',	'Košice'),
(1605,	31,	346,	's',	'01:31:57',	4,	'21B',	'Csrc'),
(1606,	28,	347,	's',	'01:43:15',	7,	'22B',	'Košice'),
(1607,	31,	347,	's',	'01:31:33',	4,	'21A',	'Košice'),
(1608,	28,	348,	's',	'01:54:55',	9,	'15B',	'OcU Budkovce'),
(1609,	28,	349,	's',	'01:45:58',	11,	'6A',	'Ladomírová'),
(1610,	31,	349,	's',	'01:44:15',	21,	'13A',	'Ladomírová'),
(1611,	34,	349,	's',	'01:38:09',	6,	'10A',	'Ladomirova'),
(1612,	37,	349,	's',	'01:38:10',	12,	'9A',	'Ladomirova'),
(1613,	28,	350,	's',	'01:51:22',	11,	'6B',	'Svidník'),
(1614,	31,	350,	's',	'01:55:19',	21,	'13B',	'Svidník'),
(1615,	40,	350,	's',	'01:48:00',	22,	'6',	'Svidník'),
(1616,	28,	351,	's',	'01:48:03',	14,	'19A',	'O5 BK Furča Košice'),
(1617,	31,	351,	's',	'01:47:07',	13,	'02A',	'O5 BK Furča- Košice'),
(1618,	33,	351,	'F',	'03:53:10',	36,	'16',	'O5 BK Furča -Košice'),
(1619,	37,	351,	's',	'01:55:34',	19,	'11B',	'O5 BK Furča Košice'),
(1620,	43,	351,	'S',	'01:49:27',	11,	'31B',	'O5 Bežecký klub Furča'),
(1621,	44,	351,	'F',	'04:07:52',	25,	'161',	'O5 BK Furča'),
(1622,	45,	351,	'F',	'04:11:44',	33,	'23',	'O5 BK Furča'),
(1623,	47,	351,	'F',	'04:19:05',	24,	'18',	'O5 BK Furča - Košice'),
(1624,	28,	352,	's',	'01:52:58',	14,	'19B',	'Maratonsky klub Košice'),
(1625,	30,	352,	'B',	'04:13:16',	42,	'38',	'BK Steel Kosice'),
(1626,	34,	352,	's',	'01:49:32',	5,	'11B',	'BK STEEL Košice'),
(1627,	28,	353,	's',	'02:13:58',	16,	'11A',	'Opatske strely'),
(1628,	28,	354,	's',	'02:12:08',	18,	'5A',	'SAMIOLI'),
(1629,	43,	354,	'S',	'01:58:15',	14,	'10A',	'samioli'),
(1630,	46,	354,	'M',	'02:01:33',	27,	NULL,	'SamiOli'),
(1631,	28,	355,	's',	'01:56:53',	18,	'5B',	'LIVA Košice'),
(1632,	43,	355,	'S',	'02:02:37',	14,	'10B',	'LIVA Košice'),
(1633,	46,	355,	'M',	'02:14:34',	27,	NULL,	'LIVA Košice'),
(1634,	28,	356,	's',	'02:19:43',	19,	'3A',	'Košice'),
(1635,	31,	356,	's',	'02:04:51',	27,	'07B',	'O5 BK Furča- Košice'),
(1636,	34,	356,	's',	'01:56:54',	13,	'5B',	'O5 BK Furča -Košice'),
(1637,	36,	356,	'F',	'05:11:50',	49,	'55',	'O5 BK Furča Košice'),
(1638,	40,	356,	's',	'02:16:06',	33,	'2',	'O5 BK Furča-Košice'),
(1639,	42,	356,	'F',	'04:51:02',	59,	'5',	'O5 BK Furča - Košice'),
(1640,	45,	356,	'F',	'05:32:43',	56,	'25',	'O5 BK Furča'),
(1641,	47,	356,	'F',	'06:24:34',	48,	'19',	'O5 BK Furča - Košice'),
(1642,	28,	357,	's',	'01:50:40',	19,	'3B',	'Košice'),
(1643,	28,	358,	's',	'02:19:32',	21,	'14A',	'Košice'),
(1644,	28,	359,	's',	'01:59:45',	21,	'14B',	'Humenné'),
(1645,	28,	360,	's',	'02:15:15',	22,	'18A',	'Cyklocentrum EU'),
(1646,	28,	361,	's',	'02:17:40',	23,	'9A',	'Sečovce'),
(1647,	28,	362,	's',	'02:21:30',	23,	'9B',	'OŠK Tušická Nová Ves'),
(1648,	29,	363,	'C',	'03:58:54',	9,	'21',	'BSLG'),
(1649,	29,	364,	'A',	'04:12:09',	14,	'29',	'-'),
(1650,	29,	365,	'B',	'04:17:43',	16,	'19',	'čiga-biga team marathon'),
(1651,	30,	365,	'B',	'04:20:38',	46,	'26',	'Čiga- biga team marathon'),
(1652,	32,	365,	'B',	'04:29:42',	31,	'146',	'čiga-biga team marathon'),
(1653,	33,	365,	'B',	'04:16:02',	48,	'21',	'čiga biga team marathon'),
(1654,	35,	365,	'B',	'04:18:12',	25,	'117',	'čiga-biga team marathon'),
(1655,	29,	366,	'A',	'04:25:22',	21,	'33',	'Košice'),
(1656,	30,	366,	'A',	'03:44:09',	25,	'16',	'Košice'),
(1657,	32,	366,	'A',	'04:15:46',	26,	'130',	'O5 BK Furča- Košice'),
(1658,	33,	366,	'B',	'03:40:01',	25,	'33',	'O5 BK Furča -Košice'),
(1659,	37,	366,	's',	'01:50:40',	16,	'8B',	'O5 BK Furča Košice'),
(1660,	39,	366,	'B',	'03:55:28',	26,	'19',	'O5 BK Furča-Košice'),
(1661,	29,	367,	'A',	'04:35:52',	25,	'10',	'Železná studnička'),
(1662,	38,	367,	'B',	'04:53:11',	26,	'124',	'Železná studnička Bratislava'),
(1663,	30,	368,	'B',	'02:53:26',	1,	'48',	'ŽSR-Žst.Trenčín'),
(1664,	30,	369,	'C',	'03:17:10',	10,	'15',	'Gallak Slavičín'),
(1665,	35,	369,	'C',	'03:30:49',	9,	'126',	'Gallak Slavičín'),
(1666,	30,	370,	'C',	'03:37:53',	18,	'61',	'Furmint Košice'),
(1667,	30,	371,	'A',	'03:37:56',	19,	'52',	'Hačava'),
(1668,	30,	372,	'A',	'04:22:03',	47,	'34',	'Košice'),
(1669,	32,	372,	'A',	'03:26:54',	6,	'111',	'Jazero Košice'),
(1670,	30,	373,	'B',	'04:23:35',	48,	'8',	'Košice'),
(1671,	41,	373,	'maraton',	'04:34:26',	28,	'118',	'Košice'),
(1672,	42,	373,	'B',	'04:24:47',	50,	'48',	'-'),
(1673,	44,	373,	'B',	'04:27:14',	34,	'121',	'Košice'),
(1674,	45,	373,	'B',	'04:57:25',	49,	'10',	'Košice'),
(1675,	47,	373,	'B',	'04:47:50',	39,	'27',	'__'),
(1676,	30,	374,	'F',	'04:42:15',	55,	'5',	'Čiga- biga team marathon'),
(1677,	32,	374,	'F',	'05:12:32',	34,	'147',	'čiga-biga team marathon'),
(1678,	33,	374,	'F',	'04:42:59',	54,	'12',	'čiga biga team marathon'),
(1679,	35,	374,	'F',	'04:57:57',	33,	'112',	'čiga-biga team marathon'),
(1680,	30,	375,	'B',	'04:51:52',	60,	'53',	'Humenné'),
(1681,	33,	375,	'B',	'03:45:44',	28,	'29',	'Humenné'),
(1682,	36,	375,	'B',	'04:01:30',	28,	'8',	'Humenné'),
(1683,	47,	375,	'C',	'04:06:13',	16,	'39',	'Humenné'),
(1684,	31,	376,	's',	'01:26:56',	2,	'01A',	'BK Steel Košice'),
(1685,	31,	377,	's',	'01:37:19',	8,	'17A',	'BK Spartak Medzev'),
(1686,	31,	378,	's',	'01:42:36',	8,	'17B',	'BK Spartak Medzev'),
(1687,	34,	378,	's',	'01:49:26',	10,	'12A',	'BK Spartak Medzev'),
(1688,	40,	378,	's',	'01:43:39',	26,	'3',	'BK Spartak Medzev'),
(1689,	43,	378,	'S',	'01:51:25',	6,	'3A',	'BK Spartak Medzev'),
(1690,	31,	379,	's',	'01:28:30',	12,	'26A',	'Cassovia ju jutsu Košice'),
(1691,	31,	380,	's',	'01:59:32',	12,	'26B',	'Košice'),
(1692,	31,	381,	's',	'01:42:43',	13,	'02B',	'ART Optika Kosice'),
(1693,	31,	382,	's',	'01:59:23',	14,	'18A',	'CrossFit Prešov'),
(1694,	34,	382,	's',	'01:48:45',	16,	'16B',	'Rebeľs gym Prešov'),
(1695,	31,	383,	's',	'01:32:49',	14,	'18B',	'OBS Prešov'),
(1696,	31,	384,	's',	'01:43:58',	16,	'14A',	'Košice'),
(1697,	31,	385,	's',	'01:50:32',	16,	'14B',	'Košice'),
(1698,	28,	386,	's',	'01:43:32',	16,	'11B',	'Košice'),
(1699,	31,	386,	's',	'01:45:49',	17,	'20A',	'PACOPRESS'),
(1700,	31,	387,	's',	'01:50:08',	17,	'20B',	'Košice'),
(1701,	34,	387,	's',	'01:48:57',	11,	'15B',	'Košické blesky'),
(1702,	40,	387,	's',	'01:45:00',	23,	'22',	'Košice'),
(1703,	46,	387,	'M',	'01:47:40',	15,	NULL,	'ZTS_OSSR'),
(1704,	31,	388,	's',	'01:51:54',	19,	'04B',	'O5 BK Furča- Košice'),
(1705,	34,	388,	's',	'01:43:15',	7,	'6B',	'O5 Bk Furča'),
(1706,	42,	388,	'B',	'03:55:41',	38,	'54',	'O5 BK Furča - Košice'),
(1707,	31,	389,	's',	'01:46:53',	20,	'22A',	'BK Steel Košice'),
(1708,	31,	390,	's',	'01:51:29',	20,	'22B',	'BK Steel Košice'),
(1709,	37,	390,	's',	'01:57:35',	20,	'21A',	'BK Steel Košice'),
(1710,	45,	390,	'F',	'04:02:07',	28,	'30',	'BK Steel Košice'),
(1711,	31,	391,	's',	'01:57:05',	23,	'23A',	'BK Medzev'),
(1712,	42,	391,	'C',	'04:09:08',	43,	'76',	'BK Spartak Medzev'),
(1713,	45,	391,	'C',	'04:13:44',	34,	'45',	'BK Spartak Medzev'),
(1714,	31,	392,	's',	'01:53:53',	23,	'23B',	'BK Medzev'),
(1715,	40,	392,	's',	'01:46:57',	29,	'29',	'BK Spartak Medzev'),
(1716,	46,	392,	'M',	'01:55:05',	14,	NULL,	'BK Spartak Medzev'),
(1717,	31,	393,	's',	'01:50:57',	24,	'27A',	'Košice'),
(1718,	34,	393,	's',	'01:46:04',	12,	'7B',	'Košice'),
(1719,	37,	393,	's',	'01:46:28',	11,	'15B',	'Košice'),
(1720,	39,	393,	'B',	'04:11:59',	40,	'18',	'JustRUN'),
(1721,	42,	393,	'B',	'03:56:43',	39,	'49',	'Košice'),
(1722,	45,	393,	'B',	'04:41:03',	47,	'15',	'Košice'),
(1723,	31,	394,	's',	'02:07:38',	25,	'09A',	'bez klubu'),
(1724,	31,	395,	's',	'02:01:54',	26,	'16A',	'neuvedený'),
(1725,	34,	395,	's',	'01:57:08',	17,	'17A',	'Prešov'),
(1726,	36,	395,	'F',	'04:08:34',	34,	'53',	'Prešov'),
(1727,	31,	396,	's',	'01:54:47',	26,	'16B',	' Michalovce'),
(1728,	31,	397,	's',	'02:01:49',	28,	'06A',	'Biotrend Košice'),
(1729,	33,	397,	'A',	'03:27:23',	17,	'31',	'BIOtrend Košice'),
(1730,	31,	398,	's',	'02:26:22',	29,	'30B',	'Košice'),
(1731,	32,	399,	'A',	'03:10:38',	3,	'116',	'Akademik'),
(1732,	33,	399,	'A',	'03:06:36',	6,	'63',	'BK- Spartak Medzev'),
(1733,	40,	399,	's',	'01:31:49',	6,	'30',	'BK Spartak Medzev'),
(1734,	43,	399,	'S',	'01:23:28',	1,	'2B',	'BK Spartak Medzev'),
(1735,	32,	400,	'A',	'03:25:28',	5,	'107',	'ŠKB- Budimír'),
(1736,	33,	400,	'A',	'03:12:25',	8,	'41',	'SK-Budimir'),
(1737,	35,	400,	'A',	'03:17:36',	6,	'104',	'SK- Budimir'),
(1738,	32,	401,	'A',	'04:16:32',	28,	'120',	'neuvedený'),
(1739,	32,	402,	'A',	'04:27:36',	30,	'123',	'bez príslušnosti'),
(1740,	33,	403,	'A',	'03:12:25',	9,	'43',	'ŠKB Budimír'),
(1741,	35,	403,	'A',	'03:17:35',	5,	'105',	'ŠKB Budimír'),
(1742,	33,	404,	'B',	'03:19:05',	10,	'61',	'Bezecka skola Poprad'),
(1743,	33,	405,	'B',	'03:33:00',	20,	'4',	'Košice,Za dolným mlynom 3'),
(1744,	36,	405,	'A',	'03:48:17',	19,	'22',	'Klub čerstvo vyšľahaných'),
(1745,	42,	405,	'A',	'03:39:46',	21,	'32',	'Košice'),
(1746,	33,	406,	'B',	'03:34:08',	21,	'56',	'OZ ZJVS'),
(1747,	36,	406,	'B',	'00:00:00',	53,	'3',	'OZ ZVJS'),
(1748,	39,	406,	'B',	'04:14:57',	41,	'25',	'OZ ZVJS'),
(1749,	41,	406,	'maraton',	'03:28:15',	7,	'137',	'OZ ZVJS Košice'),
(1750,	42,	406,	'B',	'03:16:15',	8,	'42',	'O5 BK Furča - Košice'),
(1751,	44,	406,	'B',	'03:20:59',	6,	'115',	'05 BK FURČA'),
(1752,	45,	406,	'B',	'03:53:05',	21,	'4',	'O5 Bk Furča Košice'),
(1753,	47,	406,	'B',	'03:56:50',	14,	'31',	'O5 BK Furča - Košice'),
(1754,	33,	407,	'A',	'03:38:30',	23,	'20',	'East Muay Thai Club'),
(1755,	37,	407,	's',	'01:38:01',	6,	'6B',	'Bosonožci'),
(1756,	33,	408,	'C',	'03:46:14',	29,	'10',	'mala ida'),
(1757,	33,	409,	'A',	'03:50:57',	33,	'55',	'Hory Kysúc'),
(1758,	37,	409,	's',	'01:36:39',	5,	'16B',	'Čadca'),
(1759,	40,	409,	's',	'01:34:42',	17,	'20',	'Hory Kysúc'),
(1760,	33,	410,	'A',	'03:51:24',	34,	'44',	'KB Stropkov'),
(1761,	37,	410,	's',	'01:42:21',	5,	'16A',	'Klub bežcov Stropkov '),
(1762,	40,	410,	's',	'01:48:28',	17,	'20',	'Klub bežcov Stropkov'),
(1763,	42,	410,	'A',	'03:31:41',	13,	'34',	'Stropkov'),
(1764,	33,	411,	'C',	'04:01:26',	43,	'46',	'Vranov nad Topľou'),
(1765,	33,	412,	'A',	'04:42:12',	53,	'27',	'neregistrovaný'),
(1766,	33,	413,	'C',	'05:17:33',	60,	'60',	'Košice'),
(1767,	36,	413,	'C',	'05:22:31',	51,	'30',	'Košice'),
(1768,	34,	414,	's',	'01:27:19',	1,	'1B',	'ATU Kosice'),
(1769,	34,	415,	's',	'01:49:56',	6,	'10B',	'svet zdravia'),
(1770,	37,	415,	's',	'01:51:07',	12,	'9B',	'Svidník (svet zdravia)'),
(1771,	34,	416,	's',	'01:48:58',	7,	'6A',	'Kosice'),
(1772,	36,	416,	'A',	'03:39:25',	12,	'16',	'O5 BK Furča Košice'),
(1773,	39,	416,	'A',	'03:22:17',	12,	'9',	'O5 BK Furča-Košice'),
(1774,	41,	416,	'maraton',	'03:34:48',	9,	'125',	'O5 BK FURCA'),
(1775,	42,	416,	'B',	'03:09:29',	6,	'43',	'O5 BK Furča - Košice'),
(1776,	44,	416,	'B',	'03:14:46',	3,	'114',	'O5 BK FURCA'),
(1777,	45,	416,	'B',	'03:14:37',	9,	'11',	'O5 BK FURČA'),
(1778,	47,	416,	'B',	'03:32:15',	7,	'26',	'O5 BK Furča - Košice'),
(1779,	34,	417,	's',	'01:53:28',	8,	'9B',	'O5 BK Furča- Košice'),
(1780,	34,	418,	's',	'01:55:40',	11,	'15A',	'neuvedený'),
(1781,	40,	418,	's',	'01:47:22',	23,	'22',	'AMKE'),
(1782,	46,	418,	'M',	'01:56:35',	15,	NULL,	'ZTS_OSSR'),
(1783,	34,	419,	's',	'01:58:46',	12,	'7A',	'USS Kosice'),
(1784,	37,	419,	's',	'01:57:36',	8,	'3A',	'USSK'),
(1785,	34,	420,	's',	'01:54:45',	13,	'5A',	'Kosice'),
(1786,	37,	420,	's',	'01:51:06',	19,	'11A',	'Košice'),
(1787,	43,	420,	'S',	'01:59:55',	11,	'31A',	'Košice'),
(1788,	46,	420,	'Ž',	'02:11:48',	25,	NULL,	'Košice'),
(1789,	34,	421,	's',	'01:58:09',	14,	'13A',	'SVET ZDRAVIA , Nemocnica Svidník'),
(1790,	37,	421,	's',	'02:01:04',	21,	'13A',	'Svidník'),
(1791,	34,	422,	's',	'01:54:25',	14,	'13B',	'SVET ZDRAVIA , Nemocnica Svidník'),
(1792,	34,	423,	's',	'01:55:17',	15,	'20A',	'Kosice'),
(1793,	34,	424,	's',	'02:06:56',	16,	'16A',	'Rebeľs gym Prešov'),
(1794,	34,	425,	's',	'02:30:02',	17,	'17B',	'OBS Prešov'),
(1795,	34,	426,	's',	'02:19:09',	18,	'2A',	'Tahanovce'),
(1796,	43,	426,	'S',	'02:09:58',	17,	'12B',	'Active life'),
(1797,	34,	427,	's',	'02:08:01',	18,	'2B',	'Jazero Kosice'),
(1798,	43,	427,	'S',	'01:51:56',	12,	'53A',	'Active life'),
(1799,	35,	428,	'A',	'03:09:25',	2,	'139',	'SPU Nitra'),
(1800,	38,	428,	'A',	'03:11:01',	3,	'137',	'SPU Nitra'),
(1801,	41,	428,	'maraton',	'03:05:38',	2,	'134',	'SPU Nitra'),
(1802,	42,	428,	'A',	'03:00:17',	3,	'21',	'O5 BK Furča - Košice'),
(1803,	44,	428,	'A',	'03:03:25',	1,	'101',	'O5 BK Furča Košice'),
(1804,	45,	428,	'A',	'03:01:34',	4,	'50',	'O5 BK Furča Košice'),
(1805,	47,	428,	'A',	'03:05:35',	1,	'1',	'O5 BK Furča - Košice'),
(1806,	35,	429,	'A',	'03:21:40',	7,	'142',	'Prešov'),
(1807,	36,	429,	'A',	'03:08:50',	4,	'19',	'Prešov'),
(1808,	38,	429,	'A',	'00:00:00',	32,	'110',	'MTC Vyšná Šebastová'),
(1809,	35,	430,	'B',	'03:28:44',	8,	'136',	'MČ Furča'),
(1810,	36,	430,	'B',	'03:11:47',	5,	'5',	'MČ Furča'),
(1811,	38,	430,	'B',	'03:18:49',	5,	'106',	'Furča'),
(1812,	39,	430,	'B',	'03:30:43',	13,	'61',	'neuvedený'),
(1813,	41,	430,	'maraton',	'03:24:26',	6,	'129',	'Kosice'),
(1814,	42,	430,	'B',	'03:33:06',	15,	'57',	'Košice'),
(1815,	45,	430,	'C',	'03:29:07',	12,	'60',	'Košice'),
(1816,	35,	431,	'F',	'03:51:37',	17,	'114',	'PUSZTASZABOLCS'),
(1817,	36,	431,	'F',	'03:41:06',	14,	'52',	'BOLDOGKŐ VÁRA'),
(1818,	39,	431,	'F',	'03:58:08',	31,	'27',	'FORRÓ'),
(1819,	41,	431,	'maraton',	'03:59:05',	17,	'136',	'FORRÓ - FANCSAL'),
(1820,	42,	431,	'F',	'03:39:50',	22,	'3',	'FORRÓ FANCSAL'),
(1821,	45,	431,	'F',	'03:51:01',	20,	'21',	'HEGYALJA 2050'),
(1822,	47,	431,	'G',	'04:07:45',	19,	'53',	'Hegyalja 2050'),
(1823,	36,	432,	'B',	'03:22:22',	9,	'9',	'Poprad '),
(1824,	39,	432,	'B',	'03:09:25',	8,	'20',	'Poprad'),
(1825,	36,	433,	'B',	'03:52:58',	22,	'4',	'Bratislava'),
(1826,	36,	434,	'D',	'04:07:18',	32,	'57',	'MšK Kežmarok'),
(1827,	36,	435,	'A',	'04:07:33',	33,	'20',	'4everYounG'),
(1828,	39,	435,	'A',	'03:56:14',	27,	'5',	'Pro-body.sk triathlon team KE'),
(1829,	42,	435,	'A',	'04:04:50',	41,	'31',	'Pro- body triatlon team'),
(1830,	36,	436,	'A',	'04:11:01',	35,	'21',	'Spider Porúbka'),
(1831,	39,	436,	'A',	'03:52:15',	24,	'8',	'Spider Porubka'),
(1832,	47,	436,	'A',	'04:12:16',	22,	'11',	'Spider PORÚBKA'),
(1833,	36,	437,	'B',	'04:36:56',	42,	'15',	'Košice'),
(1834,	40,	437,	's',	'01:42:02',	19,	'24',	'O5 BK Furča-Košice'),
(1835,	42,	437,	'B',	'03:49:13',	28,	'44',	'O5 BK Furča - Košice'),
(1836,	44,	437,	'B',	'03:52:33',	14,	'118',	'05 BK Furča Košice'),
(1837,	45,	437,	'B',	'03:44:30',	18,	'5',	'05 BK Furča Košice'),
(1838,	47,	437,	'B',	'03:54:27',	13,	'21',	'O5 BK Furča - Košice'),
(1839,	36,	438,	'B',	'00:00:00',	52,	'12',	'bez príslušnosti'),
(1840,	37,	439,	's',	'01:21:38',	1,	'18A',	'Stemi Slovakia- Svidnik'),
(1841,	37,	440,	's',	'01:26:56',	1,	'18B',	'AK TJ Slávia PU Prešov'),
(1842,	37,	441,	's',	'01:32:02',	3,	'5B',	'All4Run Košice'),
(1843,	37,	442,	's',	'01:34:41',	4,	'17A',	'Active life'),
(1844,	37,	443,	's',	'01:31:50',	4,	'17B',	'Active life'),
(1845,	40,	443,	's',	'01:24:57',	3,	'16',	'Active life'),
(1846,	37,	444,	's',	'01:45:05',	6,	'6A',	'Bosonožci'),
(1847,	37,	445,	's',	'01:41:23',	7,	'12A',	'Prešov'),
(1848,	37,	446,	's',	'01:41:48',	7,	'12B',	'CODE2B Košice'),
(1849,	37,	447,	's',	'01:59:55',	9,	'1A',	'bez príslušnosti'),
(1850,	37,	448,	's',	'01:43:18',	10,	'20B',	'bez príslušnosti'),
(1851,	37,	449,	's',	'01:42:38',	11,	'15A',	'Košice'),
(1852,	37,	450,	's',	'01:30:48',	13,	'7A',	'Furča'),
(1853,	40,	450,	's',	'01:34:31',	12,	'32',	'O5 bežeckýklub Furča'),
(1854,	43,	450,	'S',	'01:36:10',	5,	'5A',	'O5 Bežecký klub Furča'),
(1855,	46,	450,	'M',	'01:37:40',	4,	NULL,	'O5 BK Furča Košice'),
(1856,	47,	450,	'A',	'04:08:20',	20,	'7',	'O5 BK Furča - Košice'),
(1857,	37,	451,	's',	'02:02:36',	13,	'7B',	'Furča'),
(1858,	37,	452,	's',	'01:58:59',	14,	'14A',	'behnaboso.sk'),
(1859,	37,	453,	's',	'01:43:19',	15,	'19A',	'Klub čerstvo vyšľahaných'),
(1860,	37,	454,	's',	'01:55:57',	15,	'19B',	'Klub čerstvo vyšľahaných'),
(1861,	37,	455,	's',	'01:49:13',	16,	'8A',	'Košice'),
(1862,	40,	455,	's',	'01:50:07',	24,	'15',	'bez klubovej príslušnosti'),
(1863,	43,	455,	'S',	'02:03:05',	19,	'58B',	'bez klubovej príslušnosti'),
(1864,	37,	456,	's',	'01:47:12',	18,	'4A',	'behnaboso.sk'),
(1865,	37,	457,	's',	'02:09:46',	21,	'13B',	'O5 BK Furča Košice'),
(1866,	40,	457,	's',	'02:08:59',	33,	'2',	'O5 BK Furča-Košice'),
(1867,	43,	457,	'S',	'02:12:55',	19,	'58A',	'05 BK Furca'),
(1868,	38,	458,	'A',	'03:51:56',	9,	'130',	'Forrest Gump OSSR'),
(1869,	39,	458,	'A',	'04:05:05',	36,	'10',	'Forrest Gump OSSR'),
(1870,	38,	459,	'D',	'04:16:18',	15,	'131',	'BK Košice'),
(1871,	39,	461,	'B',	'02:49:53',	1,	'14',	'JM Demolex Bardejov'),
(1872,	39,	462,	'A',	'02:58:51',	3,	'12',	'Patriot runners Vranov'),
(1873,	39,	463,	'B',	'03:07:09',	6,	'16',	'ŠK Podbiel'),
(1874,	42,	463,	'C',	'03:06:13',	5,	'78',	'ŠK Podbiel'),
(1875,	45,	463,	'C',	'03:10:59',	7,	'33',	'ŠK Podbiel'),
(1876,	39,	464,	'A',	'03:38:38',	17,	'4',	'Bežci Lučenec'),
(1877,	39,	465,	'C',	'03:44:28',	18,	'29',	'NIKA WRC Rožňava'),
(1878,	39,	466,	'A',	'03:51:40',	23,	'2',	'neuvedený'),
(1879,	41,	466,	'maraton',	'04:11:20',	23,	'119',	'Bardejov'),
(1880,	42,	466,	'A',	'03:34:17',	17,	'25',	'DIFFERENT'),
(1881,	44,	466,	'A',	'03:38:32',	10,	'104',	'DIFFERENT'),
(1882,	45,	466,	'A',	'03:34:15',	13,	'52',	'DIFFERENT'),
(1883,	47,	466,	'A',	'03:53:24',	12,	'5',	'DIFFERENT'),
(1884,	39,	467,	'F',	'03:52:29',	25,	'17',	'O5 BK Furča-Košice'),
(1885,	42,	467,	'F',	'03:53:39',	34,	'7',	'O5 BK Furča - Košice'),
(1886,	45,	467,	'F',	'03:59:36',	27,	'27',	'O5 BK Furča, Košice'),
(1887,	47,	467,	'G',	'04:28:27',	31,	'17',	'O5 BK Furča - Košice'),
(1888,	39,	468,	'F',	'03:56:37',	28,	'55',	'Pro-body.sk triatlon team KE'),
(1889,	42,	468,	'F',	'03:47:53',	27,	'4',	'Pro-body triatlon team Kosice'),
(1890,	39,	469,	'A',	'03:57:12',	30,	'6',	'neuvedený'),
(1891,	42,	469,	'A',	'03:45:44',	25,	'28',	'.'),
(1892,	45,	469,	'A',	'03:55:13',	22,	'54',	'-'),
(1893,	39,	470,	'C',	'04:03:42',	34,	'32',	'Košice'),
(1894,	41,	470,	'maraton',	'04:34:26',	29,	'122',	'Košice'),
(1895,	42,	470,	'C',	'03:53:12',	33,	'65',	'Košice'),
(1896,	44,	470,	'C',	'03:57:22',	18,	'137',	'Košice'),
(1897,	39,	471,	'B',	'04:09:24',	39,	'23',	'IRONMAN TEAM LEVICE'),
(1898,	39,	472,	'B',	'04:15:51',	42,	'15',	'Zemplínska Široká'),
(1899,	41,	472,	'maraton',	'04:08:19',	22,	'132',	'Zemplínska Široká'),
(1900,	42,	472,	'B',	'04:53:22',	60,	'55',	'Zemplínska Široká'),
(1901,	44,	472,	'B',	'04:37:53',	37,	'120',	'Zemplínska Široká'),
(1902,	39,	473,	'C',	'04:36:22',	47,	'44',	'Prešov'),
(1903,	40,	474,	's',	'01:23:54',	1,	'25',	'BK Steel Košice'),
(1904,	40,	475,	's',	'01:26:53',	3,	'16',	'Active life'),
(1905,	40,	476,	's',	'01:27:00',	4,	'13',	'Klub Bežcov Stropkov'),
(1906,	44,	476,	'C',	'03:17:38',	4,	'140',	'Klub bežcov Stropkov'),
(1907,	45,	476,	'C',	'03:12:11',	8,	'43',	'Klub bežcov Stropkov'),
(1908,	40,	477,	's',	'01:25:46',	4,	'13',	'Klub Bežcov Stropkov'),
(1909,	40,	478,	's',	'01:36:18',	5,	'14',	'Terňa'),
(1910,	47,	478,	'B',	'03:51:45',	10,	'28',	'Terňa'),
(1911,	40,	479,	's',	'01:24:20',	5,	'14',	'Terňa'),
(1912,	40,	480,	's',	'01:29:56',	6,	'30',	'BK Spartak Medzev'),
(1913,	43,	480,	'S',	'01:26:15',	1,	'2A',	'BK Spartak Medzev'),
(1914,	40,	481,	's',	'01:28:30',	7,	'34',	'Poprad'),
(1915,	40,	482,	's',	'01:35:24',	7,	'34',	'Hôrka'),
(1916,	40,	483,	's',	'01:19:32',	8,	'35',	'Pomôž chudobným'),
(1917,	40,	484,	's',	'01:25:10',	9,	'4',	'Active Life'),
(1918,	40,	485,	's',	'01:39:50',	9,	'4',	'Active life'),
(1919,	40,	486,	's',	'01:32:10',	10,	'27',	'BT'),
(1920,	40,	487,	's',	'01:33:10',	10,	'27',	'BT'),
(1921,	40,	488,	's',	'01:32:46',	11,	'18',	'BK STEEL Košice'),
(1922,	40,	489,	's',	'01:32:45',	11,	'18',	'BK STEEL Košice'),
(1923,	43,	489,	'S',	'01:34:45',	6,	'3B',	'BK Spartak Medzev'),
(1924,	44,	489,	'A',	'03:35:31',	9,	'106',	'BK Spartak Medzev'),
(1925,	46,	489,	'M',	'01:47:25',	14,	NULL,	'BK Spartak Medzev'),
(1926,	47,	489,	'A',	'03:52:49',	11,	'2',	'BK Spartak Medzev'),
(1927,	40,	490,	's',	'01:35:22',	13,	'31',	'BK SPARTAK MEDZEV'),
(1928,	42,	490,	'A',	'03:36:48',	18,	'29',	'BK Spartak Medzev'),
(1929,	40,	491,	's',	'01:44:52',	14,	'12',	'FREE RUNERS'),
(1930,	40,	492,	's',	'01:35:23',	15,	'23',	'Krunners'),
(1931,	40,	493,	's',	'01:44:10',	15,	'23',	'VSE'),
(1932,	40,	494,	's',	'01:38:05',	16,	'5',	'BK STEEL'),
(1933,	40,	495,	's',	'01:43:28',	16,	'5',	'Active Life Košice'),
(1934,	43,	495,	'S',	'01:46:12',	9,	'54A',	'Active life Košice'),
(1935,	46,	495,	'X',	'01:39:30',	8,	NULL,	'Active Life Košice'),
(1936,	40,	496,	's',	'01:32:04',	18,	'17',	'MBO Strazske'),
(1937,	43,	496,	'S',	'01:37:29',	7,	'9B',	'MBO Strážske'),
(1938,	40,	497,	's',	'01:51:48',	18,	'17',	'Moravany'),
(1939,	43,	497,	'S',	'01:56:24',	7,	'9A',	'MBO Strážske'),
(1940,	40,	498,	's',	'01:41:56',	19,	'24',	'O5 BK Furča-Košice'),
(1941,	40,	499,	's',	'01:40:13',	20,	'33',	'BK Spartak Medzev'),
(1942,	40,	500,	's',	'01:37:25',	21,	'21',	'Klub bežcov Stropkov'),
(1943,	40,	501,	's',	'01:48:23',	21,	'21',	'klub bežcov Stropkov'),
(1944,	40,	502,	's',	'01:43:27',	24,	'15',	'Košice'),
(1945,	40,	503,	's',	'01:45:04',	25,	'7',	'O5 BK Furča-Košice'),
(1946,	46,	503,	'M',	'01:50:41',	17,	NULL,	'O5 BK Furča Košice'),
(1947,	40,	504,	's',	'01:47:30',	27,	'9',	'bez klubovej príslušnosti'),
(1948,	40,	505,	's',	'01:57:19',	27,	'9',	'bez klubovej príslušnosti'),
(1949,	42,	505,	'A',	'03:36:48',	19,	'24',	'-'),
(1950,	45,	505,	'A',	'03:58:22',	25,	'53',	'bez klubovej prislusnoti'),
(1951,	40,	506,	's',	'01:59:04',	28,	'28',	'ATU Košice'),
(1952,	40,	507,	's',	'02:00:02',	28,	'28',	'ATU Košice'),
(1953,	40,	508,	's',	'01:46:39',	30,	'10',	'O5 BK Furča-Košice'),
(1954,	42,	508,	'A',	'04:01:37',	40,	'22',	'O5 BK Furča - Košice'),
(1955,	44,	508,	'A',	'04:38:58',	39,	'107',	'O5 Bežecký klub Furča Košice'),
(1956,	47,	508,	'A',	'04:46:12',	38,	'8',	'O5 BK Furča - Košice'),
(1957,	40,	509,	's',	'02:03:40',	31,	'36',	'Brasko klub'),
(1958,	40,	510,	's',	'02:12:07',	32,	'1',	'Active Life'),
(1959,	40,	511,	's',	'01:55:43',	32,	'1',	'Active Life'),
(1960,	40,	512,	's',	'02:09:44',	34,	'19',	'MUKA'),
(1961,	43,	512,	'S',	'01:58:15',	15,	'56A',	'MUKA '),
(1962,	40,	513,	's',	'02:25:24',	34,	'19',	'MUKA Košice'),
(1963,	43,	513,	'S',	'02:02:37',	15,	'56B',	'MUKA Košice'),
(1964,	41,	514,	'maraton',	'02:49:29',	1,	'124',	'Hoka Team Hungary'),
(1965,	41,	515,	'maraton',	'03:22:53',	5,	'123',	'MVSI'),
(1966,	41,	516,	'maraton',	'03:31:18',	8,	'131',	'LKVD Dobšiná'),
(1967,	41,	517,	'maraton',	'03:49:22',	11,	'109',	'SKŠ Jablonné v Podještědí'),
(1968,	41,	518,	'maraton',	'03:54:30',	13,	'102',	'nie'),
(1969,	41,	519,	'maraton',	'03:58:17',	16,	'135',	'TJ Odboj Kurov'),
(1970,	41,	520,	'maraton',	'04:06:18',	20,	'108',	'AC Rumburk'),
(1971,	41,	521,	'maraton',	'04:40:40',	30,	'105',	'Trnava'),
(1972,	44,	521,	'C',	'04:25:06',	32,	'138',	'Trnava'),
(1973,	45,	521,	'C',	'04:37:47',	46,	'46',	'Trnava'),
(1974,	47,	521,	'C',	'04:44:53',	37,	'35',	'Trnava'),
(1975,	42,	522,	'A',	'02:54:14',	2,	'26',	'Nová Dubnica'),
(1976,	42,	524,	'B',	'03:40:19',	23,	'46',	'Košice'),
(1977,	45,	524,	'B',	'03:46:46',	19,	'7',	'Košice'),
(1978,	47,	524,	'B',	'04:06:21',	17,	'29',	'Kosice'),
(1979,	42,	525,	'C',	'03:46:56',	26,	'75',	'www.behej.com'),
(1980,	42,	526,	'A',	'03:53:06',	32,	'30',	'-'),
(1981,	42,	527,	'B',	'04:47:07',	56,	'56',	'Full Moon Runners'),
(1982,	42,	528,	'F',	'04:49:35',	58,	'6',	'konštrukta'),
(1983,	43,	529,	'S',	'01:33:03',	2,	'8A',	'MTC Vyšná Šebastová'),
(1984,	46,	529,	'M',	'01:34:34',	6,	NULL,	'MTC Vyšná Śebastová'),
(1985,	43,	530,	'S',	'01:37:30',	2,	'8B',	'Vranov nad Topľou'),
(1986,	43,	531,	'S',	'01:49:14',	3,	'51A',	'ŠK pre Radosť'),
(1987,	44,	531,	'F',	'04:05:50',	24,	'163',	'ŠK pre Radosť'),
(1988,	45,	531,	'F',	'04:18:01',	39,	'22',	'ŠK pre Radosť'),
(1989,	43,	532,	'S',	'01:50:38',	4,	'6A',	'Active Life'),
(1990,	46,	532,	'M',	'02:04:40',	12,	NULL,	'Košice'),
(1991,	43,	533,	'S',	'01:41:37',	8,	'7B',	'Freerunners'),
(1992,	43,	534,	'S',	'01:52:03',	9,	'54B',	'Active life'),
(1993,	46,	534,	'X',	'01:55:00',	8,	NULL,	'Active life Košice'),
(1994,	43,	535,	'S',	'01:53:54',	10,	'55A',	'neuvedený'),
(1995,	46,	535,	'X',	'02:00:18',	21,	NULL,	'KdyžNemůžešTakPřidej'),
(1996,	47,	535,	'F',	'00:00:00',	51,	'20',	'KdyžNemůžešTakPřidej'),
(1997,	43,	536,	'S',	'01:54:02',	10,	'55B',	'neuvedený'),
(1998,	46,	536,	'X',	'02:06:12',	21,	NULL,	'KdyžNemůžešTakPřidej'),
(1999,	47,	536,	'A',	'04:55:25',	41,	'14',	'KdyžNemůžešTakPřidej'),
(2000,	43,	537,	'S',	'01:58:30',	12,	'53B',	'Active life'),
(2001,	43,	538,	'S',	'02:06:56',	13,	'52A',	'BK HURIKÁN VALALIKY'),
(2002,	44,	538,	'F',	'04:59:10',	45,	'162',	'O5 BK Furča'),
(2003,	46,	538,	'X',	'02:18:10',	28,	NULL,	'ValSport'),
(2004,	43,	539,	'S',	'01:55:58',	17,	'12A',	'URBAN RUNNING TEAM'),
(2005,	46,	539,	'M',	'02:04:28',	29,	NULL,	'Active life'),
(2006,	43,	540,	'S',	'02:11:36',	18,	'4B',	'LK Metropol Košice'),
(2007,	43,	541,	'S',	'02:29:35',	20,	'13B',	'-'),
(2008,	43,	542,	'S',	'02:13:15',	21,	'57A',	'O5 BK Furča'),
(2009,	46,	542,	'X',	'02:30:17',	32,	NULL,	'O5 BK Furča Košice'),
(2010,	44,	543,	'A',	'03:53:59',	15,	'105',	'ProRun Moldava'),
(2011,	44,	544,	'C',	'03:56:45',	17,	'135',	'Šulywander'),
(2012,	47,	544,	'C',	'03:51:19',	9,	'43',	'Šulywander'),
(2013,	44,	545,	'C',	'04:14:37',	26,	'139',	'Košice'),
(2014,	45,	546,	'B',	'03:21:26',	10,	'2',	'Liga proti rakovine'),
(2015,	45,	547,	'A',	'03:40:28',	16,	'56',	'ProRun Moldava'),
(2016,	45,	548,	'B',	'04:16:55',	37,	'13',	'Jaklovce'),
(2017,	45,	549,	'A',	'04:24:32',	43,	'57',	'PMJ KE'),
(2018,	47,	549,	'A',	'04:11:56',	21,	'6',	'PMJ KE'),
(2019,	45,	550,	'F',	'05:01:48',	50,	'26',	'-'),
(2020,	46,	551,	'M',	'01:27:18',	1,	NULL,	'Senátor Záborské'),
(2021,	46,	552,	'M',	'01:29:15',	2,	NULL,	'BK Steel Košice'),
(2022,	46,	553,	'M',	'01:27:13',	4,	NULL,	'BK Levoča'),
(2023,	47,	553,	'B',	'03:27:39',	6,	'23',	'BK Levoča'),
(2024,	46,	554,	'M',	'01:29:48',	5,	NULL,	'Freerunners Košice'),
(2025,	46,	555,	'M',	'01:35:30',	5,	NULL,	'Košický samosprávny kraj'),
(2026,	46,	556,	'M',	'01:38:46',	6,	NULL,	'ZasRun Šarišské Bohdanovce'),
(2027,	46,	557,	'M',	'01:43:10',	7,	NULL,	'bez príslušnosti'),
(2028,	46,	558,	'M',	'01:43:55',	7,	NULL,	'bez príslušnosti'),
(2029,	46,	559,	'M',	'01:45:15',	9,	NULL,	'Košice'),
(2030,	46,	560,	'M',	'01:49:25',	9,	NULL,	'Maratónsky klub Košice'),
(2031,	46,	561,	'M',	'01:50:55',	11,	NULL,	'OŠK Ludrová'),
(2032,	46,	562,	'M',	'01:48:25',	11,	NULL,	'OŠK Ludrová'),
(2033,	46,	563,	'M',	'01:48:18',	13,	NULL,	'Košice'),
(2034,	46,	564,	'M',	'02:00:48',	18,	NULL,	'ŠK Budimír'),
(2035,	46,	565,	'M',	'02:07:05',	22,	NULL,	'Bujarí Bujaci'),
(2036,	46,	566,	'M',	'02:00:24',	22,	NULL,	'Bujarí Bujaci'),
(2037,	46,	567,	'M',	'01:55:45',	24,	NULL,	'O5 BK Furča Košice'),
(2038,	46,	568,	'M',	'02:15:41',	24,	NULL,	'O5 BK Furča Košice'),
(2039,	46,	569,	'M',	'02:21:15',	29,	NULL,	'Active life'),
(2040,	46,	570,	'M',	'02:19:13',	30,	NULL,	'Mesto Sečovce'),
(2041,	46,	571,	'M',	'02:08:04',	30,	NULL,	'Železnice Slovenskej republiky'),
(2042,	46,	572,	'X',	'01:53:25',	10,	NULL,	'bez príslušnosti'),
(2043,	46,	573,	'X',	'01:42:00',	10,	NULL,	'bez príslušnosti'),
(2044,	46,	574,	'X',	'02:07:17',	16,	NULL,	'BK Pesa Kosice'),
(2045,	46,	575,	'X',	'01:55:26',	23,	NULL,	'O5 BK Furča Košice'),
(2046,	46,	576,	'X',	'02:15:59',	23,	NULL,	'pre zdravie'),
(2047,	46,	577,	'X',	'02:24:22',	26,	NULL,	'Stropkov'),
(2048,	46,	578,	'X',	'01:50:18',	26,	NULL,	'Stropkov'),
(2049,	46,	579,	'X',	'02:06:15',	28,	NULL,	'valsport'),
(2050,	46,	580,	'X',	'02:09:27',	32,	NULL,	'FREE RUNNERS'),
(2051,	46,	581,	'Ž',	'01:59:56',	25,	NULL,	'Prešov'),
(2052,	46,	582,	'Ž',	'02:21:03',	31,	NULL,	'Prešov'),
(2053,	46,	583,	'Ž',	'02:14:59',	31,	NULL,	'Prešov'),
(2054,	47,	584,	'B',	'03:22:47',	4,	'32',	'arbe team'),
(2055,	47,	585,	'A',	'03:25:00',	5,	'3',	'LafargeHolcim'),
(2056,	47,	586,	'A',	'04:19:22',	25,	'12',	'KE-GHETTO'),
(2057,	47,	587,	'B',	'04:21:43',	26,	'24',	'O5 BK Furča - Košice'),
(2058,	47,	588,	'C',	'05:09:10',	43,	'41',	'Žilina'),
(2059,	47,	589,	'C',	'05:30:47',	45,	'45',	'Humenné'),
(2060,	47,	590,	'A',	'00:00:00',	49,	'4',	'Dusan Drabik');

DROP TABLE IF EXISTS `role`;
CREATE TABLE `role` (
  `id` bigint(20) NOT NULL,
  `name` varchar(255) DEFAULT NULL,
  PRIMARY KEY (`id`)
) ENGINE=MyISAM DEFAULT CHARSET=latin1;


DROP TABLE IF EXISTS `run`;
CREATE TABLE `run` (
  `id` int(11) NOT NULL AUTO_INCREMENT,
  `edition` int(11) DEFAULT NULL,
  `name` varchar(255) CHARACTER SET utf8 COLLATE utf8_unicode_ci DEFAULT NULL,
  `run_date` date DEFAULT NULL,
  `event_id` int(11) NOT NULL,
  PRIMARY KEY (`id`),
  KEY `FKhi4ccm2u573vbqakv70fxyw1o` (`event_id`)
) ENGINE=InnoDB DEFAULT CHARSET=latin1;

INSERT INTO `run` (`id`, `edition`, `name`, `run_date`, `event_id`) VALUES
(2,	0,	'Štafetový maratón mmmmm',	'2003-03-14',	3),
(3,	1,	'Furčiansky maratón',	'2004-03-20',	1),
(4,	1,	'Štafetový maratón',	'2004-03-20',	3),
(5,	1,	'eXtrém maratón',	'2004-07-17',	2),
(6,	2,	'Furčiansky maratón',	'2005-03-26',	1),
(7,	2,	'Štafetový maratónhhhhyyy',	'2005-03-26',	3),
(8,	2,	'eXtrém maratón',	'2005-07-30',	2),
(9,	3,	'Furčiansky maratón',	'2006-03-26',	1),
(10,	3,	'Štafetový maratón',	'2006-03-26',	3),
(11,	3,	'eXtrém maratón',	'2006-07-29',	2),
(12,	4,	'Furčiansky maratón',	'2007-03-24',	1),
(13,	4,	'Štafetový maratón',	'2007-03-24',	3),
(14,	4,	'eXtrém maratón',	'2007-07-28',	2),
(15,	5,	'Furčiansky maratón',	'2008-03-22',	1),
(16,	5,	'Štafetový maratónwwwwww',	'2008-03-22',	3),
(17,	5,	'eXtrém maratón',	'2008-07-26',	2),
(18,	6,	'Furčiansky maratón',	'2009-03-21',	1),
(19,	6,	'Štafetový maratóngggeee',	'2009-03-21',	3),
(20,	6,	'eXtrém maratón',	'2009-07-25',	2),
(21,	7,	'Furčiansky maratón',	'2010-03-20',	1),
(22,	7,	'Štafetový maratón',	'2010-03-20',	3),
(23,	7,	'eXtrém maratón',	'2010-07-24',	2),
(24,	8,	'Furčiansky maratón',	'2011-04-09',	1),
(25,	8,	'Štafetový maratónxxx ppppp',	'2011-04-09',	3),
(26,	8,	'eXtrém maratón',	'2011-07-23',	2),
(27,	9,	'Furčiansky maratón',	'2012-04-14',	1),
(28,	9,	'Štafetový maratón',	'2012-04-14',	3),
(29,	9,	'eXtrém maratón',	'2012-07-28',	2),
(30,	10,	'Furčiansky maratón',	'2013-04-13',	1),
(31,	10,	'Štafetový maratón',	'2013-04-13',	3),
(32,	10,	'eXtrém maratón',	'2013-07-27',	2),
(33,	11,	'Furčiansky maratón',	'2014-04-12',	1),
(34,	11,	'Štafetový maratón',	'2014-04-12',	3),
(35,	11,	'eXtrém maratón',	'2014-07-26',	2),
(36,	12,	'Furčiansky maratón',	'2015-04-11',	1),
(37,	12,	'Štafetový maratónxxbb',	'2015-04-11',	3),
(38,	12,	'eXtrém maratón',	'2015-07-25',	2),
(39,	13,	'Furčiansky maratón',	'2016-04-09',	1),
(40,	13,	'Štafetový maratón',	'2016-05-09',	3),
(41,	13,	'eXtrém maratón',	'2016-07-23',	2),
(42,	14,	'Furčiansky maratón',	'2017-04-08',	1),
(43,	14,	'Štafetový maratón',	'2017-04-08',	3),
(44,	14,	'eXtrém maratón',	'2017-07-29',	2),
(45,	15,	'Furčiansky maratón',	'2018-04-14',	1),
(46,	15,	'Štafetový maratón',	'2018-04-14',	3),
(47,	15,	'eXtrém maratón',	'2018-07-28',	2),
(245,	9,	'bsss',	NULL,	15),
(247,	9,	'stvrty',	NULL,	15),
(251,	4,	'yyyy',	NULL,	15);

DROP TABLE IF EXISTS `runner`;
CREATE TABLE `runner` (
  `id` int(11) NOT NULL,
  `birthday` date DEFAULT NULL,
  `first_name` varchar(255) COLLATE utf8_unicode_ci DEFAULT NULL,
  `last_name` varchar(255) COLLATE utf8_unicode_ci DEFAULT NULL,
  PRIMARY KEY (`id`)
) ENGINE=MyISAM DEFAULT CHARSET=utf8 COLLATE=utf8_unicode_ci;

INSERT INTO `runner` (`id`, `birthday`, `first_name`, `last_name`) VALUES
(1,	'1953-01-01',	'Pavol',	'Obraz'),
(2,	'1965-01-01',	'Rudolf',	'Lorenčik'),
(3,	'1957-01-01',	'Tibor',	'Tisza'),
(4,	'1954-01-01',	'Karol',	'Labaš'),
(5,	'1946-01-01',	'Juraj',	'Fotul'),
(6,	'1975-01-01',	'František',	'Svatoň'),
(7,	'1959-01-01',	'Juraj',	'Kurucz'),
(8,	'1955-01-01',	'Jozef',	'Vrabeľ'),
(9,	'1947-01-01',	'Jaroslav',	'Horný'),
(10,	'1977-01-01',	'Peter',	'Jendželovský'),
(11,	'1960-01-01',	'Zdeněk',	'Bohuněk'),
(12,	'1956-01-01',	'Gabriel',	'Nepko'),
(13,	'1950-01-01',	'Milan',	'Furín'),
(14,	'1957-01-01',	'František',	'Semanko'),
(15,	'1976-01-01',	'Pavel',	'Korotvička'),
(16,	'1964-01-01',	'Andrej',	'Leder'),
(17,	'1954-01-01',	'Imrich',	'Mihok'),
(18,	'1957-01-01',	'Alžbeta',	'Tiszová'),
(19,	'1955-01-01',	'Jozef',	'Malejčík'),
(20,	'1978-01-01',	'Marek',	'Takáč'),
(21,	'1975-01-01',	'Dušan',	'Gyůre'),
(22,	'1966-01-01',	'Gabriel',	'Revák'),
(23,	'1963-01-01',	'Peter',	'Štofanik'),
(24,	'1950-01-01',	'Jozef',	'Mikula'),
(25,	'1942-01-01',	'Eugen',	'Pastor'),
(26,	'1948-01-01',	'Ján',	'Saksa'),
(27,	'1949-01-01',	'Bohumil',	'Fortuna'),
(28,	'1950-01-01',	'Štefan',	'Štempel'),
(29,	'1953-01-01',	'František',	'Gréč'),
(30,	'1978-01-01',	'Ľubomír',	'Mackanič'),
(31,	'1981-01-01',	'Róbert',	'Holub'),
(32,	'1948-01-01',	'Ľudovít',	'Parilák'),
(33,	'1954-01-01',	'Ján',	'Mičko'),
(34,	'1971-01-01',	'Slavomír',	'Lindvai'),
(35,	'1963-01-01',	'Róbert',	'Tatrai'),
(36,	'1964-01-01',	'František',	'Kandra'),
(37,	'1953-01-01',	'Peter',	'Bačík'),
(38,	'1958-01-01',	'Ľubomír',	'Kiš'),
(39,	'1965-01-01',	'Peter',	'Seman'),
(40,	'1947-01-01',	'Alexander',	'Simon'),
(41,	'1946-01-01',	'Michal',	'Krivda'),
(42,	'1974-01-01',	'Róbert',	'Mako'),
(43,	'1973-01-01',	'Peter',	'Benedik'),
(44,	'1941-01-01',	'Jaroslav',	'Kabelík'),
(45,	'1944-01-01',	'Vojtech',	'Majerčák'),
(46,	'1937-01-01',	'Zdenek',	'Kopecký'),
(47,	'1947-01-01',	'Jozef',	'Teniak'),
(48,	'1953-01-01',	'Otto',	'Seitl'),
(49,	'1933-01-01',	'Andrej',	'Juhás'),
(50,	'1973-01-01',	'Milan',	'Ondričko'),
(51,	'1969-01-01',	'Peter',	'Korotvička'),
(52,	'1965-01-01',	'František',	'Smriga'),
(53,	'1963-01-01',	'Emil',	'Repák'),
(54,	'1963-01-01',	'Vladimír',	'Balog'),
(55,	'1963-01-01',	'Peter',	'Jurdák'),
(56,	'1962-01-01',	'Jaroslav',	'Takács'),
(57,	'1949-01-01',	'Jozef',	'Hromjak'),
(58,	'1974-01-01',	'Imrich',	'Pástor'),
(59,	'1980-01-01',	'Peter',	'Hajduk'),
(60,	'1948-01-01',	'Milan',	'Lacko'),
(61,	'1974-01-01',	'Rastislav',	'Horňák'),
(62,	'1946-01-01',	'Michal',	'Sepeši'),
(63,	'1976-01-01',	'Alena',	'Oberleová'),
(64,	'1946-01-01',	'Michal',	'Krivák'),
(65,	'1970-01-01',	'Róbert',	'Rusnák'),
(66,	'1951-01-01',	'Andrej',	'Alezar'),
(67,	'1961-01-01',	'Igor',	'Heleš'),
(68,	'1964-01-01',	'Miroslav',	'Pavlacký'),
(69,	'1949-01-01',	'Ján',	'Štekauer'),
(70,	'1957-01-01',	'Miroslav',	'KriŠko'),
(71,	'1965-01-01',	'Rastislav',	'Štenda'),
(72,	'1952-01-01',	'Václav',	'Krejsa'),
(73,	'1939-01-01',	'Jiří',	'Březina'),
(74,	'1949-01-01',	'Miroslav',	'Krumer'),
(75,	'1949-01-01',	'Peter',	'Pavuk'),
(76,	'1958-01-01',	'Jaroslav',	'Šašek'),
(77,	'1974-01-01',	'Leszek',	'Naziemiec'),
(78,	'1944-01-01',	'Josef',	'TuČek'),
(79,	'1942-01-01',	'Ján',	'SemanÍk'),
(80,	'1951-01-01',	'Jozef',	'HlÁvka'),
(81,	'1949-01-01',	'Andras',	'Maczo'),
(82,	'1981-01-01',	'Peter',	'Oslanec'),
(83,	'1967-01-01',	'Vladimír',	'Stopka'),
(84,	'1981-01-01',	'Jaroslav',	'Pancurák'),
(85,	'1954-01-01',	'Ján',	'Maňak'),
(86,	'1967-01-01',	'Róbert',	'NemČÍk'),
(87,	'1947-01-01',	'Emil',	'Hudák'),
(88,	'1959-01-01',	'Peter',	'Buc'),
(89,	'1965-01-01',	'Ivan',	'Puškar'),
(90,	'1965-01-01',	'Ján',	'Cetner'),
(91,	'1959-01-01',	'Zdenek',	'Belko'),
(92,	'1961-01-01',	'Ernest',	'Exenberger'),
(93,	'1957-01-01',	'Vladimír',	'Hirjak'),
(94,	'1961-01-01',	'Jozef',	'Klimčák'),
(95,	'1961-01-01',	'Gabriel',	'Sabo'),
(96,	'1969-01-01',	'Marek',	'Kaintz'),
(97,	'1972-01-01',	'Zdenko',	'Krasnay'),
(98,	'1959-01-01',	'Jaroslav',	'Saksa'),
(99,	'1942-01-01',	'Pavol',	'Haluška'),
(100,	'1960-01-01',	'Róbert',	'Ružbašan'),
(101,	'1956-01-01',	'Vojtech',	'Vandlík'),
(102,	'1948-01-01',	'Peter',	'Polák'),
(103,	'1942-01-01',	'Andrej',	'Baran'),
(104,	'1957-01-01',	'štefan',	'Hvizdoš'),
(105,	'1970-01-01',	'Gabriel',	'Kemény'),
(106,	'1979-01-01',	'Karol',	'Vargaeštok'),
(107,	'1958-01-01',	'Milan',	'Kočan'),
(108,	'1950-01-01',	'Michal',	'Lajtár'),
(109,	'1963-01-01',	'Vladimír',	'Balogh'),
(110,	'1961-01-01',	'Petr',	'Hrček'),
(111,	'1965-01-01',	'Štefan',	'Marton'),
(112,	'1976-01-01',	'Ondrej',	'Evin'),
(113,	'1966-01-01',	'Ján',	'Tirpák'),
(114,	'1957-01-01',	'Milan',	'Hrušovský'),
(115,	'1955-01-01',	'Gejza',	'Vargaeštok'),
(116,	'1952-01-01',	'Peter',	'Slanina'),
(117,	'1948-01-01',	'Eva',	'Seidlová'),
(118,	'1972-01-01',	'Róbert',	'Raffáč'),
(119,	'1972-01-01',	'Pavol',	'Haky'),
(120,	'1967-01-01',	'Ivan',	'Centko'),
(121,	'1959-01-01',	'Zoltán',	'Dancák'),
(122,	'1967-01-01',	'Pavol',	'Sopko'),
(123,	'1977-01-01',	'Valér',	'Karafa'),
(124,	'1975-01-01',	'Peter',	'Múdry'),
(125,	'1979-01-01',	'Zuzana',	'Sroková'),
(126,	'1978-01-01',	'Karol',	'Sroka'),
(127,	'1977-01-01',	'Marek',	'Takač'),
(128,	'1950-01-01',	'František',	'Matej'),
(129,	'1972-01-01',	'Štefan',	'Baloga'),
(130,	'1967-01-01',	'Jaroslav',	'Baloga'),
(131,	'1962-01-01',	'Stanislav',	'Sviatko'),
(132,	'1969-01-01',	'Dušan ml..',	'Kutnar'),
(133,	'1942-01-01',	'Dušan st.',	'Kutnar'),
(134,	'1955-01-01',	'Pavol',	'Závacky'),
(135,	'1941-01-01',	'Andrej',	'Guľváš'),
(136,	'1940-01-01',	'Mikuláš',	'Varchola'),
(137,	'1974-01-01',	'Henrietta',	'Molnárová'),
(138,	'1971-01-01',	'Magdaléna',	'Molčanová'),
(139,	'1969-01-01',	'Slávka',	'Halasová'),
(140,	'1963-01-01',	'Ľudmila',	'Falisová'),
(141,	'1976-01-01',	'Radoslav',	'Pauliny'),
(142,	'1971-01-01',	'Peter',	'Hus'),
(143,	'1972-01-01',	'Josef',	'Kubále'),
(144,	'1971-01-01',	'Rastislav',	'Trocha'),
(145,	'1973-01-01',	'Tomáš',	'Krajňák'),
(146,	'1966-01-01',	'František',	'Horváth'),
(147,	'1972-01-01',	'Eva',	'Hatalová'),
(148,	'1965-01-01',	'Mitchell',	'Radella'),
(149,	'1982-01-01',	'Markéta',	'Muzyková'),
(150,	'1951-01-01',	'Jozef',	'Čurlej'),
(151,	'1964-01-01',	'Ladislav',	'Čider'),
(152,	'1964-01-01',	'Rastislav',	'Fotta'),
(153,	'1962-01-01',	'Luu',	'Nguyen'),
(154,	'1975-01-01',	'Ananda-lahari',	'Zuščin'),
(155,	'1963-01-01',	'Ondrej',	'Chabada'),
(156,	'1951-01-01',	'František',	'Gallik'),
(157,	'1954-01-01',	'Ján',	'Pavkovček'),
(158,	'1944-01-01',	'Anton',	'Gombár'),
(159,	'1984-01-01',	'Jaroslav',	'Máčala'),
(160,	'1974-01-01',	'Kamil',	'Zajac'),
(161,	'1968-01-01',	'Milan',	'Kurák'),
(162,	'1986-01-01',	'Jozef',	'Urban'),
(163,	'1988-01-01',	'Peter',	'Suchý'),
(164,	'1961-01-01',	'Stanislav',	'Ďuriga'),
(165,	'1958-01-01',	'Pavel',	'Prokipčák'),
(166,	'1950-01-01',	'Bartolomej',	'Ficzere'),
(167,	'1964-01-01',	'Ladislav',	'Smoroň'),
(168,	'1975-01-01',	'Adrian',	'Dovala'),
(169,	'1976-01-01',	'Marek',	'Uličný'),
(170,	'1977-01-01',	'Peter',	'Soľár'),
(171,	'1980-01-01',	'Ján',	'Liščinský'),
(172,	'1981-01-01',	'Adams',	'Jeremy'),
(173,	'1951-01-01',	'Peter',	'Azari'),
(174,	'1991-01-01',	'Pavol',	'Dubovský'),
(175,	'1989-01-01',	'Marek',	'Baloga'),
(176,	'1975-01-01',	'Igor',	'Breznen'),
(177,	'1956-01-01',	'Jozef',	'Hudák'),
(178,	'1960-01-01',	'Ľubomír',	'Pavlov'),
(179,	'1962-01-01',	'Vlastislav',	'Krenický'),
(180,	'1982-01-01',	'Tibor',	'Bomba'),
(181,	'1979-01-01',	'Marcel',	'Kecer'),
(182,	'1959-01-01',	'Eva',	'Berníková'),
(183,	'1967-01-01',	'Peter',	'Vaska'),
(184,	'1945-01-01',	'Ladislav',	'Hudák'),
(185,	'1954-01-01',	'Ondrej',	'Biacovský'),
(186,	'1943-01-01',	'Gerard',	'Parilák'),
(187,	'1951-01-01',	'Michal',	'Urban'),
(188,	'1965-01-01',	'Michal',	'Krišťak'),
(189,	'1975-01-01',	'Renáta',	'Horňáková'),
(190,	'1961-01-01',	'Miloš',	'Jakab'),
(191,	'1953-01-01',	'Fero',	'Greč'),
(192,	'1980-01-01',	'Vojtech',	'Spišák'),
(193,	'1982-01-01',	'Darina',	'Straková'),
(194,	'1981-01-01',	'Jill',	'Mcguire'),
(195,	'1967-01-01',	'David',	'Nagy'),
(196,	'1963-01-01',	'Danica',	'Božová'),
(197,	'1951-01-01',	'Ladislav',	'Boszormenyi'),
(198,	'1961-01-01',	'Štefan',	'Racz'),
(199,	'1971-01-01',	'Miroslav',	'Tomčány'),
(200,	'1963-01-01',	'Radomír',	'Šnevajs'),
(201,	'1963-01-01',	'Ladislav',	'Maras'),
(202,	'1954-01-01',	'Vladimír',	'Krčmárik'),
(203,	'1975-01-01',	'Martin',	'Habura'),
(204,	'1960-01-01',	'Aleksy',	'Szablicki'),
(205,	'1979-01-01',	'Magdalena',	'Raczynska'),
(206,	'1975-01-01',	'Radomír',	'Ivaňák'),
(207,	'1988-01-01',	'Igor',	'Vaktor'),
(208,	'1983-01-01',	'Tomáš',	'Ruskovsky'),
(209,	'1965-01-01',	'Jozef',	'Juro'),
(210,	'1981-01-01',	'Erik',	'Onofrej'),
(211,	'1954-01-01',	'Vladimír',	'Šmida'),
(212,	'1962-01-01',	'Ján',	'Šalata'),
(213,	'1983-01-01',	'Richard',	'Zvolánek'),
(214,	'1962-01-01',	'Karol',	'Lukáč'),
(215,	'1962-01-01',	'Peter',	'Janovič'),
(216,	'1971-01-01',	'Iveta',	'Vargova'),
(217,	'1978-01-01',	'Katarína',	'Azariová'),
(218,	'1980-01-01',	'Beáta',	'Seligová'),
(219,	'1905-01-01',	'Dušan',	'Horňák'),
(220,	'1983-01-01',	'Richard',	'Baczo'),
(221,	'1984-01-01',	'Marek',	'Vranec'),
(222,	'1975-01-01',	'Róbert',	'Spišiak'),
(223,	'1976-01-01',	'Július',	'Kaľavský'),
(224,	'1959-01-01',	'Ján',	'Švagrovský'),
(225,	'1951-01-01',	'Petr',	'Kuchar'),
(226,	'1953-01-01',	'Peter',	'Kalmus'),
(227,	'1963-01-01',	'Ľuboš',	'Nemec'),
(228,	'1974-01-01',	'Ľuboslav',	'Mikolaj'),
(229,	'1965-01-01',	'Ján',	'Tohol'),
(230,	'1963-01-01',	'Krysztof',	'Krok'),
(231,	'1944-01-01',	'Otakar',	'Pachmann'),
(232,	'1972-01-01',	'Martin',	'Šmida'),
(233,	'1975-01-01',	'Marek',	'Nemčík'),
(234,	'1977-01-01',	'Jozef',	'Szabó'),
(235,	'1970-01-01',	'Michal',	'Ivančo'),
(236,	'1969-01-01',	'Vladislav',	'Lipovský'),
(237,	'1991-01-01',	'Erik',	'Repák'),
(238,	'1961-01-01',	'Jozef',	'Sciranko'),
(239,	'1974-01-01',	'Slavomír',	'Láska'),
(240,	'1966-01-01',	'Ondrej',	'Želasko'),
(241,	'1982-01-01',	'Zuzana',	'Hegedušová'),
(242,	'1983-01-01',	'Stanislav',	'Zeleňák'),
(243,	'1971-01-01',	'Ján',	'Krajčí'),
(244,	'1980-01-01',	'Rudolf',	'Verba'),
(245,	'1953-01-01',	'Jozef',	'Vargovič'),
(246,	'1953-01-01',	'Ladislav',	'Rada'),
(247,	'1979-01-01',	'Zuzana',	'Korotvičková'),
(248,	'1987-01-01',	'Marek',	'Nagy'),
(249,	'1982-01-01',	'Jana',	'Hvirdáková'),
(250,	'1963-01-01',	'Jozef',	'Koniar'),
(251,	'1968-01-01',	'Jozef',	'Mičko'),
(252,	'1954-01-01',	'Peter',	'Vilhan'),
(253,	'1979-01-01',	'Martin',	'Zrník'),
(254,	'1964-01-01',	'Rastislav',	'Marek'),
(255,	'1973-01-01',	'Dušan',	'Uram'),
(256,	'1956-01-01',	'Ján',	'Futkoš'),
(257,	'1971-01-01',	'Jiří',	'Doucha'),
(258,	'1975-01-01',	'Tomas',	'Mady'),
(259,	'1964-01-01',	'Jánoš',	'Bogár'),
(260,	'1963-01-01',	'Cyril',	'Bohunicky'),
(261,	'1978-01-01',	'Dušan',	'Galajda'),
(262,	'1956-01-01',	'Jozef',	'Vrábel'),
(263,	'1946-01-01',	'Július',	'Smolár'),
(264,	'1984-01-01',	'Matúš',	'Rodák'),
(265,	'1956-01-01',	'Pavol',	'Kačala'),
(266,	'1977-01-01',	'Miroslav',	'Vostrý'),
(267,	'1980-01-01',	'Viktor',	'Vaitovič'),
(268,	'1958-01-01',	'Vladimír',	'Pribula'),
(269,	'1975-01-01',	'Tomáš',	'Mády'),
(270,	'1949-01-01',	'Milan',	'Palko'),
(271,	'1958-01-01',	'Zlata',	'Semanová'),
(272,	'1971-01-01',	'Slavomír',	'Radomský'),
(273,	'1951-01-01',	'Pavol',	'Kincel'),
(274,	'1973-01-01',	'Igor',	'Vančišin'),
(275,	'1966-01-01',	'Ondrej',	'Zelasko'),
(276,	'1977-01-01',	'Miroslav',	'Hric'),
(277,	'1971-01-01',	'Vlastimil',	'Horný'),
(278,	'1985-01-01',	'Jaroslav',	'Ružinský'),
(279,	'1960-01-01',	'Jaroslav',	'Ružinský'),
(280,	'1956-01-01',	'Peter',	'Gombita'),
(281,	'1956-01-01',	'Ján',	'Tomčo'),
(282,	'1961-01-01',	'Marián',	'Konštantinovič'),
(283,	'1964-01-01',	'Jozef',	'Fila'),
(284,	'1959-01-01',	'Jozef',	'Šándor'),
(285,	'1953-01-01',	'Štefan',	'Brinda'),
(286,	'1980-01-01',	'Natália',	'Valkošáková'),
(287,	'1965-01-01',	'Marek',	'Dziedziak'),
(288,	'1975-01-01',	'František',	'Kaňa'),
(289,	'1978-01-01',	'Ivan',	'Seman'),
(290,	'1979-01-01',	'Miriam',	'Galajdová'),
(291,	'1991-01-01',	'Patrik',	'Vyšňovský'),
(292,	'1964-01-01',	'Jaroslav',	'Pavlov'),
(293,	'1972-01-01',	'Alena',	'Ledecká'),
(294,	'1957-01-01',	'Helena',	'Sokolová'),
(295,	'1899-01-01',	'Matej',	'Boroš'),
(296,	'2003-01-01',	'Marko',	'Boroš'),
(297,	'1964-01-01',	'František',	'Michalička'),
(298,	'1982-01-01',	'Jozef',	'Lorinc'),
(299,	'1953-01-01',	'Jozef',	'Tomečko'),
(300,	'1983-01-01',	'Erik',	'Seman'),
(301,	'1958-01-01',	'Ivan',	'Ďurkovský'),
(302,	'1950-01-01',	'Štefan',	'Polc'),
(303,	'1953-01-01',	'Miroslav',	'Gerec'),
(304,	'1981-01-01',	'Marián',	'Petrík'),
(305,	'1974-01-01',	'Jaroslav',	'Gerec'),
(306,	'1971-01-01',	'Martin',	'Mirda'),
(307,	'1989-01-01',	'Stanislav',	'Mácha'),
(308,	'1968-01-01',	'Mária',	'Semanová'),
(309,	'1988-01-01',	'Richard',	'Dečo'),
(310,	'1980-01-01',	'Richard',	'Lacko'),
(311,	'1966-01-01',	'Jozef',	'Šoltés'),
(312,	'1968-01-01',	'Peter',	'Vaško'),
(313,	'1974-01-01',	'Jozef',	'Jaššo'),
(314,	'1968-01-01',	'Marián',	'Vlček'),
(315,	'1985-01-01',	'Lenka',	'Kukurová'),
(316,	'1961-01-01',	'Miloš',	'Novák'),
(317,	'1971-01-01',	'Peter',	'Grusz'),
(318,	'1978-01-01',	'Andrej',	'Ferko'),
(319,	'1982-01-01',	'Mikuláš',	'Lukáč'),
(320,	'1952-01-01',	'Mária',	'Kleinová'),
(321,	'1972-01-01',	'Jozef',	'Šeliga'),
(322,	'1977-01-01',	'Andrea',	'Kaňová'),
(323,	'1988-01-01',	'Petra',	'Pitoňáková'),
(324,	'1990-01-01',	'Martin',	'Pitoňák'),
(325,	'1977-01-01',	'Júlia',	'Mullerová'),
(326,	'1949-01-01',	'Anton',	'Vojtičko'),
(327,	'1953-01-01',	'Drago',	'Boroja'),
(328,	'1976-01-01',	'Hubert',	'Wierdak'),
(329,	'1965-01-01',	'Bogdan',	'Kustroń'),
(330,	'1967-01-01',	'Jozef',	'Molčan'),
(331,	'1973-01-01',	'Jan',	'Sinar'),
(332,	'1977-01-01',	'Jacek',	'Staroń'),
(333,	'1970-01-01',	'Branislav',	'Benko'),
(334,	'1974-01-01',	'Marian',	'Franc'),
(335,	'1952-01-01',	'Tibor',	'Huszár'),
(336,	'1962-01-01',	'Miroslav',	'Telepovský'),
(337,	'1961-01-01',	'Gejza',	'Sabanoš'),
(338,	'1956-01-01',	'Jaroslav',	'Kopčák'),
(339,	'1979-01-01',	'Peter',	'Gallik'),
(340,	'1973-01-01',	'Branislav',	'Klobošič'),
(341,	'1976-01-01',	'Peter',	'Chytil'),
(342,	'1976-01-01',	'Slavomir',	'Mitro'),
(343,	'1985-01-01',	'Szymon',	'Gryboš'),
(344,	'1986-01-01',	'Michal',	'Dečo'),
(345,	'1983-01-01',	'Richard',	'Štraus'),
(346,	'1987-01-01',	'Tomáš',	'Rosival'),
(347,	'1976-01-01',	'Tomáš',	'Tache'),
(348,	'1984-01-01',	'Erik',	'Švagrovský'),
(349,	'1963-01-01',	'Michal',	'Kostik'),
(350,	'1974-01-01',	'Rastislav',	'Paňko'),
(351,	'1976-01-01',	'Andrea',	'Repková'),
(352,	'1971-01-01',	'Marián',	'Rybár'),
(353,	'1969-01-01',	'Miroslav',	'Pacovsky'),
(354,	'1972-01-01',	'Peter',	'Varga'),
(355,	'1974-01-01',	'Pavel',	'Varga'),
(356,	'1977-01-01',	'Zuzana',	'Bradovková'),
(357,	'1964-01-01',	'Miroslav',	'Majerčák'),
(358,	'1982-01-01',	'Jaroslav',	'Palkovič'),
(359,	'1989-01-01',	'Michal',	'Hudák'),
(360,	'1976-01-01',	'Ladislav',	'Barger'),
(361,	'1954-01-01',	'Michal',	'Rusnák'),
(362,	'1951-01-01',	'Jan',	'Vaľo'),
(363,	'1961-01-01',	'Peter',	'Valach'),
(364,	'1988-01-01',	'Marek',	'Vojtko'),
(365,	'1966-01-01',	'Milan',	'Fujerík'),
(366,	'1974-01-01',	'Kamil',	'Mako'),
(367,	'1973-01-01',	'Pavol',	'Hajduk'),
(368,	'1965-01-01',	'Ján',	'Kucharík'),
(369,	'1960-01-01',	'Roman',	'Tománek'),
(370,	'1961-01-01',	'Miroslav',	'Vacula'),
(371,	'1974-01-01',	'Juraj',	'Karčák'),
(372,	'1979-01-01',	'Milan',	'Ivan'),
(373,	'1972-01-01',	'Ľubomír',	'Rada'),
(374,	'1970-01-01',	'Judit',	'Csomósová'),
(375,	'1967-01-01',	'Marián',	'Kundrat'),
(376,	'1980-01-01',	'Michal',	'Lacko'),
(377,	'1983-01-01',	'Martin',	'Justiňák'),
(378,	'1954-01-01',	'Ján',	'Strompl'),
(379,	'1970-01-01',	'Štefan',	'Daňo'),
(380,	'1974-01-01',	'Janette',	'Mudra'),
(381,	'1982-01-01',	'Zuzana',	'Zeleňáková'),
(382,	'1995-01-01',	'Timotej',	'Fotta'),
(383,	'1965-01-01',	'Andrej',	'Cibulka'),
(384,	'1979-01-01',	'Eduard',	'Juhan'),
(385,	'1974-01-01',	'Marek',	'Brziak'),
(386,	'1981-01-01',	'Igor',	'Onuska'),
(387,	'1989-01-01',	'Peter',	'Lumnitzer'),
(388,	'1976-01-01',	'Rastislav',	'Ignácz'),
(389,	'1963-01-01',	'Erika',	'Billá'),
(390,	'1975-01-01',	'Eva',	'Marková'),
(391,	'1960-01-01',	'Štefan',	'Benedik'),
(392,	'1954-01-01',	'Ján',	'Imling'),
(393,	'1973-01-01',	'Elo',	'Kulík'),
(394,	'1994-01-01',	'Simona',	'Čalfová'),
(395,	'1980-01-01',	'Andrea',	'Pavlovská'),
(396,	'1969-01-01',	'Lenka',	'Královská'),
(397,	'1976-01-01',	'Róbert',	'Leskovjanský'),
(398,	'1972-01-01',	'Drahomír',	'Polák'),
(399,	'1975-01-01',	'Michal',	'Safko'),
(400,	'1976-01-01',	'Tomáš',	'Mlynarčík'),
(401,	'1980-01-01',	'Erik',	'Hoffmann'),
(402,	'1982-01-01',	'Ladislav',	'Korenyik'),
(403,	'1987-01-01',	'Matej',	'Orság'),
(404,	'1971-01-01',	'Eduard',	'Maguth'),
(405,	'1991-01-01',	'Michal',	'Mikula'),
(406,	'1974-01-01',	'Ján',	'Tužinčin'),
(407,	'1988-01-01',	'Roman',	'Frnčo'),
(408,	'1964-01-01',	'Rudolf',	'Dzuren'),
(409,	'1981-01-01',	'Martin',	'Turiak'),
(410,	'1980-01-01',	'Martin',	'Parilák'),
(411,	'1959-01-01',	'Vladimír',	'Sabol'),
(412,	'1978-01-01',	'Jozef',	'Švarný'),
(413,	'1963-01-01',	'Barakad',	'Imad'),
(414,	'1989-01-01',	'Stefan',	'Nitkulinec'),
(415,	'1966-01-01',	'Miroslav',	'Ivančo'),
(416,	'1977-01-01',	'Andrej',	'Pudelský'),
(417,	'1966-01-01',	'Michal',	'Kulik'),
(418,	'1985-01-01',	'Marián',	'Hurajt'),
(419,	'1979-01-01',	'Alexander',	'Varga'),
(420,	'1975-01-01',	'Žaneta',	'Matulová'),
(421,	'1971-01-01',	'Jana',	'Burjáková'),
(422,	'1963-01-01',	'Milan',	'Silvester'),
(423,	'1989-01-01',	'Livia',	'Kundracova'),
(424,	'1999-01-01',	'František',	'Sekelský'),
(425,	'1964-01-01',	'Janka',	'Fottová'),
(426,	'1977-01-01',	'Viktor',	'Menyhert'),
(427,	'1970-01-01',	'Milan',	'Sepesi'),
(428,	'1981-01-01',	'Jozef',	'Čurlej'),
(429,	'1985-01-01',	'Mário',	'Šlosár'),
(430,	'1968-01-01',	'Peter',	'Čižmár'),
(431,	'1960-01-01',	'Ildikó',	'Varga'),
(432,	'1973-01-01',	'Martin',	'Martinko'),
(433,	'1975-01-01',	'Karol',	'Csiba'),
(434,	'1949-01-01',	'Anton',	'Vojtiško'),
(435,	'1985-01-01',	'Dávid',	'Kaško'),
(436,	'1982-01-01',	'Zlatko',	'Marko'),
(437,	'1972-01-01',	'Štefan',	'Blanár'),
(438,	'1974-01-01',	'František',	'Prachár'),
(439,	'1987-01-01',	'Radoslav',	'Polaček'),
(440,	'1993-01-01',	'Dominik',	'Jakubkovič'),
(441,	'1974-01-01',	'Alexander',	'Kopčik'),
(442,	'1991-01-01',	'Michal',	'Maťašovský'),
(443,	'1992-01-01',	'Emil',	'Henček'),
(444,	'1984-01-01',	'Michal',	'Chudý'),
(445,	'1981-01-01',	'Lucia',	'Iľková'),
(446,	'1972-01-01',	'Mahuliena',	'Krištanová'),
(447,	'1986-01-01',	'Zdenko',	'Timulak'),
(448,	'1976-01-01',	'Norbert',	'Tarbaj'),
(449,	'1972-01-01',	'Tomáš',	'Straka'),
(450,	'1982-01-01',	'Matuš',	'Chovanec'),
(451,	'1980-01-01',	'Peter',	'Chovanec'),
(452,	'1986-01-01',	'Mária',	'Prokipčáková'),
(453,	'1967-01-01',	'Slavomír',	'Senderák'),
(454,	'1900-01-01',	'Ondrej',	'Mikula'),
(455,	'1967-01-01',	'Stanislav',	'Fabrici'),
(456,	'1986-01-01',	'Matúš',	'Marcin'),
(457,	'1976-01-01',	'Lívia',	'Ksenicova'),
(458,	'1981-01-01',	'Rastislav',	'Skubeň'),
(459,	'1949-01-01',	'Štefan',	'Švec'),
(460,	'1947-01-01',	'Jozef ivan',	'Teniak'),
(461,	'1968-01-01',	'Orest',	'Babjak'),
(462,	'1983-01-01',	'Richard',	'Stohl'),
(463,	'1967-01-01',	'Pavol',	'Dubovský'),
(464,	'1979-01-01',	'Lukáš',	'Jureňa'),
(465,	'1970-01-01',	'Norbert',	'Bukovič'),
(466,	'1981-01-01',	'Vlado',	'Fricky'),
(467,	'1958-01-01',	'Zlatka',	'Semanova'),
(468,	'1988-01-01',	'Silvia',	'Kubínová'),
(469,	'1985-01-01',	'Michal',	'Libiček'),
(470,	'1966-01-01',	'Juraj',	'Horváth'),
(471,	'1976-01-01',	'Igor',	'Skačan'),
(472,	'1971-01-01',	'Anton',	'Bezek'),
(473,	'1964-01-01',	'Rasťo',	'Fotta'),
(474,	'1972-01-01',	'Miloš',	'Popovič'),
(475,	'1983-01-01',	'Martin',	'Straka'),
(476,	'1967-01-01',	'Ján',	'Polončák'),
(477,	'1995-01-01',	'Boris',	'Kimák'),
(478,	'1974-01-01',	'Marcel',	'Senderák'),
(479,	'1982-01-01',	'Martin',	'Štieber'),
(480,	'1976-01-01',	'Kamil',	'Puchír'),
(481,	'1977-01-01',	'Daniel',	'Sýkora'),
(482,	'1962-01-01',	'Ladislav',	'Dulovič'),
(483,	'1990-01-01',	'Tibor',	'Sahajda'),
(484,	'1992-01-01',	'Vladimír',	'Šperling'),
(485,	'1991-01-01',	'Matej',	'Klešč'),
(486,	'1984-01-01',	'Tomáš',	'Tomčík'),
(487,	'1979-01-01',	'Jozef',	'Tomčík'),
(488,	'1966-01-01',	'Miroslav',	'Sabo'),
(489,	'1982-01-01',	'Róbert',	'Boros'),
(490,	'1980-01-01',	'Andrej',	'Gedeón'),
(491,	'1980-01-01',	'Martin',	'Guman'),
(492,	'1974-01-01',	'Michal',	'Harach'),
(493,	'1974-01-01',	'Boris',	'Peško'),
(494,	'1954-01-01',	'Miro',	'Greško'),
(495,	'1958-01-01',	'Jaro',	'Baláž'),
(496,	'1979-01-01',	'Gabriel',	'Mitnik'),
(497,	'1983-01-01',	'Jan',	'Mitnik'),
(498,	'1961-01-01',	'Mioš',	'Jakab'),
(499,	'1983-01-01',	'Tomáš',	'Tatranský'),
(500,	'1977-01-01',	'Štefan',	'Kmiť'),
(501,	'1969-01-01',	'Jozef',	'Kimák'),
(502,	'1987-01-01',	'Marián',	'Verbenik'),
(503,	'1950-01-01',	'Josef',	'Mikula'),
(504,	'1981-01-01',	'Ján',	'Kačmár'),
(505,	'1979-01-01',	'Jan',	'Kozar'),
(506,	'1964-01-01',	'Peter',	'Sláma'),
(507,	'1972-01-01',	'Jana',	'Slámová'),
(508,	'1997-01-01',	'Matuš',	'Kaintz'),
(509,	'1966-01-01',	'Stefan',	'Skarla'),
(510,	'1989-01-01',	'Martina',	'Dorčáková'),
(511,	'1985-01-01',	'Gabriela',	'Kahler'),
(512,	'1977-01-01',	'Jana',	'Mušinská'),
(513,	'1972-01-01',	'Miroslav',	'Kavuľa'),
(514,	'1991-01-01',	'Ákos',	'Eördögh'),
(515,	'1982-01-01',	'Tamara',	'Tinta'),
(516,	'1972-01-01',	'Dušan',	'Tokarčík'),
(517,	'1968-01-01',	'Milan',	'Roudnický'),
(518,	'1981-01-01',	'Katarína',	'Gerényiová'),
(519,	'1976-01-01',	'Martin',	'Molčan'),
(520,	'1986-01-01',	'Veronika',	'Svobodová'),
(521,	'1965-01-01',	'Milan',	'Cajkovič'),
(522,	'1986-01-01',	'Ľuboš',	'Chmatil'),
(523,	'1974-01-01',	'Ján',	'Tužičin'),
(524,	'1974-01-01',	'Tibor',	'Spišak'),
(525,	'1965-01-01',	'Miroslav',	'Hasal'),
(526,	'1985-01-01',	'Marin',	'Perháč'),
(527,	'1969-01-01',	'Peter',	'Horňák'),
(528,	'1960-01-01',	'Eva',	'Kissova'),
(529,	'1978-01-01',	'Alexander',	'Kovaľ'),
(530,	'1984-01-01',	'Martin',	'Bažo'),
(531,	'1985-01-01',	'Martina',	'Giňovská'),
(532,	'1969-01-01',	'Vladimír',	'Lipták'),
(533,	'1970-01-01',	'Marcel',	'Bodnar'),
(534,	'1970-01-01',	'Zuzana',	'Zábojová'),
(535,	'1992-01-01',	'Nikola',	'Šipošová'),
(536,	'1986-01-01',	'Vlastimil',	'Petro'),
(537,	'1975-01-01',	'Marcela',	'Živčáková'),
(538,	'1981-01-01',	'Daniela',	'Bakšiová'),
(539,	'1980-01-01',	'Martin',	'Miga'),
(540,	'1955-01-01',	'Milan',	'Kulla'),
(541,	'1979-01-01',	'Ján',	'Timár'),
(542,	'1974-01-01',	'Beata',	'Hromňáková'),
(543,	'1988-01-01',	'Ladislav',	'Halász'),
(544,	'1966-01-01',	'Radek',	'Šály'),
(545,	'1967-01-01',	'Mikuláš',	'Varga'),
(546,	'1970-01-01',	'Ivan',	'Máčaj'),
(547,	'1985-01-01',	'Tamás',	'Elek'),
(548,	'1974-01-01',	'Dušan',	'Goliaš'),
(549,	'1983-01-01',	'Lukáš',	'Horák'),
(550,	'1996-01-01',	'Kristína mária',	'Lengyelová'),
(551,	'1972-01-01',	'Jozef',	'Varga'),
(552,	'1975-01-01',	'Slavomír',	'Albrecht'),
(553,	'1973-01-01',	'Peter',	'Felong'),
(554,	'1982-01-01',	'Peter',	'Sabol'),
(555,	'1987-01-01',	'Miroslav',	'Fazekaš'),
(556,	'1985-01-01',	'Samuel',	'Kačmarik'),
(557,	'1989-01-01',	'Štefan',	'Perháč'),
(558,	'1985-01-01',	'Martin',	'Perháč'),
(559,	'1981-01-01',	'Ľubomír',	'Čopjan'),
(560,	'1992-01-01',	'Marek',	'Fecík'),
(561,	'1959-01-01',	'Jozef',	'Kakaščík'),
(562,	'1977-01-01',	'Peter',	'Kohút'),
(563,	'1969-01-01',	'Jozef',	'Grega'),
(564,	'1978-01-01',	'Viktor',	'Kecer'),
(565,	'1977-01-01',	'Stanislav',	'Horváth'),
(566,	'1974-01-01',	'Dávid',	'Gore'),
(567,	'1991-01-01',	'Rastislav',	'Štenda'),
(568,	'1987-01-01',	'Jozef',	'Štenda'),
(569,	'1974-01-01',	'Stanislav',	'Kubik'),
(570,	'1947-01-01',	'Michal',	'Krivák'),
(571,	'1947-01-01',	'Peter',	'Pribičko'),
(572,	'1987-01-01',	'Aldona',	'Sepeši'),
(573,	'1983-01-01',	'Peter',	'Sepeši'),
(574,	'1968-01-01',	'Magdalena',	'Koniarova'),
(575,	'1905-01-01',	'Ján',	'Maňák'),
(576,	'1976-01-01',	'Olesia',	'Poliakova'),
(577,	'1980-01-01',	'Matúš',	'Maroš'),
(578,	'1979-01-01',	'Lucia',	'Marošová'),
(579,	'1978-01-01',	'Pavol',	'Tóth'),
(580,	'1979-01-01',	'Maros',	'Holub'),
(581,	'1981-01-01',	'Lucia',	'Dančišinová'),
(582,	'2000-01-01',	'Tatiana  ',	'Bukovinská'),
(583,	'2000-01-01',	'Jana',	'Fottová'),
(584,	'1978-01-01',	'Jozef',	'Zamora'),
(585,	'1991-01-01',	'Ján',	'Cupák'),
(586,	'1983-01-01',	'Radoslav',	'Mikloš'),
(587,	'1976-01-01',	'Rastik',	'Ignácz'),
(588,	'1968-01-01',	'Ivan',	'Michalička'),
(589,	'1959-01-01',	'Marián',	'Tkáč'),
(590,	'1983-01-01',	'Dusan',	'Drabik');

DROP TABLE IF EXISTS `user`;
CREATE TABLE `user` (
  `id` bigint(20) NOT NULL,
  `age` int(11) NOT NULL,
  `first_name` varchar(255) DEFAULT NULL,
  `last_name` varchar(255) DEFAULT NULL,
  `password` varchar(255) NOT NULL,
  `username` varchar(255) NOT NULL,
  PRIMARY KEY (`id`)
) ENGINE=MyISAM DEFAULT CHARSET=latin1;


DROP TABLE IF EXISTS `user_role`;
CREATE TABLE `user_role` (
  `user_id` bigint(20) NOT NULL,
  `role_id` bigint(20) NOT NULL,
  PRIMARY KEY (`user_id`,`role_id`),
  KEY `FKa68196081fvovjhkek5m97n3y` (`role_id`)
) ENGINE=MyISAM DEFAULT CHARSET=latin1;


-- 2019-05-20 21:56:20
